IE_CODE;IE_NAME;IP_PROP39;IP_PROP4;IE_PREVIEW_TEXT_TYPE;IE_PREVIEW_PICTURE;IE_PREVIEW_TEXT;IE_DETAIL_TEXT_TYPE;IE_DETAIL_PICTURE;IE_DETAIL_TEXT;IE_SORT;IP_PROP24;IP_PROP41;IP_PROP14;IP_PROP49;IP_PROP50;IP_PROP25;IP_PROP45;IP_PROP12;IC_GROUP0;IC_GROUP1;IC_GROUP2;;;;;;
;арт. B13510 Клипса для крепления изоляции d 38 мм под гвоздь 3 мм;0b9cb9c6-8bea-11eb-8008-001e6754e0a5;861673;html;klipca3.png;;html;klipca3.png;;850;;Клипса;Нержавеющая сталь;3;38;;1000 шт;Нет;Крепеж;Приварной крепёж;Гвозди изоляционные;;;;;;
;201936 CL-4-40-SS Клипса/шайба из нержавеющей стали d 38 мм для изоляционного гвоздя d 4,0 мм, 4 разреза;7c507679-11e5-11ea-801d-001e6754e0a5;201936;html;klipca3.png;;html;klipca3.png;;850;;Клипса;Нержавеющая сталь;4;38;;1000 шт;Нет;Крепеж;Приварной крепёж;Гвозди изоляционные;;;;;;
;231242 SP2-TC-42 Гвоздь изоляционный стальной омедненный d 2,0 мм, длиной 42 мм;c628fb59-c297-44fd-846d-03ff07d26cc5;231242 / 234042;html;gvozd_cd-om.png;;html;gvozd_cd-om.png;;850;Конденсаторная сварка крепежа CD;Гвоздь изоляционный;Омедненная сталь;2;;42;1000 шт;Нет;Крепеж;Приварной крепёж;Гвозди изоляционные;;;;;;
;235340 Гвоздь изоляционный стальной омедненный d 3,0 мм, длиной 140 мм;3cb11aee-0959-11e3-86a6-001e6754e0a7;235340;html;gvozd_cd-om.png;;html;gvozd_cd-om.png;;850;Конденсаторная сварка крепежа CD;Гвоздь изоляционный;Омедненная сталь;3;;140;1000 шт;Нет;Крепеж;Приварной крепёж;Гвозди изоляционные;;;;;;
;SP2-ER-120 Гвоздь изоляционный стальной омедненный d 2,0 мм, длиной 120 мм;c05fd341-4ef8-11e9-86df-001e6754e0a5;SP2-ER-120;html;gvozd_cd-om.png;;html;gvozd_cd-om.png;;850;Конденсаторная сварка крепежа CD;Гвоздь изоляционный;Омедненная сталь;2;;120;1000 шт;Нет;Крепеж;Приварной крепёж;Гвозди изоляционные;;;;;;
;SP2-ER-130 Гвоздь изоляционный стальной омедненный d 2,0 мм, длиной 130 мм;94a88d36-4ef9-11e9-86df-001e6754e0a5;SP2-ER-130;html;gvozd_cd-om.png;;html;gvozd_cd-om.png;;850;Конденсаторная сварка крепежа CD;Гвоздь изоляционный;Омедненная сталь;2;;130;1000 шт;Нет;Крепеж;Приварной крепёж;Гвозди изоляционные;;;;;;
;SP2-ER-150 Гвоздь изоляционный стальной омедненный d 2,0 мм, длиной 150 мм;d151a507-4ef9-11e9-86df-001e6754e0a5;SP2-ER-150;html;gvozd_cd-om.png;;html;gvozd_cd-om.png;;850;Конденсаторная сварка крепежа CD;Гвоздь изоляционный;Омедненная сталь;2;;150;1000 шт;Нет;Крепеж;Приварной крепёж;Гвозди изоляционные;;;;;;
;GSP-SS-114B Гвоздь с перфорированным оцинкованным основанием, гвоздь нержавеющая сталь в комплекте с клипсой нержавеющая сталь d30 мм;3ec0927e-599e-11e9-86df-001e6754e0a5;277145;html;gvozd_iso_s.png;;html;gvozd_iso_s.png;;850;Конденсаторная сварка крепежа CD;Гвоздь изоляционный;Нержавеющая сталь;;30;114;1000 шт;Нет;Крепеж;Приварной крепёж;Гвозди изоляционные;;;;;;
;CAP-27-SS Купольная клипса нержавеющая сталь;86880cd2-59a0-11e9-86df-001e6754e0a5;201727;html;klipca3.png;;html;klipca3.png;;850;;Клипса;Омедненная сталь;;;;1000 шт;Нет;Крепеж;Приварной крепёж;Гвозди изоляционные;;;;;;
;242345 Гвоздь d 2,7 мм, длиной 145 мм неизолированный чашеобразный со шляпкой d 30 мм (материал гвоздя сталь омедненная, материал шляпки сталь оцинкованная) CDF3-145 CUP;b5d66515-442d-11e6-879c-001e6754e0a4;242345;html;gvozd_neiso.png;;html;gvozd_neiso.png;;850;Конденсаторная сварка крепежа CD;Гвоздь изоляционный чашеобразный;Омедненная сталь;2,7;30;145;1000 шт;Нет;Крепеж;Приварной крепёж;Гвозди изоляционные;;;;;;
;242352 Гвоздь d 2,7 мм, длиной 152 мм неизолированный чашеобразный со шляпкой d 30 мм (материал гвоздя сталь омедненная, материал шляпки сталь оцинкованная) CDF3-152 CUP;db229505-442d-11e6-879c-001e6754e0a4;242352;html;gvozd_neiso.png;;html;gvozd_neiso.png;;850;Конденсаторная сварка крепежа CD;Гвоздь изоляционный чашеобразный;Омедненная сталь;2,7;30;152;1000 шт;Нет;Крепеж;Приварной крепёж;Гвозди изоляционные;;;;;;
;231232 Гвоздь изоляционный стальной омедненный d 2,0 мм, длиной 32 мм, SP2-TC-32;516ba5d0-9568-4226-87d5-9b3823e2f3c0;231232;html;gvozd_cd-om.png;;html;gvozd_cd-om.png;;850;Конденсаторная сварка крепежа CD;Гвоздь изоляционный;Омедненная сталь;2;;32;1000 шт;Нет;Крепеж;Приварной крепёж;Гвозди изоляционные;;;;;;
;235280 SP3-ER-80 / M Гвоздь изоляционный стальной омедненный d 3,0 мм, длиной 80 мм;4f9fc8bc-1912-11e3-88fa-001e6754e0a7;235280;html;gvozd_cd-om.png;;html;gvozd_cd-om.png;;850;Конденсаторная сварка крепежа CD;Гвоздь изоляционный;Омедненная сталь;3;;80;1000 шт;Нет;Крепеж;Приварной крепёж;Гвозди изоляционные;;;;;;
;SP3-ER-105 / M Гвоздь изоляционный стальной омедненный d 3,0 мм, длиной 105 мм;656e364c-1912-11e3-88fa-001e6754e0a7;235305;html;gvozd_cd-om.png;;html;gvozd_cd-om.png;;850;Конденсаторная сварка крепежа CD;Гвоздь изоляционный;Омедненная сталь;3;;105;1000 шт;Нет;Крепеж;Приварной крепёж;Гвозди изоляционные;;;;;;
;235310 SP3-ER-110 / M Гвоздь изоляционный стальной омедненный d 3,0 мм, длиной 110 мм;77a7963c-1912-11e3-88fa-001e6754e0a7;235310;html;gvozd_cd-om.png;;html;gvozd_cd-om.png;;850;Конденсаторная сварка крепежа CD;Гвоздь изоляционный;Омедненная сталь;3;;110;1000 шт;Нет;Крепеж;Приварной крепёж;Гвозди изоляционные;;;;;;
;235320 SP3-ER-120 / M Гвоздь изоляционный стальной омедненный d 3,0 мм, длиной 120 мм;832ad26c-1912-11e3-88fa-001e6754e0a7;235320;html;gvozd_cd-om.png;;html;gvozd_cd-om.png;;850;Конденсаторная сварка крепежа CD;Гвоздь изоляционный;Омедненная сталь;3;;120;1000 шт;Нет;Крепеж;Приварной крепёж;Гвозди изоляционные;;;;;;
;235370 Гвоздь изоляционный стальной омедненный d 3,0 мм, длиной 170 мм;f38cd236-99c7-11e5-8a9a-001e6754e0a4;235370;html;gvozd_cd-om.png;;html;gvozd_cd-om.png;;850;Конденсаторная сварка крепежа CD;Гвоздь изоляционный;Омедненная сталь;3;;170;1000 шт;Нет;Крепеж;Приварной крепёж;Гвозди изоляционные;;;;;;
;231225 Гвоздь изоляционный стальной омедненный d 2,0 мм, длиной 25 мм, SP2-TC-25;cfd3e6ea-b5d3-40af-8a9a-87e501733192;231225;html;gvozd_cd-om.png;;html;gvozd_cd-om.png;;850;Конденсаторная сварка крепежа CD;Гвоздь изоляционный;Омедненная сталь;2;;25;1000 шт;Нет;Крепеж;Приварной крепёж;Гвозди изоляционные;;;;;;
;235275 Гвоздь изоляционный стальной омедненный d 3,0 мм, длиной 75 мм;740452c6-c46e-11e3-8b66-001e6754e0a7;235275;html;gvozd_cd-om.png;;html;gvozd_cd-om.png;;850;Конденсаторная сварка крепежа CD;Гвоздь изоляционный;Омедненная сталь;3;;75;10000 шт;Нет;Крепеж;Приварной крепёж;Гвозди изоляционные;;;;;;
;235130 SP2-ER-130 Гвоздь изоляционный стальной омедненный d 2,0 мм, длиной 130 мм;da8d328c-3b58-11e9-8c98-001e6754e0a5;235130;html;gvozd_cd-om.png;;html;gvozd_cd-om.png;;850;Конденсаторная сварка крепежа CD;Гвоздь изоляционный;Омедненная сталь;2;;130;1000 шт;Нет;Крепеж;Приварной крепёж;Гвозди изоляционные;;;;;;
;235160 SP2-ER-160 Гвоздь изоляционный стальной омедненный d 2,0 мм, длиной 160 мм;0e6c75d6-44af-11e9-8c98-001e6754e0a5;235160;html;gvozd_cd-om.png;;html;gvozd_cd-om.png;;850;Конденсаторная сварка крепежа CD;Гвоздь изоляционный;Омедненная сталь;2;;160;1000 шт;Нет;Крепеж;Приварной крепёж;Гвозди изоляционные;;;;;;
;235040* SP2-ER-40* Гвоздь изоляционный стальной нержавеющий d 2,0 мм, длиной 40 мм;b89c6d1f-aa91-11ec-8e43-001e6754e0a5;235040* SS304 CD;html;gvozd_cd-st.png;;html;gvozd_cd-st.png;;850;Конденсаторная сварка крепежа CD;Гвоздь изоляционный;Нержавеющая сталь;2;;40;1000 шт;Нет;Крепеж;Приварной крепёж;Гвозди изоляционные;;;;;;
;235425 SP3-ER-225 / M Гвоздь изоляционный стальной омедненный d 3,0 мм, длиной 225 мм;172ed0fc-46a0-11ec-8fdd-001e6754e0a5;235425;html;gvozd_cd-om.png;;html;gvozd_cd-om.png;;850;Конденсаторная сварка крепежа CD;Гвоздь изоляционный;Омедненная сталь;3;;225;1000 шт;Нет;Крепеж;Приварной крепёж;Гвозди изоляционные;;;;;;
;235500 SP3-ER-300 / M Гвоздь изоляционный стальной омедненный d 3,0 мм, длиной 300 мм;db298606-46a0-11ec-8fdd-001e6754e0a5;235500;html;gvozd_cd-om.png;;html;gvozd_cd-om.png;;850;Конденсаторная сварка крепежа CD;Гвоздь изоляционный;Омедненная сталь;3;;300;1000 шт;Нет;Крепеж;Приварной крепёж;Гвозди изоляционные;;;;;;
;235050 SP2-ER-50 Гвоздь изоляционный стальной омедненный d 2,0 мм, длиной 50 мм;0bcff553-25d7-11e7-9174-001e6754e0a4;235050*;html;gvozd_cd-om.png;;html;gvozd_cd-om.png;;850;Конденсаторная сварка крепежа CD;Гвоздь изоляционный;Омедненная сталь;2;;50;1000 шт;Нет;Крепеж;Приварной крепёж;Гвозди изоляционные;;;;;;
;242290* Гвоздь d 2,7 мм, длиной 90 мм неизолированный чашеобразный со шляпкой d 30 мм (материал гвоздя сталь омедненная, материал шляпки сталь оцинкованная) CDF3-90* CUP;582c6bcd-b5bc-11e4-9599-001e6754e0a4;242290*;html;gvozd_neiso.png;;html;gvozd_neiso.png;;850;Конденсаторная сварка крепежа CD;Гвоздь изоляционный чашеобразный;Омедненная сталь;2,7;30;90;100 шт;Нет;Крепеж;Приварной крепёж;Гвозди изоляционные;;;;;;
;Гвоздь изоляционный стальной омедненный d 3,0 мм, длиной 225 мм;ca333807-3ad6-11e7-963a-001e6754e0a4;SP3-ER-225;html;gvozd_cd-om.png;;html;gvozd_cd-om.png;;850;Конденсаторная сварка крепежа CD;Гвоздь изоляционный;Омедненная сталь;3;;225;100 шт;Нет;Крепеж;Приварной крепёж;Гвозди изоляционные;;;;;;
;SP3-ER-165 SS Гвоздь изоляционный сталь d 3,0 мм, длиной 165 мм;989dbcc1-2a5e-11ec-97aa-001e6754e0a5;SP3-ER-165 SS;html;gvozd_cd-st.png;;html;gvozd_cd-st.png;;850;Конденсаторная сварка крепежа CD;Гвоздь изоляционный;Нержавеющая сталь;3;;165;100 шт;Нет;Крепеж;Приварной крепёж;Гвозди изоляционные;;;;;;
;SP3-ER-65 SS Гвоздь изоляционный нержавеющая сталь d 3,0 мм, длиной 65 мм;df8e6f7a-2a5f-11ec-97aa-001e6754e0a5;SP3-ER-65 SS;html;gvozd_cd-st.png;;html;gvozd_cd-st.png;;850;Конденсаторная сварка крепежа CD;Гвоздь изоляционный;Нержавеющая сталь;3;;65;1000 шт;Нет;Крепеж;Приварной крепёж;Гвозди изоляционные;;;;;;
;235470 Гвоздь изоляционный стальной омедненный d 3,0 мм, длиной 270 мм;6b7f5298-e49a-11eb-97b2-001e6754e0a5;235470;html;gvozd_cd-om.png;;html;gvozd_cd-om.png;;850;Конденсаторная сварка крепежа CD;Гвоздь изоляционный;Омедненная сталь;3;;270;1000 шт;Нет;Крепеж;Приварной крепёж;Гвозди изоляционные;;;;;;
;2423220 CDF3-220 CUP Гвоздь 2,7 х 220 мм неизолированный чашеобразный;cba1f01e-8d98-11ec-9a0d-001e6754e0a5;2423220;html;gvozd_neiso.png;;html;gvozd_neiso.png;;850;Конденсаторная сварка крепежа CD;Гвоздь изоляционный чашеобразный;Омедненная сталь;2,7;30;220;шт;Нет;Крепеж;Приварной крепёж;Гвозди изоляционные;;;;;;
;235385 SP3-ER-185 / M Гвоздь изоляционный стальной омедненный d 3,0 мм, длиной 185 мм;8daf5539-8540-11ea-9a7e-001e6754e0a5;235385;html;gvozd_cd-om.png;;html;gvozd_cd-om.png;;850;Конденсаторная сварка крепежа CD;Гвоздь изоляционный;Омедненная сталь;3;;185;1000 шт;Нет;Крепеж;Приварной крепёж;Гвозди изоляционные;;;;;;
;235390 SP3-ER-190 / M Гвоздь изоляционный стальной омедненный d 3,0 мм, длиной 190 мм;ba096d22-8540-11ea-9a7e-001e6754e0a5;235390;html;gvozd_cd-om.png;;html;gvozd_cd-om.png;;850;Конденсаторная сварка крепежа CD;Гвоздь изоляционный;Омедненная сталь;3;;190;1000 шт;Нет;Крепеж;Приварной крепёж;Гвозди изоляционные;;;;;;
;235410 Гвоздь изоляционный стальной омедненный d 3,0 мм, длиной 210 мм;da42dc6d-8540-11ea-9a7e-001e6754e0a5;235410;html;gvozd_cd-om.png;;html;gvozd_cd-om.png;;850;Конденсаторная сварка крепежа CD;Гвоздь изоляционный;Омедненная сталь;3;;210;1000 шт;Нет;Крепеж;Приварной крепёж;Гвозди изоляционные;;;;;;
;235020 SP2-ER-20 Гвоздь изоляционный стальной омедненный d 2,0 мм, длиной 20 мм;f64b39c5-be71-11e5-9b6d-001e6754e0a4;235020;html;gvozd_cd-om.png;;html;gvozd_cd-om.png;;850;Конденсаторная сварка крепежа CD;Гвоздь изоляционный;Омедненная сталь;2;;20;1000 шт;Нет;Крепеж;Приварной крепёж;Гвозди изоляционные;;;;;;
;235025 SP2-ER-25 Гвоздь изоляционный стальной омедненный d 2,0 мм, длиной 25 мм;cb11f085-be73-11e5-9b6d-001e6754e0a4;235025;html;gvozd_cd-om.png;;html;gvozd_cd-om.png;;850;Конденсаторная сварка крепежа CD;Гвоздь изоляционный;Омедненная сталь;2;;25;1000 шт;Нет;Крепеж;Приварной крепёж;Гвозди изоляционные;;;;;;
;235030 SP2-ER-30 Гвоздь изоляционный стальной омедненный d 2,0 мм, длиной 30 мм;dea8bd95-be73-11e5-9b6d-001e6754e0a4;235030;html;gvozd_cd-om.png;;html;gvozd_cd-om.png;;850;Конденсаторная сварка крепежа CD;Гвоздь изоляционный;Омедненная сталь;2;;30;1000 шт;Нет;Крепеж;Приварной крепёж;Гвозди изоляционные;;;;;;
;235035 SP2-ER-35 Гвоздь изоляционный стальной омедненный d 2,0 мм, длиной 35 мм;f215bb85-be73-11e5-9b6d-001e6754e0a4;235035;html;gvozd_cd-om.png;;html;gvozd_cd-om.png;;850;Конденсаторная сварка крепежа CD;Гвоздь изоляционный;Омедненная сталь;2;;35;1000 шт;Нет;Крепеж;Приварной крепёж;Гвозди изоляционные;;;;;;
;235040 SP2-ER-40 Гвоздь изоляционный стальной омедненный d 2,0 мм, длиной 40 мм;04fe9555-be74-11e5-9b6d-001e6754e0a4;235040;html;gvozd_cd-om.png;;html;gvozd_cd-om.png;;850;Конденсаторная сварка крепежа CD;Гвоздь изоляционный;Омедненная сталь;2;;40;1000 шт;Нет;Крепеж;Приварной крепёж;Гвозди изоляционные;;;;;;
;235045 SP2-ER-45 Гвоздь изоляционный стальной омедненный d 2,0 мм, длиной 45 мм;16b0c3e5-be74-11e5-9b6d-001e6754e0a4;235045;html;gvozd_cd-om.png;;html;gvozd_cd-om.png;;850;Конденсаторная сварка крепежа CD;Гвоздь изоляционный;Омедненная сталь;2;;45;1000 шт;Нет;Крепеж;Приварной крепёж;Гвозди изоляционные;;;;;;
;235050 SP2-ER-50 Гвоздь изоляционный стальной омедненный d 2,0 мм, длиной 50 мм;29fc0905-be74-11e5-9b6d-001e6754e0a4;235050;html;gvozd_cd-om.png;;html;gvozd_cd-om.png;;850;Конденсаторная сварка крепежа CD;Гвоздь изоляционный;Омедненная сталь;2;;50;1000 шт;Нет;Крепеж;Приварной крепёж;Гвозди изоляционные;;;;;;
;235055 SP2-ER-55 Гвоздь изоляционный стальной омедненный d 2,0 мм, длиной 55 мм;3cb67fd5-be74-11e5-9b6d-001e6754e0a4;235055;html;gvozd_cd-om.png;;html;gvozd_cd-om.png;;850;Конденсаторная сварка крепежа CD;Гвоздь изоляционный;Омедненная сталь;2;;55;1000 шт;Нет;Крепеж;Приварной крепёж;Гвозди изоляционные;;;;;;
;235060 SP2-ER-60 Гвоздь изоляционный стальной омедненный d 2,0 мм, длиной 60 мм;4ea06035-be74-11e5-9b6d-001e6754e0a4;235060;html;gvozd_cd-om.png;;html;gvozd_cd-om.png;;850;Конденсаторная сварка крепежа CD;Гвоздь изоляционный;Омедненная сталь;2;;60;1000 шт;Нет;Крепеж;Приварной крепёж;Гвозди изоляционные;;;;;;
;235065 SP2-ER-65 Гвоздь изоляционный стальной омедненный d 2,0 мм, длиной 65 мм;6225c825-be74-11e5-9b6d-001e6754e0a4;235065;html;gvozd_cd-om.png;;html;gvozd_cd-om.png;;850;Конденсаторная сварка крепежа CD;Гвоздь изоляционный;Омедненная сталь;2;;65;1000 шт;Нет;Крепеж;Приварной крепёж;Гвозди изоляционные;;;;;;
;235070 SP2-ER-70 Гвоздь изоляционный стальной омедненный d 2,0 мм, длиной 70 мм;7504b6e5-be74-11e5-9b6d-001e6754e0a4;235070;html;gvozd_cd-om.png;;html;gvozd_cd-om.png;;850;Конденсаторная сварка крепежа CD;Гвоздь изоляционный;Омедненная сталь;2;;70;1000 шт;Нет;Крепеж;Приварной крепёж;Гвозди изоляционные;;;;;;
;235075 SP2-ER-75 Гвоздь изоляционный стальной омедненный d 2,0 мм, длиной 75 мм;894f1c86-be74-11e5-9b6d-001e6754e0a4;235075;html;gvozd_cd-om.png;;html;gvozd_cd-om.png;;850;Конденсаторная сварка крепежа CD;Гвоздь изоляционный;Омедненная сталь;2;;75;1000 шт;Нет;Крепеж;Приварной крепёж;Гвозди изоляционные;;;;;;
;235080 SP2-ER-80 Гвоздь изоляционный стальной омедненный d 2,0 мм, длиной 80 мм;9dd74e75-be74-11e5-9b6d-001e6754e0a4;235080;html;gvozd_cd-om.png;;html;gvozd_cd-om.png;;850;Конденсаторная сварка крепежа CD;Гвоздь изоляционный;Омедненная сталь;2;;80;1000 шт;Нет;Крепеж;Приварной крепёж;Гвозди изоляционные;;;;;;
;235085 SP2-ER-85 Гвоздь изоляционный стальной омедненный d 2,0 мм, длиной 85 мм;b693db45-be74-11e5-9b6d-001e6754e0a4;235085;html;gvozd_cd-om.png;;html;gvozd_cd-om.png;;850;Конденсаторная сварка крепежа CD;Гвоздь изоляционный;Омедненная сталь;2;;85;1000 шт;Нет;Крепеж;Приварной крепёж;Гвозди изоляционные;;;;;;
;235090 SP2-ER-90 Гвоздь изоляционный стальной омедненный d 2,0 мм, длиной 90 мм;c8f13df5-be74-11e5-9b6d-001e6754e0a4;235090;html;gvozd_cd-om.png;;html;gvozd_cd-om.png;;850;Конденсаторная сварка крепежа CD;Гвоздь изоляционный;Омедненная сталь;2;;90;1000 шт;Нет;Крепеж;Приварной крепёж;Гвозди изоляционные;;;;;;
;235095 SP2-ER-95 Гвоздь изоляционный стальной омедненный d 2,0 мм, длиной 95 мм;d8a21e45-be74-11e5-9b6d-001e6754e0a4;235095;html;gvozd_cd-om.png;;html;gvozd_cd-om.png;;850;Конденсаторная сварка крепежа CD;Гвоздь изоляционный;Омедненная сталь;2;;95;1000 шт;Нет;Крепеж;Приварной крепёж;Гвозди изоляционные;;;;;;
;235100 SP2-ER-100 Гвоздь изоляционный стальной омедненный d 2,0 мм, длиной 100 мм;ea4865f5-be74-11e5-9b6d-001e6754e0a4;235100;html;gvozd_cd-om.png;;html;gvozd_cd-om.png;;850;Конденсаторная сварка крепежа CD;Гвоздь изоляционный;Омедненная сталь;2;;100;1000 шт;Нет;Крепеж;Приварной крепёж;Гвозди изоляционные;;;;;;
;242395 Гвоздь d 2,7 мм, длиной 250 мм неизолированный чашеобразный со шляпкой d 30 мм (материал гвоздя сталь омедненная, материал шляпки сталь оцинкованная) CDF3-250 CUP;6c539b7f-beb5-11e5-9b6d-001e6754e0a4;242395;html;gvozd_neiso.png;;html;gvozd_neiso.png;;850;Конденсаторная сварка крепежа CD;Гвоздь изоляционный чашеобразный;Омедненная сталь;2,7;30;250;1000 шт;Нет;Крепеж;Приварной крепёж;Гвозди изоляционные;;;;;;
;731058 Изоляционный гвоздь с колпачком-зажимом 3Х20 IN-K;bd745108-0430-11e9-9c16-001e6754e0a5;731058;html;gvozd_cd-om.png;;html;gvozd_cd-om.png;;850;Конденсаторная сварка крепежа CD;Гвоздь изоляционный;Омедненная сталь;3;;20;1000 шт;Нет;Крепеж;Приварной крепёж;Гвозди изоляционные;;;;;;
;235360 Гвоздь изоляционный стальной омедненный d 3,0 мм, длиной 160 мм;5bb98999-5570-11e5-9d04-001e6754e0a4;235360;html;gvozd_cd-om.png;;html;gvozd_cd-om.png;;850;Конденсаторная сварка крепежа CD;Гвоздь изоляционный;Омедненная сталь;3;;160;1000 шт;Нет;Крепеж;Приварной крепёж;Гвозди изоляционные;;;;;;
;235355 Гвоздь изоляционный стальной омедненный d 3,0 мм, длиной 155 мм;f555120d-718d-11e5-9d04-001e6754e0a4;235355;html;gvozd_cd-om.png;;html;gvozd_cd-om.png;;850;Конденсаторная сварка крепежа CD;Гвоздь изоляционный;Омедненная сталь;3;;155;1000 шт;Нет;Крепеж;Приварной крепёж;Гвозди изоляционные;;;;;;
;235450 Гвоздь изоляционный стальной омедненный d 3,0 мм, длиной 250 мм;32e9d7a8-77ec-11e5-9d04-001e6754e0a4;235450;html;gvozd_cd-om.png;;html;gvozd_cd-om.png;;850;Конденсаторная сварка крепежа CD;Гвоздь изоляционный;Омедненная сталь;3;;250;шт;Нет;Крепеж;Приварной крепёж;Гвозди изоляционные;;;;;;
;246215 CDF3-ISOL-15 CuW Гвоздь d 2,7 мм, длиной 15 мм изолированный чашеобразный со шляпкой d 30 мм (материал гвоздя сталь омедненная, материал шляпки сталь оцинкованная) ;7c0601f5-7972-11e5-9d04-001e6754e0a4;246215;html;gvozd_isolac_om.jpg;;html;gvozd_isolac_om.jpg;;850;Конденсаторная сварка крепежа CD;Гвоздь изоляционный чашеобразный;Омедненная сталь;2,7;30;15;1000 шт;Нет;Крепеж;Приварной крепёж;Гвозди изоляционные;;;;;;
;246219 CDF3-ISOL-19 CuW Гвоздь d 2,7 мм, длиной 19 мм изолированный чашеобразный со шляпкой d 30 мм (материал гвоздя сталь омедненная, материал шляпки сталь оцинкованная) ;92b72e65-7972-11e5-9d04-001e6754e0a4;246219;html;gvozd_isolac_om.jpg;;html;gvozd_isolac_om.jpg;;850;Конденсаторная сварка крепежа CD;Гвоздь изоляционный чашеобразный;Омедненная сталь;2,7;30;19;1000 шт;Нет;Крепеж;Приварной крепёж;Гвозди изоляционные;;;;;;
;246222 CDF3-ISOL-22 CuW Гвоздь d 2,7 мм, длиной 22 мм изолированный чашеобразный со шляпкой d 30 мм (материал гвоздя сталь омедненная, материал шляпки сталь оцинкованная) ;b1e275b5-7972-11e5-9d04-001e6754e0a4;246222;html;gvozd_isolac_om.jpg;;html;gvozd_isolac_om.jpg;;850;Конденсаторная сварка крепежа CD;Гвоздь изоляционный чашеобразный;Омедненная сталь;2,7;30;22;1000 шт;Нет;Крепеж;Приварной крепёж;Гвозди изоляционные;;;;;;
;246225 CDF3-ISOL-25 CuW Гвоздь d 2,7 мм, длиной 25 мм изолированный чашеобразный со шляпкой d 30 мм (материал гвоздя сталь омедненная, материал шляпки сталь оцинкованная) ;c8bb9c85-7972-11e5-9d04-001e6754e0a4;246225;html;gvozd_isolac_om.jpg;;html;gvozd_isolac_om.jpg;;850;Конденсаторная сварка крепежа CD;Гвоздь изоляционный чашеобразный;Омедненная сталь;2,7;30;25;1000 шт;Нет;Крепеж;Приварной крепёж;Гвозди изоляционные;;;;;;
;246242 CDF3-ISOL-42 CuW Гвоздь d 2,7 мм, длиной 42 мм изолированный чашеобразный со шляпкой d 30 мм (материал гвоздя сталь омедненная, материал шляпки сталь оцинкованная) ;0730fdc5-7973-11e5-9d04-001e6754e0a4;246242;html;gvozd_isolac_om.jpg;;html;gvozd_isolac_om.jpg;;850;Конденсаторная сварка крепежа CD;Гвоздь изоляционный чашеобразный;Омедненная сталь;2,7;30;42;1000 шт;Нет;Крепеж;Приварной крепёж;Гвозди изоляционные;;;;;;
;246248 CDF3-ISOL-48 CuW Гвоздь d 2,7 мм, длиной 48 мм изолированный чашеобразный со шляпкой d 30 мм (материал гвоздя сталь омедненная, материал шляпки сталь оцинкованная);2c690975-7973-11e5-9d04-001e6754e0a4;246248;html;gvozd_isolac_om.jpg;;html;gvozd_isolac_om.jpg;;850;Конденсаторная сварка крепежа CD;Гвоздь изоляционный чашеобразный;Омедненная сталь;2,7;30;48;1000 шт;Нет;Крепеж;Приварной крепёж;Гвозди изоляционные;;;;;;
;246252 CDF3-ISOL-52 CuW Гвоздь d 2,7 мм, длиной 52 мм изолированный чашеобразный со шляпкой d 30 мм (материал гвоздя сталь омедненная, материал шляпки сталь оцинкованная) ;450b3075-7973-11e5-9d04-001e6754e0a4;246252;html;gvozd_isolac_om.jpg;;html;gvozd_isolac_om.jpg;;850;Конденсаторная сварка крепежа CD;Гвоздь изоляционный чашеобразный;Омедненная сталь;2,7;30;52;1000 шт;Нет;Крепеж;Приварной крепёж;Гвозди изоляционные;;;;;;
;246262 CDF3-ISOL-62 CuW Гвоздь d 2,7 мм, длиной 62 мм изолированный чашеобразный со шляпкой d 30 мм (материал гвоздя сталь омедненная, материал шляпки сталь оцинкованная) ;607d1945-7973-11e5-9d04-001e6754e0a4;246262;html;gvozd_isolac_om.jpg;;html;gvozd_isolac_om.jpg;;850;Конденсаторная сварка крепежа CD;Гвоздь изоляционный чашеобразный;Омедненная сталь;2,7;30;62;1000 шт;Нет;Крепеж;Приварной крепёж;Гвозди изоляционные;;;;;;
;246268 CDF3-ISOL-68 CuW Гвоздь d 2,7 мм, длиной 68 мм изолированный чашеобразный со шляпкой d 30 мм (материал гвоздя сталь омедненная, материал шляпки сталь оцинкованная) ;82ee63d5-7973-11e5-9d04-001e6754e0a4;246268;html;gvozd_isolac_om.jpg;;html;gvozd_isolac_om.jpg;;850;Конденсаторная сварка крепежа CD;Гвоздь изоляционный чашеобразный;Омедненная сталь;2,7;30;68;1000 шт;Нет;Крепеж;Приварной крепёж;Гвозди изоляционные;;;;;;
;246272 CDF3-ISOL-72 CuW Гвоздь d 2,7 мм, длиной 72 мм изолированный чашеобразный со шляпкой d 30 мм (материал гвоздя сталь омедненная, материал шляпки сталь оцинкованная) ;a0689fc5-7973-11e5-9d04-001e6754e0a4;246272;html;gvozd_isolac_om.jpg;;html;gvozd_isolac_om.jpg;;850;Конденсаторная сварка крепежа CD;Гвоздь изоляционный чашеобразный;Омедненная сталь;2,7;30;72;1000 шт;Нет;Крепеж;Приварной крепёж;Гвозди изоляционные;;;;;;
;246280 CDF3-ISOL-80 CuW Гвоздь d 2,7 мм, длиной 80 мм изолированный чашеобразный со шляпкой d 30 мм (материал гвоздя сталь омедненная, материал шляпки сталь оцинкованная) ;ba7d4285-7973-11e5-9d04-001e6754e0a4;246280;html;gvozd_isolac_om.jpg;;html;gvozd_isolac_om.jpg;;850;Конденсаторная сварка крепежа CD;Гвоздь изоляционный чашеобразный;Омедненная сталь;2,7;30;80;1000 шт;Нет;Крепеж;Приварной крепёж;Гвозди изоляционные;;;;;;
;246290 CDF3-ISOL-90 CuW Гвоздь d 2,7 мм, длиной 90 мм изолированный чашеобразный со шляпкой d 30 мм (материал гвоздя сталь омедненная, материал шляпки сталь оцинкованная) ;ce04a645-7973-11e5-9d04-001e6754e0a4;246290;html;gvozd_isolac_om.jpg;;html;gvozd_isolac_om.jpg;;850;Конденсаторная сварка крепежа CD;Гвоздь изоляционный чашеобразный;Омедненная сталь;2,7;30;90;1000 шт;Нет;Крепеж;Приварной крепёж;Гвозди изоляционные;;;;;;
;246300 CDF3-ISOL-100 CuW Гвоздь d 2,7 мм, длиной 100 мм изолированный чашеобразный со шляпкой d 30 мм (материал гвоздя сталь омедненная, материал шляпки сталь оцинкованная) ;f22c5365-7973-11e5-9d04-001e6754e0a4;246300;html;gvozd_isolac_om.jpg;;html;gvozd_isolac_om.jpg;;850;Конденсаторная сварка крепежа CD;Гвоздь изоляционный чашеобразный;Омедненная сталь;2,7;30;100;1000 шт;Нет;Крепеж;Приварной крепёж;Гвозди изоляционные;;;;;;
;246228 CDF3-ISOL-28 CuW Гвоздь d 2,7 мм, длиной 28 мм изолированный чашеобразный со шляпкой d 30 мм (материал гвоздя сталь омедненная, материал шляпки сталь оцинкованная) ;81254955-7983-11e5-9d04-001e6754e0a4;246228;html;gvozd_isolac_om.jpg;;html;gvozd_isolac_om.jpg;;850;Конденсаторная сварка крепежа CD;Гвоздь изоляционный чашеобразный;Омедненная сталь;2,7;30;28;1000 шт;Нет;Крепеж;Приварной крепёж;Гвозди изоляционные;;;;;;
;SP3-ER-180 SS Гвоздь изоляционный нержавеющая сталь d 3,0 мм, длиной 180 мм;e44ae2c1-f492-11e9-9d59-001e6754e0a5;SP3-ER-180 SS;html;gvozd_cd-st.png;;html;gvozd_cd-st.png;;850;Конденсаторная сварка крепежа CD;Гвоздь изоляционный;Нержавеющая сталь;3;;180;1000 шт;Нет;Крепеж;Приварной крепёж;Гвозди изоляционные;;;;;;
; CL 3 40-SS Клипса/шайба нержавеющая сталь d 38 мм для изоляционного гвоздя d 3,0 мм, CL 3 - 40-SS, 4 разреза;170bab9b-f494-11e9-9d59-001e6754e0a5;CL 3 40-SS;html;klipca3.png;;html;klipca3.png;;850;;Клипса;Нержавеющая сталь;3;38;;1000 шт;Нет;Крепеж;Приварной крепёж;Гвозди изоляционные;;;;;;
;246232 Гвоздь d 2,7 мм, длиной 32 мм изолированный чашеобразный со шляпкой d 30 мм (материал гвоздя сталь омедненная, материал шляпки сталь оцинкованная) CDF3-ISOL-32 CuW;cb2a1ddc-60e5-11e4-9f92-001e6754e0a4;246232;html;gvozd_isolac_om.jpg;;html;gvozd_isolac_om.jpg;;850;Конденсаторная сварка крепежа CD;Гвоздь изоляционный чашеобразный;Омедненная сталь;2,7;30;32;рул;Нет;Крепеж;Приварной крепёж;Гвозди изоляционные;;;;;;
;246258 Гвоздь d 2,7 мм, длиной 58 мм изолированный чашеобразный со шляпкой d 30 мм (материал гвоздя сталь омедненная, материал шляпки сталь оцинкованная) CDF3-ISOL-58 CuW;764892fc-60e6-11e4-9f92-001e6754e0a4;246258;html;gvozd_isolac_om.jpg;;html;gvozd_isolac_om.jpg;;850;Конденсаторная сварка крепежа CD;Гвоздь изоляционный чашеобразный;Омедненная сталь;2,7;30;58;1000 шт;Нет;Крепеж;Приварной крепёж;Гвозди изоляционные;;;;;;
;246238 Гвоздь d 2,7 мм, длиной 38 мм изолированный чашеобразный со шляпкой d 30 мм (материал гвоздя сталь омедненная, материал шляпки сталь оцинкованная) CDF3-ISOL-38 CuW;98d55f23-9d89-11e4-9f92-001e6754e0a4;246238;html;gvozd_isolac_om.jpg;;html;gvozd_isolac_om.jpg;;850;Конденсаторная сварка крепежа CD;Гвоздь изоляционный чашеобразный;Омедненная сталь;2,7;30;38;шт;Нет;Крепеж;Приварной крепёж;Гвозди изоляционные;;;;;;
;246238* Гвоздь d 2,7 мм, длиной 38 мм изолированный чашеобразный со шляпкой d 30 мм (материал гвоздя сталь омедненная, материал шляпки сталь оцинкованная) CDF3-ISOL-38 CuW;e45aaad4-9fe0-11e4-9f92-001e6754e0a4;246238*;html;gvozd_isolac_om.jpg;;html;gvozd_isolac_om.jpg;;850;Конденсаторная сварка крепежа CD;Гвоздь изоляционный чашеобразный;Омедненная сталь;2,7;30;38;1000 шт;Нет;Крепеж;Приварной крепёж;Гвозди изоляционные;;;;;;
;SP3-ER-110 SS Гвоздь изоляционный нержавеющая сталь d 3,0 мм, длиной 110 мм;72f96778-4267-11ea-a00a-001e6754e0a5;235610;html;gvozd_cd-st.png;;html;gvozd_cd-st.png;;850;Конденсаторная сварка крепежа CD;Гвоздь изоляционный;Нержавеющая сталь;3;;110;рул;Нет;Крепеж;Приварной крепёж;Гвозди изоляционные;;;;;;
;235335 SP3-ER-135 / M Гвоздь изоляционный стальной омедненный d 3,0 мм, длиной 135 мм;40c44dd6-4367-11ea-a00a-001e6754e0a5;235335;html;gvozd_cd-om.png;;html;gvozd_cd-om.png;;850;Конденсаторная сварка крепежа CD;Гвоздь изоляционный;Омедненная сталь;;;;1000 шт;Нет;Крепеж;Приварной крепёж;Гвозди изоляционные;;;;;;
;235365 Гвоздь изоляционный стальной омедненный d 3,0 мм, длиной 165 мм;92fc9b42-4367-11ea-a00a-001e6754e0a5;235365;html;gvozd_cd-om.png;;html;gvozd_cd-om.png;;850;Конденсаторная сварка крепежа CD;Гвоздь изоляционный;Омедненная сталь;;;;1000 шт;Нет;Крепеж;Приварной крепёж;Гвозди изоляционные;;;;;;
;202144* Клипса/шайба d 38 мм для изоляционных гвоздей d 3 мм с пластиковой крышкой, 4 разреза;db623eb9-dec7-11e4-a12f-001e6754e0a4;202144*;html;klipca3.png;;html;klipca3.png;;850;;Клипса;;3;38;;1001 шт;Нет;Крепеж;Приварной крепёж;Гвозди изоляционные;;;;;;
;202141* Клипса/шайба d 38 мм для изоляционных гвоздей диметром 2 мм с пластиковой крышкой, 4 разреза;24f745c7-dec8-11e4-a12f-001e6754e0a4;202141*;html;klipca3.png;;html;klipca3.png;;850;;Клипса;;2;38;;1000 шт;Нет;Крепеж;Приварной крепёж;Гвозди изоляционные;;;;;;
;235220 SP3-ER-20 / M Гвоздь изоляционный стальной омедненный d 3 мм, длиной 20 мм;a9906914-df78-11e4-a12f-001e6754e0a4;235220;html;gvozd_cd-om.png;;html;gvozd_cd-om.png;;850;Конденсаторная сварка крепежа CD;Гвоздь изоляционный;Омедненная сталь;3;;20;1000 шт;Нет;Крепеж;Приварной крепёж;Гвозди изоляционные;;;;;;
;SP3-ER-20 SS Гвоздь изоляционный нержавеющая сталь d 3,0 мм, длиной 20 мм;02882b97-df7f-11e4-a12f-001e6754e0a4;SP3-ER-20 SS;html;gvozd_cd-st.png;;html;gvozd_cd-st.png;;850;Конденсаторная сварка крепежа CD;Гвоздь изоляционный;Нержавеющая сталь;3;;20;1000 шт;Нет;Крепеж;Приварной крепёж;Гвозди изоляционные;;;;;;
;SP3-ER-30 SS Гвоздь изоляционный нержавеющая сталь d 3,0 мм, длиной 30 мм;1a3d3291-df7f-11e4-a12f-001e6754e0a4;SP3-ER-30 SS;html;gvozd_cd-st.png;;html;gvozd_cd-st.png;;850;Конденсаторная сварка крепежа CD;Гвоздь изоляционный;Нержавеющая сталь;3;;30;1000 шт;Нет;Крепеж;Приварной крепёж;Гвозди изоляционные;;;;;;
;235540 SP3-ER-40 SS Гвоздь изоляционный нержавеющая сталь d 3,0 мм, длиной 40 мм;2869a482-df7f-11e4-a12f-001e6754e0a4;235540;html;gvozd_cd-st.png;;html;gvozd_cd-st.png;;850;Конденсаторная сварка крепежа CD;Гвоздь изоляционный;Нержавеющая сталь;3;;40;1000 шт;Нет;Крепеж;Приварной крепёж;Гвозди изоляционные;;;;;;
;235550 SP3-ER-50 SS Гвоздь изоляционный нержавеющая сталь d 3,0 мм, длиной 50 мм;34e945d9-df7f-11e4-a12f-001e6754e0a4;235550;html;gvozd_cd-st.png;;html;gvozd_cd-st.png;;850;Конденсаторная сварка крепежа CD;Гвоздь изоляционный;Нержавеющая сталь;3;;50;1000 шт;Нет;Крепеж;Приварной крепёж;Гвозди изоляционные;;;;;;
;SP3-ER-60 SS Гвоздь изоляционный нержавеющая сталь d 3,0 мм, длиной 60 мм;3facace1-df7f-11e4-a12f-001e6754e0a4;235560;html;gvozd_cd-st.png;;html;gvozd_cd-st.png;;850;Конденсаторная сварка крепежа CD;Гвоздь изоляционный;Нержавеющая сталь;3;;60;1000 шт;Нет;Крепеж;Приварной крепёж;Гвозди изоляционные;;;;;;
;SP3-ER-80 SS Гвоздь изоляционный нержавеющая сталь d 3,0 мм, длиной 80 мм;6f4ce768-df7f-11e4-a12f-001e6754e0a4;SP3-ER-80 SS;html;gvozd_cd-st.png;;html;gvozd_cd-st.png;;850;Конденсаторная сварка крепежа CD;Гвоздь изоляционный;Нержавеющая сталь;3;;80;1000 шт;Нет;Крепеж;Приварной крепёж;Гвозди изоляционные;;;;;;
;SP3-ER-100 SS Гвоздь изоляционный нержавеющая сталь d 3,0 мм, длиной 100 мм;99a7d0c5-df7f-11e4-a12f-001e6754e0a4;235600;html;gvozd_cd-st.png;;html;gvozd_cd-st.png;;850;Конденсаторная сварка крепежа CD;Гвоздь изоляционный;Нержавеющая сталь;3;;100;1000 шт;Нет;Крепеж;Приварной крепёж;Гвозди изоляционные;;;;;;
;SP3-ER-160 SS Гвоздь изоляционный нержавеющая сталь d 3,0 мм, длиной 160 мм;a9db438f-df7f-11e4-a12f-001e6754e0a4;SP3-ER-160 SS;html;gvozd_cd-st.png;;html;gvozd_cd-st.png;;850;Конденсаторная сварка крепежа CD;Гвоздь изоляционный;Нержавеющая сталь;3;;160;1000 шт;Нет;Крепеж;Приварной крепёж;Гвозди изоляционные;;;;;;
;235620 SP3-ER-120 SS Гвоздь изоляционный нержавеющая сталь d 3,0 мм, длиной 120 мм;b60a51d6-df7f-11e4-a12f-001e6754e0a4;235620;html;gvozd_cd-st.png;;html;gvozd_cd-st.png;;850;Конденсаторная сварка крепежа CD;Гвоздь изоляционный;Нержавеющая сталь;3;;120;1000 шт;Нет;Крепеж;Приварной крепёж;Гвозди изоляционные;;;;;;
;SP3-ER-130 SS Гвоздь изоляционный нержавеющая сталь d 3,0 мм, длиной 130 мм;c33ccd01-df7f-11e4-a12f-001e6754e0a4;SP3-ER-130 SS;html;gvozd_cd-st.png;;html;gvozd_cd-st.png;;850;Конденсаторная сварка крепежа CD;Гвоздь изоляционный;Нержавеющая сталь;3;;130;1000 шт;Нет;Крепеж;Приварной крепёж;Гвозди изоляционные;;;;;;
;SP3-ER-140 SS Гвоздь изоляционный нержавеющая сталь d 3,0 мм, длиной 140 мм;d0a378e2-df7f-11e4-a12f-001e6754e0a4;SP3-ER-140 SS;html;gvozd_cd-st.png;;html;gvozd_cd-st.png;;850;Конденсаторная сварка крепежа CD;Гвоздь изоляционный;Нержавеющая сталь;3;;140;1000 шт;Нет;Крепеж;Приварной крепёж;Гвозди изоляционные;;;;;;
;SP3-ER-150 SS Гвоздь изоляционный нержавеющая сталь d 3,0 мм, длиной 150 мм;daa86d0a-df7f-11e4-a12f-001e6754e0a4;SP3-ER-150 SS;html;gvozd_cd-st.png;;html;gvozd_cd-st.png;;850;Конденсаторная сварка крепежа CD;Гвоздь изоляционный;Нержавеющая сталь;3;;150;1000 шт;Нет;Крепеж;Приварной крепёж;Гвозди изоляционные;;;;;;
;SP3-ER-200 SS Гвоздь изоляционный нержавеющая сталь d 3,0 мм, длиной 200 мм;e6596e77-df7f-11e4-a12f-001e6754e0a4;SP3-ER-200 SS;html;gvozd_cd-st.png;;html;gvozd_cd-st.png;;850;Конденсаторная сварка крепежа CD;Гвоздь изоляционный;Нержавеющая сталь;3;;200;1000 шт;Нет;Крепеж;Приварной крепёж;Гвозди изоляционные;;;;;;
;SP3-ER-20 AL Гвоздь изоляционный алюминий AlMg3 d 3,0 мм, длиной 20 мм;2b922ac2-df80-11e4-a12f-001e6754e0a4;SP3-ER-20 AL;html;gvozd_cd-a.png;;html;gvozd_cd-a.png;;850;Конденсаторная сварка крепежа CD;Гвоздь изоляционный;Алюминий;3;;20;1000 шт;Нет;Крепеж;Приварной крепёж;Гвозди изоляционные;;;;;;
;SP3-ER-30 AL Гвоздь изоляционный алюминий AlMg3 d 3,0 мм, длиной 30 мм;39eb7a39-df80-11e4-a12f-001e6754e0a4;SP3-ER-30 AL;html;gvozd_cd-a.png;;html;gvozd_cd-a.png;;850;Конденсаторная сварка крепежа CD;Гвоздь изоляционный;Алюминий;3;;30;1000 шт;Нет;Крепеж;Приварной крепёж;Гвозди изоляционные;;;;;;
;SP3-ER-40 AL Гвоздь изоляционный алюминий AlMg3 d 3,0 мм, длиной 40 мм;46515157-df80-11e4-a12f-001e6754e0a4;SP3-ER-40 AL;html;gvozd_cd-a.png;;html;gvozd_cd-a.png;;850;Конденсаторная сварка крепежа CD;Гвоздь изоляционный;Алюминий;3;;40;1000 шт;Нет;Крепеж;Приварной крепёж;Гвозди изоляционные;;;;;;
;SP3-ER-50 AL Гвоздь изоляционный алюминий AlMg3 d 3,0 мм, длиной 50 мм;5184e22e-df80-11e4-a12f-001e6754e0a4;235750;html;gvozd_cd-a.png;;html;gvozd_cd-a.png;;850;Конденсаторная сварка крепежа CD;Гвоздь изоляционный;Алюминий;3;;50;1000 шт;Нет;Крепеж;Приварной крепёж;Гвозди изоляционные;;;;;;
;SP3-ER-60 AL Гвоздь изоляционный алюминий AlMg3 d 3,0 мм, длиной 60 мм;5e5f28f7-df80-11e4-a12f-001e6754e0a4;235760;html;gvozd_cd-a.png;;html;gvozd_cd-a.png;;850;Конденсаторная сварка крепежа CD;Гвоздь изоляционный;Алюминий;3;;60;1000 шт;Нет;Крепеж;Приварной крепёж;Гвозди изоляционные;;;;;;
;SP3-ER-70 AL Гвоздь изоляционный алюминий AlMg3 d 3,0 мм, длиной 70 мм;689a49b2-df80-11e4-a12f-001e6754e0a4;SP3-ER-70 AL;html;gvozd_cd-a.png;;html;gvozd_cd-a.png;;850;Конденсаторная сварка крепежа CD;Гвоздь изоляционный;Алюминий;3;;70;1000 шт;Нет;Крепеж;Приварной крепёж;Гвозди изоляционные;;;;;;
;SP3-ER-80 AL Гвоздь изоляционный алюминий AlMg3 d 3,0 мм, длиной 80 мм;805a9b96-df80-11e4-a12f-001e6754e0a4;SP3-ER-80 AL;html;gvozd_cd-a.png;;html;gvozd_cd-a.png;;850;Конденсаторная сварка крепежа CD;Гвоздь изоляционный;Алюминий;3;;80;1000 шт;Нет;Крепеж;Приварной крепёж;Гвозди изоляционные;;;;;;
;SP3-ER-100 AL Гвоздь изоляционный алюминий AlMg3 d 3,0 мм, длиной 100 мм;97864acc-df80-11e4-a12f-001e6754e0a4;SP3-ER-100 AL;html;gvozd_cd-a.png;;html;gvozd_cd-a.png;;850;Конденсаторная сварка крепежа CD;Гвоздь изоляционный;Алюминий;3;;100;1000 шт;Нет;Крепеж;Приварной крепёж;Гвозди изоляционные;;;;;;
;SP3-ER-110 AL Гвоздь изоляционный алюминий AlMg3 d 3,0 мм, длиной 110 мм;b7103838-df80-11e4-a12f-001e6754e0a4;SP3-ER-110 AL;html;gvozd_cd-a.png;;html;gvozd_cd-a.png;;850;Конденсаторная сварка крепежа CD;Гвоздь изоляционный;Алюминий;3;;110;1000 шт;Нет;Крепеж;Приварной крепёж;Гвозди изоляционные;;;;;;
;SP3-ER-120 AL Гвоздь изоляционный алюминий AlMg3 d 3,0 мм, длиной 120 мм;c1ca9e55-df80-11e4-a12f-001e6754e0a4;SP3-ER-120 AL;html;gvozd_cd-a.png;;html;gvozd_cd-a.png;;850;Конденсаторная сварка крепежа CD;Гвоздь изоляционный;Алюминий;3;;120;1000 шт;Нет;Крепеж;Приварной крепёж;Гвозди изоляционные;;;;;;
;SP3-ER-130 AL Гвоздь изоляционный алюминий AlMg3 d 3,0 мм, длиной 130 мм;cd707be9-df80-11e4-a12f-001e6754e0a4;SP3-ER-130 AL;html;gvozd_cd-a.png;;html;gvozd_cd-a.png;;850;Конденсаторная сварка крепежа CD;Гвоздь изоляционный;Алюминий;3;;130;1000 шт;Нет;Крепеж;Приварной крепёж;Гвозди изоляционные;;;;;;
;SP3-ER-140 AL Гвоздь изоляционный алюминий AlMg3 d 3,0 мм, длиной 140 мм;d9a1860d-df80-11e4-a12f-001e6754e0a4;SP3-ER-140 AL;html;gvozd_cd-a.png;;html;gvozd_cd-a.png;;850;Конденсаторная сварка крепежа CD;Гвоздь изоляционный;Алюминий;3;;140;1000 шт;Нет;Крепеж;Приварной крепёж;Гвозди изоляционные;;;;;;
;SP3-ER-150 AL Гвоздь изоляционный алюминий AlMg3 d 3,0 мм, длиной 150 мм;e554d179-df80-11e4-a12f-001e6754e0a4;SP3-ER-150 AL;html;gvozd_cd-a.png;;html;gvozd_cd-a.png;;850;Конденсаторная сварка крепежа CD;Гвоздь изоляционный;Алюминий;3;;150;1000 шт;Нет;Крепеж;Приварной крепёж;Гвозди изоляционные;;;;;;
;SP3-ER-200 AL Гвоздь изоляционный алюминий AlMg3 d 3,0 мм, длиной 200 мм;ef8a73d0-df80-11e4-a12f-001e6754e0a4;SP3-ER-200 AL;html;gvozd_cd-a.png;;html;gvozd_cd-a.png;;850;Конденсаторная сварка крепежа CD;Гвоздь изоляционный;Алюминий;3;;200;1000 шт;Нет;Крепеж;Приварной крепёж;Гвозди изоляционные;;;;;;
;SP3-ER-300 / M Гвоздь изоляционный стальной омедненный d 3,0 мм, длиной 300 мм;67cf681f-f27d-11e5-a42d-001e6754e0a4;SP3-ER-300 / M;html;gvozd_cd-om.png;;html;gvozd_cd-om.png;;850;Конденсаторная сварка крепежа CD;Гвоздь изоляционный;Омедненная сталь;3;;300;шт;Нет;Крепеж;Приварной крепёж;Гвозди изоляционные;;;;;;
;Гвоздь d 2,7 мм, длиной 38 мм изолированный чашеобразный со шляпкой d 30 мм CDF3-SS-PAP-ISOL-38 CUP (материал гвоздя сталь нержавеющая, материал шляпки сталь нержавеющаяя);3fe46fb3-e2e7-11e6-a7f3-001e6754e0a4;CDF3-SS-PAP-ISOL-38mm;html;gvozd_isolac.png;;html;gvozd_isolac.png;;850;Конденсаторная сварка крепежа CD;Гвоздь изоляционный чашеобразный;Нержавеющая сталь;2,7;30;38;шт;Нет;Крепеж;Приварной крепёж;Гвозди изоляционные;;;;;;
;201935 Клипса/шайба сталь нержавеющая, d 38 мм для изоляционного гвоздя d 3,0 мм, CL 3 - 40- SS / B, 4 разреза;29ef5082-ec76-11e6-a7f3-001e6754e0a4;201935;html;klipca3.png;;html;klipca3.png;;850;;Клипса;Нержавеющая сталь;3;38;;1000 шт;Нет;Крепеж;Приварной крепёж;Гвозди изоляционные;;;;;;
;SP3-ER-70 SS Гвоздь изоляционный сталь нержавеющая d 3,0 мм, длиной 70 мм;78959b56-45d4-11e3-aa0b-001e6754e0a7;SP3-ER-70 SS;html;gvozd_cd-st.png;;html;gvozd_cd-st.png;;850;Конденсаторная сварка крепежа CD;Гвоздь изоляционный;Нержавеющая сталь;3;;70;1000 шт;Нет;Крепеж;Приварной крепёж;Гвозди изоляционные;;;;;;
;SP3-ER-90 SS Гвоздь изоляционный сталь нержавеющая d 3,0 мм, длиной 90 мм;8f174a92-45d4-11e3-aa0b-001e6754e0a7;SP3-ER-90 SS;html;gvozd_cd-st.png;;html;gvozd_cd-st.png;;850;Конденсаторная сварка крепежа CD;Гвоздь изоляционный;Нержавеющая сталь;3;;90;1000 шт;Нет;Крепеж;Приварной крепёж;Гвозди изоляционные;;;;;;
;235330 SP3-ER-130 / M Гвоздь изоляционный стальной омедненный d 3,0 мм, длиной 130 мм;15827d4c-574f-11e3-aa0b-001e6754e0a7;235330;html;gvozd_cd-om.png;;html;gvozd_cd-om.png;;850;Конденсаторная сварка крепежа CD;Гвоздь изоляционный;Омедненная сталь;3;;130;1000 шт;Нет;Крепеж;Приварной крепёж;Гвозди изоляционные;;;;;;
;235400 Гвоздь изоляционный стальной омедненный d 3,0 мм, длиной 200 мм;89ef6745-63d6-11e3-aa0b-001e6754e0a7;235400;html;gvozd_cd-om.png;;html;gvozd_cd-om.png;;850;Конденсаторная сварка крепежа CD;Гвоздь изоляционный;Омедненная сталь;3;;200;1000 шт;Нет;Крепеж;Приварной крепёж;Гвозди изоляционные;;;;;;
;201031 Клипса/шайба стальная оцинкованная d 30 мм для изоляционного гвоздя d 2,0 мм, CL 0 - 30, 4 разреза;0a7920a4-65e9-11e2-aba5-000423dd84e7;201031;html;klipca3.png;;html;klipca3.png;;850;;Клипса;Оцинкованная сталь;2;30;;шт;Нет;Крепеж;Приварной крепёж;Гвозди изоляционные;;;;;;
;201035 Клипса/шайба стальная оцинкованная d 30 мм для изоляционного гвоздя d 3,0 мм, CL 3 - 30, 4 разреза;0a7920a6-65e9-11e2-aba5-000423dd84e7;201035;html;klipca3.png;;html;klipca3.png;;850;;Клипса;Оцинкованная сталь;3;30;;1000 шт;Нет;Крепеж;Приварной крепёж;Гвозди изоляционные;;;;;;
;201045 Клипса/шайба стальная оцинкованная d 38 мм для изоляционного гвоздя d 3,0 мм, CL 3 - 40, 4 разреза;0a7920a8-65e9-11e2-aba5-000423dd84e7;201045;html;klipca3.png;;html;klipca3.png;;850;;Клипса;Оцинкованная сталь;3;38;;1000 шт;Нет;Крепеж;Приварной крепёж;Гвозди изоляционные;;;;;;
;201044 Клипса/шайба стальная оцинкованная d 38 мм для изоляционного гвоздя d 4,0 мм, CL 4 - 40, 4 разреза;0a7920aa-65e9-11e2-aba5-000423dd84e7;201044;html;klipca3.png;;html;klipca3.png;;850;;Клипса;Оцинкованная сталь;4;38;;1000 шт;Нет;Крепеж;Приварной крепёж;Гвозди изоляционные;;;;;;
;201127 Защитный колпачок для изоляционного гвоздя d 2,7/3,00 мм, NSC-27;0a7920ac-65e9-11e2-aba5-000423dd84e7;201127;html;kolpachek.png;;html;kolpachek.png;;850;;Колпачек;;;;;1000 шт;Нет;Крепеж;Приварной крепёж;Гвозди изоляционные;;;;;;
;235230 SP3-ER-30 / M Гвоздь изоляционный стальной омедненный d 3 мм, длиной 30 мм;c215f25b-7a55-11e2-aba5-000423dd84e7;235230;html;gvozd_cd-om.png;;html;gvozd_cd-om.png;;850;Конденсаторная сварка крепежа CD;Гвоздь изоляционный;Омедненная сталь;3;;30;1000 шт;Нет;Крепеж;Приварной крепёж;Гвозди изоляционные;;;;;;
;235235 SP3-ER-35 / M Гвоздь изоляционный стальной омедненный d 3,0 мм, длиной 35 мм;4ac2b43d-7a91-11e2-aba5-000423dd84e7;235235;html;gvozd_cd-om.png;;html;gvozd_cd-om.png;;850;Конденсаторная сварка крепежа CD;Гвоздь изоляционный;Омедненная сталь;3;;35;1000 шт;Нет;Крепеж;Приварной крепёж;Гвозди изоляционные;;;;;;
;235245 SP3-ER-45 / M Гвоздь изоляционный стальной омедненный d 3,0 мм, длиной 45 мм;4ac2b43f-7a91-11e2-aba5-000423dd84e7;235245;html;gvozd_cd-om.png;;html;gvozd_cd-om.png;;850;Конденсаторная сварка крепежа CD;Гвоздь изоляционный;Омедненная сталь;3;;45;1000 шт;Нет;Крепеж;Приварной крепёж;Гвозди изоляционные;;;;;;
;235255 SP3-ER-55 / M Гвоздь изоляционный стальной омедненный d 3,0 мм, длиной 55 мм;4ac2b441-7a91-11e2-aba5-000423dd84e7;235255;html;gvozd_cd-om.png;;html;gvozd_cd-om.png;;850;Конденсаторная сварка крепежа CD;Гвоздь изоляционный;Омедненная сталь;3;;55;1000 шт;Нет;Крепеж;Приварной крепёж;Гвозди изоляционные;;;;;;
;235260 Гвоздь изоляционный стальной омедненный d 3 мм, длиной 60 мм;4ac2b443-7a91-11e2-aba5-000423dd84e7;235260;html;gvozd_cd-om.png;;html;gvozd_cd-om.png;;850;Конденсаторная сварка крепежа CD;Гвоздь изоляционный;Омедненная сталь;3;;60;1000 шт;Нет;Крепеж;Приварной крепёж;Гвозди изоляционные;;;;;;
;235265 SP3-ER-65 / M Гвоздь изоляционный стальной омедненный d 3,0 мм, длиной 65 мм;4ac2b445-7a91-11e2-aba5-000423dd84e7;235265;html;gvozd_cd-om.png;;html;gvozd_cd-om.png;;850;Конденсаторная сварка крепежа CD;Гвоздь изоляционный;Омедненная сталь;3;;65;1000 шт;Нет;Крепеж;Приварной крепёж;Гвозди изоляционные;;;;;;
;235285 SP3-ER-85 / M Гвоздь изоляционный стальной омедненный d 3,0 мм, длиной 85 мм;4ac2b447-7a91-11e2-aba5-000423dd84e7;235285;html;gvozd_cd-om.png;;html;gvozd_cd-om.png;;850;Конденсаторная сварка крепежа CD;Гвоздь изоляционный;Омедненная сталь;3;;85;1000 шт;Нет;Крепеж;Приварной крепёж;Гвозди изоляционные;;;;;;
;235290 Гвоздь изоляционный стальной омедненный d 3,0 мм, длиной 90 мм;4ac2b449-7a91-11e2-aba5-000423dd84e7;235290;html;gvozd_cd-om.png;;html;gvozd_cd-om.png;;850;Конденсаторная сварка крепежа CD;Гвоздь изоляционный;Омедненная сталь;3;;90;1000 шт;Нет;Крепеж;Приварной крепёж;Гвозди изоляционные;;;;;;
;235240 Гвоздь изоляционный стальной омедненный d 3,0 мм, длиной 40 мм;9fc2f93a-7fd9-11e2-aba5-000423dd84e7;235240;html;gvozd_cd-om.png;;html;gvozd_cd-om.png;;850;Конденсаторная сварка крепежа CD;Гвоздь изоляционный;Омедненная сталь;3;;40;1000 шт;Нет;Крепеж;Приварной крепёж;Гвозди изоляционные;;;;;;
;235270 Гвоздь изоляционный стальной омедненный d 3,0 мм, длиной 70 мм;9fc2f93c-7fd9-11e2-aba5-000423dd84e7;235270;html;gvozd_cd-om.png;;html;gvozd_cd-om.png;;850;Конденсаторная сварка крепежа CD;Гвоздь изоляционный;Омедненная сталь;3;;70;1000 шт;Нет;Крепеж;Приварной крепёж;Гвозди изоляционные;;;;;;
;235350 Гвоздь изоляционный стальной омедненный d 3,0 мм, длиной 150 мм;1aba2160-8558-11e2-aba5-000423dd84e7;235350;html;gvozd_cd-om.png;;html;gvozd_cd-om.png;;850;Конденсаторная сварка крепежа CD;Гвоздь изоляционный;Омедненная сталь;3;;150;1000 шт;Нет;Крепеж;Приварной крепёж;Гвозди изоляционные;;;;;;
;235380 SP3-ER-180 / M Гвоздь изоляционный стальной омедненный d 3,0 мм, длиной 180 мм;1aba2162-8558-11e2-aba5-000423dd84e7;235380;html;gvozd_cd-om.png;;html;gvozd_cd-om.png;;850;Конденсаторная сварка крепежа CD;Гвоздь изоляционный;Омедненная сталь;3;;180;1000 шт;Нет;Крепеж;Приварной крепёж;Гвозди изоляционные;;;;;;
;SP3-ER-100 Гвоздь изоляционный стальной омедненный d 3,0 мм, длиной 100 мм;c727bc21-9da6-11e2-aba5-000423dd84e7;235300;html;gvozd_cd-om.png;;html;gvozd_cd-om.png;;850;Конденсаторная сварка крепежа CD;Гвоздь изоляционный;Омедненная сталь;3;;100;1000 шт;Нет;Крепеж;Приварной крепёж;Гвозди изоляционные;;;;;;
;235250 Гвоздь изоляционный стальной омедненный d 3,0 мм, длиной 50 мм;a10e24f1-03f9-11e3-ac6a-001e6754e0a7;235250 / 41-03-050;html;gvozd_cd-om.png;;html;gvozd_cd-om.png;;850;Конденсаторная сварка крепежа CD;Гвоздь изоляционный;Омедненная сталь;3;;50;шт;Нет;Крепеж;Приварной крепёж;Гвозди изоляционные;;;;;;
;202144 Клипса/шайба Climatech d 38 мм для изоляционных гвоздей d 3 мм с пластиковой крышкой;47183061-04a3-11e3-ac6a-001e6754e0a7;202144;html;klipca3.png;;html;klipca3.png;;850;;Клипса;;3;38;;1000 шт;Нет;Крепеж;Приварной крепёж;Гвозди изоляционные;;;;;;
;CDF3-ISOL-SS-105 Гвоздь 2,7 х 105 мм изолированный чашеобразный нержавеющая сталь CDF3-ISOL-SS-105 INOX;51ebf4ef-bdec-11eb-ad9b-001e6754e0a5;CDF3-ISOL-SS-105;html;gvozd_isolac.png;;html;gvozd_isolac.png;;850;Конденсаторная сварка крепежа CD;Гвоздь изоляционный чашеобразный;Нержавеющая сталь;2,7;30;105;1000 шт;Нет;Крепеж;Приварной крепёж;Гвозди изоляционные;;;;;;
;CDF3-ISOL-SS-114 Гвоздь 2,7 х 114 мм изолированный чашеобразный нержавеющая сталь CDF3-ISOL-SS-105 INOX;8bb198a3-bdec-11eb-ad9b-001e6754e0a5;CDF3-ISOL-SS-114;html;gvozd_isolac.png;;html;gvozd_isolac.png;;850;Конденсаторная сварка крепежа CD;Гвоздь изоляционный чашеобразный;Нержавеющая сталь;2,7;30;114;1000 шт;Нет;Крепеж;Приварной крепёж;Гвозди изоляционные;;;;;;
;235250* Гвоздь изоляционный стальной омедненный d 3,0 мм, длиной 50 мм;5e910e60-c08c-11e7-ae74-001e6754e0a4;235250*;html;gvozd_cd-om.png;;html;gvozd_cd-om.png;;850;Конденсаторная сварка крепежа CD;Гвоздь изоляционный;Омедненная сталь;3;;50;1000 шт;Нет;Крепеж;Приварной крепёж;Гвозди изоляционные;;;;;;
;231225* Гвоздь изоляционный стальной омедненный d 2,0 мм, длиной 25 мм, SP2-TC-25;f8b4f76a-c54d-11e7-ae74-001e6754e0a4;231225*;html;gvozd_cd-om.png;;html;gvozd_cd-om.png;;850;Конденсаторная сварка крепежа CD;Гвоздь изоляционный;Омедненная сталь;2;;25;1000 шт;Нет;Крепеж;Приварной крепёж;Гвозди изоляционные;;;;;;
;235110 SP2-ER-110 Гвоздь изоляционный стальной омедненный d 2,0 мм, длиной 110 мм;80792a86-5493-11ea-b0d9-001e6754e0a5;235110;html;gvozd_cd-om.png;;html;gvozd_cd-om.png;;850;Конденсаторная сварка крепежа CD;Гвоздь изоляционный;Омедненная сталь;2;;110;шт;Нет;Крепеж;Приварной крепёж;Гвозди изоляционные;;;;;;
;SP3-ER-75 SS Гвоздь изоляционный сталь нержавеющая d 3,0 мм, длиной 75 мм;638b6782-5f9b-11ea-b0d9-001e6754e0a5;235575;html;gvozd_cd-st.png;;html;gvozd_cd-st.png;;850;Конденсаторная сварка крепежа CD;Гвоздь изоляционный;Нержавеющая сталь;3;;75;1000 шт;Нет;Крепеж;Приварной крепёж;Гвозди изоляционные;;;;;;
; CL 3 30-SS Клипса/шайба из нержавеющей стали d 30 мм для изоляционного гвоздя d 3,0 мм, CL 3 - 30-SS, 4 разреза;a29725f3-5f9b-11ea-b0d9-001e6754e0a5;201834;html;klipca3.png;;html;klipca3.png;;850;;Клипса;Нержавеющая сталь;3;30;;1000 шт;Нет;Крепеж;Приварной крепёж;Гвозди изоляционные;;;;;;
;235260 Гвоздь изоляционный стальной омедненный d 3 мм, длиной 60 мм;106894fd-888e-11e7-b450-001e6754e0a4;235260*;html;gvozd_cd-om.png;;html;gvozd_cd-om.png;;850;Конденсаторная сварка крепежа CD;Гвоздь изоляционный;Омедненная сталь;3;;60;шт;Нет;Крепеж;Приварной крепёж;Гвозди изоляционные;;;;;;
;231219* Гвоздь изоляционный стальной омедненный d 2,0 мм, длиной 19 мм, SP2-TC-19;238d183d-888e-11e7-b450-001e6754e0a4;231219*;html;gvozd_cd-om.png;;html;gvozd_cd-om.png;;850;Конденсаторная сварка крепежа CD;Гвоздь изоляционный;Омедненная сталь;2;;19;1000 шт;Нет;Крепеж;Приварной крепёж;Гвозди изоляционные;;;;;;
;231232* Гвоздь изоляционный стальной омедненный d 2,0 мм, длиной 32 мм, SP2-TC-32;36ace08d-888e-11e7-b450-001e6754e0a4;231232*;html;gvozd_cd-om.png;;html;gvozd_cd-om.png;;850;Конденсаторная сварка крепежа CD;Гвоздь изоляционный;Омедненная сталь;2;;32;1000 шт;Нет;Крепеж;Приварной крепёж;Гвозди изоляционные;;;;;;
;235030 SP2-ER-30 Гвоздь изоляционный стальной омедненный d 2,0 мм, длиной 30 мм;1f70207d-888f-11e7-b450-001e6754e0a4;235030*;html;gvozd_cd-om.png;;html;gvozd_cd-om.png;;850;Конденсаторная сварка крепежа CD;Гвоздь изоляционный;Омедненная сталь;2;;30;1000 шт;Нет;Крепеж;Приварной крепёж;Гвозди изоляционные;;;;;;
;235070 SP2-ER-70 Гвоздь изоляционный стальной омедненный d 2,0 мм, длиной 70 мм;676eb3dd-9235-11e7-b450-001e6754e0a4;235070*;html;gvozd_cd-om.png;;html;gvozd_cd-om.png;;850;Конденсаторная сварка крепежа CD;Гвоздь изоляционный;Омедненная сталь;2;;70;1000 шт;Нет;Крепеж;Приварной крепёж;Гвозди изоляционные;;;;;;
;235460 Гвоздь изоляционный стальной омедненный d 3,0 мм, длиной 260 мм;c20a3c0b-af8a-11e9-b4b5-001e6754e0a5;235460;html;gvozd_cd-om.png;;html;gvozd_cd-om.png;;850;Конденсаторная сварка крепежа CD;Гвоздь изоляционный;Омедненная сталь;3;;260;1000 шт;Нет;Крепеж;Приварной крепёж;Гвозди изоляционные;;;;;;
;SP3-ER-310 / M Гвоздь изоляционный стальной омедненный d 3,0 мм, длиной 310 мм;3f10c1b3-af8b-11e9-b4b5-001e6754e0a5;SP3-ER-310 / M;html;gvozd_cd-om.png;;html;gvozd_cd-om.png;;850;Конденсаторная сварка крепежа CD;Гвоздь изоляционный;Омедненная сталь;3;;310;1000 шт;Нет;Крепеж;Приварной крепёж;Гвозди изоляционные;;;;;;
;CDF3-ISOL-SS-48 Гвоздь 2,7 х 48 мм изолированный чашеобразный нержавеющая сталь CDF3-ISOL-SS-48 INOX;7d771398-5c0c-11ec-b5b8-001e6754e0a5;CDF3-ISOL-SS-48;html;gvozd_isolac.png;;html;gvozd_isolac.png;;850;Конденсаторная сварка крепежа CD;Гвоздь изоляционный чашеобразный;Нержавеющая сталь;2,7;30;48;1000 шт;Нет;Крепеж;Приварной крепёж;Гвозди изоляционные;;;;;;
;235100* SP2-ER-100* Гвоздь изоляционный сталь нержавеющая d 2,0 мм, длиной 100 мм;ea54ed01-ed66-11ec-b8f2-001e6754e0a5;235100* SS304 CD;html;gvozd_cd-st.png;;html;gvozd_cd-st.png;;850;Конденсаторная сварка крепежа CD;Гвоздь изоляционный;Нержавеющая сталь;2;;100;шт;Нет;Крепеж;Приварной крепёж;Гвозди изоляционные;;;;;;
;201033 Клипса стальная оцинкованная d 30 мм для изоляционного гвоздя 2,7 мм (CL 2-30);839c1a65-cdbd-11e2-b9e0-000423dd84e7;201033;html;klipca3.png;;html;klipca3.png;;850;;Клипса;Оцинкованная сталь;2,7;30;;1000 шт;Нет;Крепеж;Приварной крепёж;Гвозди изоляционные;;;;;;
;201024 Клипса стальная оцинкованная d 30 мм для алюминиевого гвоздя 2,7 мм (CL 24-32);839c1a67-cdbd-11e2-b9e0-000423dd84e7;201024;html;klipca3.png;;html;klipca3.png;;850;;Клипса;Оцинкованная сталь;2,7;30;;1000 шт;Нет;Крепеж;Приварной крепёж;Гвозди изоляционные;;;;;;
;231251 Гвоздь изоляционный стальной омедненный d 2,0 мм, длиной 51 мм, SP2-TC-51;a11b2c55-020c-11e2-bb18-000423dd84e7;231251;html;gvozd_cd-om.png;;html;gvozd_cd-om.png;;850;Конденсаторная сварка крепежа CD;Гвоздь изоляционный;Омедненная сталь;2;;51;1000 шт;Нет;Крепеж;Приварной крепёж;Гвозди изоляционные;;;;;;
;231263 Гвоздь изоляционный стальной омедненный d 2,0 мм, длиной 63 мм, SP2-TC-63;a11b2c57-020c-11e2-bb18-000423dd84e7;231263;html;gvozd_cd-om.png;;html;gvozd_cd-om.png;;850;Конденсаторная сварка крепежа CD;Гвоздь изоляционный;Омедненная сталь;2;;63;1000 шт;Нет;Крепеж;Приварной крепёж;Гвозди изоляционные;;;;;;
;231276 Гвоздь изоляционный стальной омедненный d 2,0 мм, длиной 76 мм, SP2-TC-76;a11b2c59-020c-11e2-bb18-000423dd84e7;231276;html;gvozd_cd-om.png;;html;gvozd_cd-om.png;;850;Конденсаторная сварка крепежа CD;Гвоздь изоляционный;Омедненная сталь;2;;76;1000 шт;Нет;Крепеж;Приварной крепёж;Гвозди изоляционные;;;;;;
;231289 Гвоздь изоляционный стальной омедненный d 2,0 мм, длиной 89 мм, SP2-TC-89;a11b2c5b-020c-11e2-bb18-000423dd84e7;231289;html;gvozd_cd-om.png;;html;gvozd_cd-om.png;;850;Конденсаторная сварка крепежа CD;Гвоздь изоляционный;Омедненная сталь;2;;89;1000 шт;Нет;Крепеж;Приварной крепёж;Гвозди изоляционные;;;;;;
;231305 Гвоздь изоляционный стальной омедненный d 2,0 мм, длиной 105 мм, SP2-TC-105;a11b2c5d-020c-11e2-bb18-000423dd84e7;231305;html;gvozd_cd-om.png;;html;gvozd_cd-om.png;;850;Конденсаторная сварка крепежа CD;Гвоздь изоляционный;Омедненная сталь;2;;105;1000 шт;Нет;Крепеж;Приварной крепёж;Гвозди изоляционные;;;;;;
;231314 Гвоздь изоляционный стальной омедненный d 2,0 мм, длиной 114 мм, SP2-TC-114;a11b2c5f-020c-11e2-bb18-000423dd84e7;231314;html;gvozd_cd-om.png;;html;gvozd_cd-om.png;;850;Конденсаторная сварка крепежа CD;Гвоздь изоляционный;Омедненная сталь;2;;114;1000 шт;Нет;Крепеж;Приварной крепёж;Гвозди изоляционные;;;;;;
;231340 Гвоздь изоляционный стальной омедненный d 2,0 мм, длиной 140 мм, SP2-TC-140;a11b2c61-020c-11e2-bb18-000423dd84e7;231340;html;gvozd_cd-om.png;;html;gvozd_cd-om.png;;850;Конденсаторная сварка крепежа CD;Гвоздь изоляционный;Омедненная сталь;2;;140;1000 шт;Нет;Крепеж;Приварной крепёж;Гвозди изоляционные;;;;;;
;201041 Клипса (шайба) стальная оцинкованная d 38 мм для изоляционного гвоздя d 2,0 мм, CL 0 - 40, 4 разреза;a11b2c63-020c-11e2-bb18-000423dd84e7;201041;html;klipca3.png;;html;klipca3.png;;850;;Клипса;Оцинкованная сталь;2;38;;1000 шт;Нет;Крепеж;Приварной крепёж;Гвозди изоляционные;;;;;;
;201120 Защитный колпачок для изоляционного гвоздя d 2,0/2,2 мм, NSC-2;a11b2c65-020c-11e2-bb18-000423dd84e7;201120;html;kolpachek.png;;html;kolpachek.png;;850;;Колпачек;;;;;1000 шт;Нет;Крепеж;Приварной крепёж;Гвозди изоляционные;;;;;;
;242215 Гвоздь d 2,7 мм, длиной 15 мм неизолированный чашеобразный со шляпкой d 30 мм (материал гвоздя сталь омедненная, материал шляпки сталь оцинкованная) CDF3-15 CUP;2882df13-02e4-11e2-bb18-000423dd84e7;242215;html;gvozd_neiso.png;;html;gvozd_neiso.png;;850;Конденсаторная сварка крепежа CD;Гвоздь изоляционный чашеобразный;Омедненная сталь;2,7;30;15;1000 шт;Нет;Крепеж;Приварной крепёж;Гвозди изоляционные;;;;;;
;242219 Гвоздь d 2,7 мм, длиной 19 мм неизолированный чашеобразный со шляпкой d 30 мм CDF3-19 CUP (материал гвоздя сталь омедненная, материал шляпки сталь оцинкованная);2882df19-02e4-11e2-bb18-000423dd84e7;242219;html;gvozd_neiso.png;;html;gvozd_neiso.png;;850;Конденсаторная сварка крепежа CD;Гвоздь изоляционный чашеобразный;Омедненная сталь;2,7;30;19;1000 шт;Нет;Крепеж;Приварной крепёж;Гвозди изоляционные;;;;;;
;242222 Гвоздь d 2,7 мм, длиной 22 мм неизолированный чашеобразный со шляпкой d 30 мм (материал гвоздя сталь омедненная, материал шляпки сталь оцинкованная) CDF3-22 CUP;2882df1b-02e4-11e2-bb18-000423dd84e7;242222;html;gvozd_neiso.png;;html;gvozd_neiso.png;;850;Конденсаторная сварка крепежа CD;Гвоздь изоляционный чашеобразный;Омедненная сталь;2,7;30;22;1000 шт;Нет;Крепеж;Приварной крепёж;Гвозди изоляционные;;;;;;
;242225 Гвоздь d 2,7 мм, длиной 25 мм неизолированный чашеобразный со шляпкой d 30 мм (материал гвоздя сталь омедненная, материал шляпки сталь оцинкованная) CDF3-25 CUP;2882df1d-02e4-11e2-bb18-000423dd84e7;242225;html;gvozd_neiso.png;;html;gvozd_neiso.png;;850;Конденсаторная сварка крепежа CD;Гвоздь изоляционный чашеобразный;Омедненная сталь;2,7;30;25;1000 шт;Нет;Крепеж;Приварной крепёж;Гвозди изоляционные;;;;;;
;242228 Гвоздь d 2,7 мм, длиной 28 мм неизолированный чашеобразный со шляпкой d 30 мм CDF3-28 CUP (материал гвоздя сталь омедненная, материал шляпки сталь оцинкованная);2882df1f-02e4-11e2-bb18-000423dd84e7;242228;html;gvozd_neiso.png;;html;gvozd_neiso.png;;850;Конденсаторная сварка крепежа CD;Гвоздь изоляционный чашеобразный;Омедненная сталь;2,7;30;28;1000 шт;Нет;Крепеж;Приварной крепёж;Гвозди изоляционные;;;;;;
;242232 Гвоздь d 2,7 мм, длиной 32 мм неизолированный чашеобразный со шляпкой d 30 мм (материал гвоздя сталь омедненная, материал шляпки сталь оцинкованная) CDF3-32 CUP;2882df21-02e4-11e2-bb18-000423dd84e7;242232;html;gvozd_neiso.png;;html;gvozd_neiso.png;;850;Конденсаторная сварка крепежа CD;Гвоздь изоляционный чашеобразный;Омедненная сталь;2,7;30;32;1000 шт;Нет;Крепеж;Приварной крепёж;Гвозди изоляционные;;;;;;
;242238 Гвоздь d 2,7 мм, длиной 38 мм неизолированный чашеобразный со шляпкой d 30 мм CDF3-38 CUP (материал гвоздя сталь омедненная, материал шляпки сталь оцинкованная);2882df23-02e4-11e2-bb18-000423dd84e7;242238;html;gvozd_neiso.png;;html;gvozd_neiso.png;;850;Конденсаторная сварка крепежа CD;Гвоздь изоляционный чашеобразный;Омедненная сталь;2,7;30;38;1000 шт;Нет;Крепеж;Приварной крепёж;Гвозди изоляционные;;;;;;
;242242 Гвоздь d 2,7 мм, длиной 42 мм неизолированный чашеобразный со шляпкой d 30 мм (материал гвоздя сталь омедненная, материал шляпки сталь оцинкованная) CDF3-42 CUP;2882df25-02e4-11e2-bb18-000423dd84e7;242242;html;gvozd_neiso.png;;html;gvozd_neiso.png;;850;Конденсаторная сварка крепежа CD;Гвоздь изоляционный чашеобразный;Омедненная сталь;2,7;30;42;1000 шт;Нет;Крепеж;Приварной крепёж;Гвозди изоляционные;;;;;;
;242248 Гвоздь d 2,7 мм, длиной 48 мм неизолированный чашеобразный со шляпкой d 30 мм CDF3-48 CUP (материал гвоздя сталь омедненная, материал шляпки сталь оцинкованная);2882df27-02e4-11e2-bb18-000423dd84e7;242248;html;gvozd_neiso.png;;html;gvozd_neiso.png;;850;Конденсаторная сварка крепежа CD;Гвоздь изоляционный чашеобразный;Омедненная сталь;2,7;30;48;1000 шт;Нет;Крепеж;Приварной крепёж;Гвозди изоляционные;;;;;;
;242252 Гвоздь d 2,7 мм, длиной 52 мм неизолированный чашеобразный со шляпкой d 30 мм (материал гвоздя сталь омедненная, материал шляпки сталь оцинкованная) CDF3-52 CUP;2882df29-02e4-11e2-bb18-000423dd84e7;242252;html;gvozd_neiso.png;;html;gvozd_neiso.png;;850;Конденсаторная сварка крепежа CD;Гвоздь изоляционный чашеобразный;Омедненная сталь;2,7;30;52;1000 шт;Нет;Крепеж;Приварной крепёж;Гвозди изоляционные;;;;;;
;242258 Гвоздь d 2,7 мм, длиной 58 мм неизолированный чашеобразный со шляпкой d 30 мм CDF3-58 CUP (материал гвоздя сталь омедненная, материал шляпки сталь оцинкованная);2882df2b-02e4-11e2-bb18-000423dd84e7;242258;html;gvozd_neiso.png;;html;gvozd_neiso.png;;850;Конденсаторная сварка крепежа CD;Гвоздь изоляционный чашеобразный;Омедненная сталь;2,7;30;58;1000 шт;Нет;Крепеж;Приварной крепёж;Гвозди изоляционные;;;;;;
;242262 Гвоздь d 2,7 мм, длиной 62 мм неизолированный чашеобразный со шляпкой d 30 мм (материал гвоздя сталь омедненная, материал шляпки сталь оцинкованная) CDF3-62 CUP;2882df2d-02e4-11e2-bb18-000423dd84e7;242262;html;gvozd_neiso.png;;html;gvozd_neiso.png;;850;Конденсаторная сварка крепежа CD;Гвоздь изоляционный чашеобразный;Омедненная сталь;2,7;30;62;1000 шт;Нет;Крепеж;Приварной крепёж;Гвозди изоляционные;;;;;;
;242268 Гвоздь d 2,7 мм, длиной 68 мм неизолированный чашеобразный со шляпкой d 30 мм (материал гвоздя сталь омедненная, материал шляпки сталь оцинкованная) CDF3-68 CUP;2882df2f-02e4-11e2-bb18-000423dd84e7;242268;html;gvozd_neiso.png;;html;gvozd_neiso.png;;850;Конденсаторная сварка крепежа CD;Гвоздь изоляционный чашеобразный;Омедненная сталь;2,7;30;68;1000 шт;Нет;Крепеж;Приварной крепёж;Гвозди изоляционные;;;;;;
;242272 Гвоздь d 2,7 мм, длиной 72 мм неизолированный чашеобразный со шляпкой d 30 мм (материал гвоздя сталь омедненная, материал шляпки сталь оцинкованная) CDF3-72 CUP;2882df31-02e4-11e2-bb18-000423dd84e7;242272;html;gvozd_neiso.png;;html;gvozd_neiso.png;;850;Конденсаторная сварка крепежа CD;Гвоздь изоляционный чашеобразный;Омедненная сталь;2,7;30;72;1000 шт;Нет;Крепеж;Приварной крепёж;Гвозди изоляционные;;;;;;
;242280 Гвоздь d 2,7 мм, длиной 80 мм неизолированный чашеобразный со шляпкой d 30 мм (материал гвоздя сталь омедненная, материал шляпки сталь оцинкованная) CDF3-80 CUP;2882df33-02e4-11e2-bb18-000423dd84e7;242280;html;gvozd_neiso.png;;html;gvozd_neiso.png;;850;Конденсаторная сварка крепежа CD;Гвоздь изоляционный чашеобразный;Омедненная сталь;2,7;30;80;1000 шт;Нет;Крепеж;Приварной крепёж;Гвозди изоляционные;;;;;;
;242290 Гвоздь d 2,7 мм, длиной 90 мм неизолированный чашеобразный со шляпкой d 30 мм (материал гвоздя сталь омедненная, материал шляпки сталь оцинкованная) CDF3-90 CUP;2882df35-02e4-11e2-bb18-000423dd84e7;242290;html;gvozd_neiso.png;;html;gvozd_neiso.png;;850;Конденсаторная сварка крепежа CD;Гвоздь изоляционный чашеобразный;Омедненная сталь;2,7;30;90;1000 шт;Нет;Крепеж;Приварной крепёж;Гвозди изоляционные;;;;;;
;242300 Гвоздь d 2,7 мм, длиной 100 мм неизолированный чашеобразный со шляпкой d 30 мм (материал гвоздя сталь омедненная, материал шляпки сталь оцинкованная) CDF3-100 CUP;2882df37-02e4-11e2-bb18-000423dd84e7;242300;html;gvozd_neiso.png;;html;gvozd_neiso.png;;850;Конденсаторная сварка крепежа CD;Гвоздь изоляционный чашеобразный;Омедненная сталь;2,7;30;100;1000 шт;Нет;Крепеж;Приварной крепёж;Гвозди изоляционные;;;;;;
;246815 Гвоздь d 2,7 мм, длиной 15 мм изолированный полностью, чашеобразный со шляпкой d 30 мм (материал гвоздя сталь омедненная, материал шляпки сталь оцинкованная) CDF3-PAP-ISOL-15 CUP;2882df3e-02e4-11e2-bb18-000423dd84e7;246815;html;gvozd_isolac_om.jpg;;html;gvozd_isolac_om.jpg;;850;Конденсаторная сварка крепежа CD;Гвоздь изоляционный чашеобразный;Омедненная сталь;2,7;30;15;1000 шт;Нет;Крепеж;Приварной крепёж;Гвозди изоляционные;;;;;;
;246819 Гвоздь d 2,7 мм, длиной 19 мм изолированный полностью, чашеобразный со шляпкой d 30 мм CDF3-PAP-ISOL-19 CUP (материал гвоздя сталь омедненная, материал шляпки сталь оцинкованная);2882df40-02e4-11e2-bb18-000423dd84e7;246819;html;gvozd_isolac_om.jpg;;html;gvozd_isolac_om.jpg;;850;Конденсаторная сварка крепежа CD;Гвоздь изоляционный чашеобразный;Омедненная сталь;2,7;30;19;1000 шт;Нет;Крепеж;Приварной крепёж;Гвозди изоляционные;;;;;;
;246822 Гвоздь d 2,7 мм, длиной 22 мм изолированный полностью, чашеобразный со шляпкой d 30 мм (материал гвоздя сталь омедненная, материал шляпки сталь оцинкованная) CDF3-PAP-ISOL-22 CUP;2882df42-02e4-11e2-bb18-000423dd84e7;246822;html;gvozd_isolac_om.jpg;;html;gvozd_isolac_om.jpg;;850;Конденсаторная сварка крепежа CD;Гвоздь изоляционный чашеобразный;Омедненная сталь;2,7;30;22;1000 шт;Нет;Крепеж;Приварной крепёж;Гвозди изоляционные;;;;;;
;246825 Гвоздь d 2,7 мм, длиной 25 мм изолированный чашеобразный со шляпкой d 30 мм (материал гвоздя сталь омедненная, материал шляпки сталь оцинкованная) CDF3-PAP-ISOL-25 CUP;2882df44-02e4-11e2-bb18-000423dd84e7;246825;html;gvozd_isolac_om.jpg;;html;gvozd_isolac_om.jpg;;850;Конденсаторная сварка крепежа CD;Гвоздь изоляционный чашеобразный;Омедненная сталь;2,7;30;25;1000 шт;Нет;Крепеж;Приварной крепёж;Гвозди изоляционные;;;;;;
;246828 Гвоздь d 2,7 мм, длиной 28 мм изолированный чашеобразный со шляпкой d 30 мм CDF3-PAP-ISOL-28 CUP (материал гвоздя сталь омедненная, материал шляпки сталь оцинкованная);2882df46-02e4-11e2-bb18-000423dd84e7;246828;html;gvozd_isolac_om.jpg;;html;gvozd_isolac_om.jpg;;850;Конденсаторная сварка крепежа CD;Гвоздь изоляционный чашеобразный;Омедненная сталь;2,7;30;28;1000 шт;Нет;Крепеж;Приварной крепёж;Гвозди изоляционные;;;;;;
;246832 Гвоздь d 2,7 мм, длиной 32 мм изолированный чашеобразный со шляпкой d 30 мм (материал гвоздя сталь омедненная, материал шляпки сталь оцинкованная) CDF3-PAP-ISOL-32 CUP;2882df48-02e4-11e2-bb18-000423dd84e7;246832;html;gvozd_isolac_om.jpg;;html;gvozd_isolac_om.jpg;;850;Конденсаторная сварка крепежа CD;Гвоздь изоляционный чашеобразный;Омедненная сталь;2,7;30;32;1000 шт;Нет;Крепеж;Приварной крепёж;Гвозди изоляционные;;;;;;
;246838 Гвоздь d 2,7 мм, длиной 38 мм изолированный чашеобразный со шляпкой d 30 мм CDF3-PAP-ISOL-38 CUP (материал гвоздя сталь омедненная, материал шляпки сталь оцинкованная);2882df4a-02e4-11e2-bb18-000423dd84e7;246838;html;gvozd_isolac_om.jpg;;html;gvozd_isolac_om.jpg;;850;Конденсаторная сварка крепежа CD;Гвоздь изоляционный чашеобразный;Омедненная сталь;2,7;30;38;1000 шт;Нет;Крепеж;Приварной крепёж;Гвозди изоляционные;;;;;;
;246842 Гвоздь d 2,7 мм, длиной 42 мм изолированный чашеобразный со шляпкой d 30 мм (материал гвоздя сталь омедненная, материал шляпки сталь оцинкованная) CDF3-PAP-ISOL-42 CUP;2882df4c-02e4-11e2-bb18-000423dd84e7;246842;html;gvozd_isolac_om.jpg;;html;gvozd_isolac_om.jpg;;850;Конденсаторная сварка крепежа CD;Гвоздь изоляционный чашеобразный;Омедненная сталь;2,7;30;42;1000 шт;Нет;Крепеж;Приварной крепёж;Гвозди изоляционные;;;;;;
;246848 Гвоздь d 2,7 мм, длиной 48 мм изолированный чашеобразный со шляпкой d 30 мм CDF3-PAP-ISOL-48 CUP (материал гвоздя сталь омедненная, материал шляпки сталь оцинкованная);2882df4e-02e4-11e2-bb18-000423dd84e7;246848;html;gvozd_isolac_om.jpg;;html;gvozd_isolac_om.jpg;;850;Конденсаторная сварка крепежа CD;Гвоздь изоляционный чашеобразный;Омедненная сталь;2,7;30;48;1000 шт;Нет;Крепеж;Приварной крепёж;Гвозди изоляционные;;;;;;
;246852 Гвоздь d 2,7 мм, длиной 52 мм изолированный чашеобразный со шляпкой d 30 мм (материал гвоздя сталь омедненная, материал шляпки сталь оцинкованная) CDF3-PAP-ISOL-52 CUP;1e8c2e62-030b-11e2-bb18-000423dd84e7;246852;html;gvozd_isolac_om.jpg;;html;gvozd_isolac_om.jpg;;850;Конденсаторная сварка крепежа CD;Гвоздь изоляционный чашеобразный;Омедненная сталь;2,7;30;52;1000 шт;Нет;Крепеж;Приварной крепёж;Гвозди изоляционные;;;;;;
;246858 Гвоздь d 2,7 мм, длиной 58 мм изолированный чашеобразный со шляпкой d 30 мм CDF3-PAP-ISOL-58 CUP (материал гвоздя сталь омедненная, материал шляпки сталь оцинкованная);1e8c2e64-030b-11e2-bb18-000423dd84e7;246858;html;gvozd_isolac_om.jpg;;html;gvozd_isolac_om.jpg;;850;Конденсаторная сварка крепежа CD;Гвоздь изоляционный чашеобразный;Омедненная сталь;2,7;30;58;1000 шт;Нет;Крепеж;Приварной крепёж;Гвозди изоляционные;;;;;;
;246862 Гвоздь d 2,7 мм, длиной 62 мм изолированный чашеобразный со шляпкой d 30 мм (материал гвоздя сталь омедненная, материал шляпки сталь оцинкованная) CDF3-PAP-ISOL-62 CUP;1e8c2e66-030b-11e2-bb18-000423dd84e7;246862;html;gvozd_isolac_om.jpg;;html;gvozd_isolac_om.jpg;;850;Конденсаторная сварка крепежа CD;Гвоздь изоляционный чашеобразный;Омедненная сталь;2,7;30;62;1000 шт;Нет;Крепеж;Приварной крепёж;Гвозди изоляционные;;;;;;
;246868 Гвоздь d 2,7 мм, длиной 68 мм изолированный чашеобразный со шляпкой d 30 мм (материал гвоздя сталь омедненная, материал шляпки сталь оцинкованная) CDF3-PAP-ISOL-68 CUP;1e8c2e68-030b-11e2-bb18-000423dd84e7;246868;html;gvozd_isolac_om.jpg;;html;gvozd_isolac_om.jpg;;850;Конденсаторная сварка крепежа CD;Гвоздь изоляционный чашеобразный;Омедненная сталь;2,7;30;68;1000 шт;Нет;Крепеж;Приварной крепёж;Гвозди изоляционные;;;;;;
;246872 Гвоздь d 2,7 мм, длиной 72 мм изолированный чашеобразный со шляпкой d 30 мм (материал гвоздя сталь омедненная, материал шляпки сталь оцинкованная) CDF3-PAP-ISOL-72 CUP;1e8c2e6a-030b-11e2-bb18-000423dd84e7;246872;html;gvozd_isolac_om.jpg;;html;gvozd_isolac_om.jpg;;850;Конденсаторная сварка крепежа CD;Гвоздь изоляционный чашеобразный;Омедненная сталь;2,7;30;72;1000 шт;Нет;Крепеж;Приварной крепёж;Гвозди изоляционные;;;;;;
;246880 Гвоздь d 2,7 мм, длиной 80 мм изолированный чашеобразный со шляпкой d 30 мм (материал гвоздя сталь омедненная, материал шляпки сталь оцинкованная) CDF3-PAP-ISOL-80 CUP;1e8c2e6c-030b-11e2-bb18-000423dd84e7;246880;html;gvozd_isolac_om.jpg;;html;gvozd_isolac_om.jpg;;850;Конденсаторная сварка крепежа CD;Гвоздь изоляционный чашеобразный;Омедненная сталь;2,7;30;80;1000 шт;Нет;Крепеж;Приварной крепёж;Гвозди изоляционные;;;;;;
;246890 Гвоздь d 2,7 мм, длиной 90 мм изолированный чашеобразный со шляпкой d 30 мм (материал гвоздя сталь омедненная, материал шляпки сталь оцинкованная) CDF3-PAP-ISOL-90 CUP;1e8c2e6e-030b-11e2-bb18-000423dd84e7;246890;html;gvozd_isolac_om.jpg;;html;gvozd_isolac_om.jpg;;850;Конденсаторная сварка крепежа CD;Гвоздь изоляционный чашеобразный;Омедненная сталь;2,7;30;90;1000 шт;Нет;Крепеж;Приварной крепёж;Гвозди изоляционные;;;;;;
;246900 Гвоздь d 2,7 мм, длиной 100 мм изолированный чашеобразный со шляпкой d 30 мм (материал гвоздя сталь омедненная, материал шляпки сталь оцинкованная) CDF3-PAP-ISOL-100 CUP;1e8c2e70-030b-11e2-bb18-000423dd84e7;246900;html;gvozd_isolac_om.jpg;;html;gvozd_isolac_om.jpg;;850;Конденсаторная сварка крепежа CD;Гвоздь изоляционный чашеобразный;Омедненная сталь;2,7;30;100;1000 шт;Нет;Крепеж;Приварной крепёж;Гвозди изоляционные;;;;;;
;235525 SP3-ER-25 SS Гвоздь изоляционный сталь нержавеющая d 3,0 мм, длиной 50 мм;8de43414-362c-11ec-bb31-001e6754e0a5;235525;html;gvozd_cd-st.png;;html;gvozd_cd-st.png;;850;Конденсаторная сварка крепежа CD;Гвоздь изоляционный;Нержавеющая сталь;3;;50;шт;Нет;Крепеж;Приварной крепёж;Гвозди изоляционные;;;;;;
;231251* Гвоздь изоляционный стальной омедненный d 2,0 мм, длиной 51 мм, SP2-TC-51;f66892da-b315-11e7-bb5e-001e6754e0a4;231251*;html;gvozd_cd-om.png;;html;gvozd_cd-om.png;;850;Конденсаторная сварка крепежа CD;Гвоздь изоляционный;Омедненная сталь;2;;51;1000 шт;Нет;Крепеж;Приварной крепёж;Гвозди изоляционные;;;;;;
;231263* Гвоздь изоляционный стальной омедненный d 2,0 мм, длиной 63 мм, SP2-TC-63;1140faca-b316-11e7-bb5e-001e6754e0a4;231263*;html;gvozd_cd-om.png;;html;gvozd_cd-om.png;;850;Конденсаторная сварка крепежа CD;Гвоздь изоляционный;Омедненная сталь;2;;63;1000 шт;Нет;Крепеж;Приварной крепёж;Гвозди изоляционные;;;;;;
;235140 SP2-ER-140 Гвоздь изоляционный стальной омедненный d 2,0 мм, длиной 140 мм;028dbad1-0aeb-11ec-bbd1-001e6754e0a5;235140;html;gvozd_cd-om.png;;html;gvozd_cd-om.png;;850;Конденсаторная сварка крепежа CD;Гвоздь изоляционный;Омедненная сталь;2;;140;1000 шт;Нет;Крепеж;Приварной крепёж;Гвозди изоляционные;;;;;;
;231219 Гвоздь изоляционный стальной омедненный d 2,0 мм, длиной 19 мм, SP2-TC-19;0c579264-61aa-4928-bc00-4e8f53902a12;231219;html;gvozd_cd-om.png;;html;gvozd_cd-om.png;;850;Конденсаторная сварка крепежа CD;Гвоздь изоляционный;Омедненная сталь;2;;19;1000 шт;Нет;Крепеж;Приварной крепёж;Гвозди изоляционные;;;;;;
;235465 Гвоздь изоляционный стальной омедненный d 3,0 мм, длиной 265 мм;9e0288b5-894b-11ea-bd22-001e6754e0a5;235465;html;gvozd_cd-om.png;;html;gvozd_cd-om.png;;850;Конденсаторная сварка крепежа CD;Гвоздь изоляционный;Омедненная сталь;3;;265;1000 шт;Нет;Крепеж;Приварной крепёж;Гвозди изоляционные;;;;;;
;Гвоздь изоляционный стальной омедненный d 3,0 мм, длиной 220 мм;68a503aa-894f-11ea-bd22-001e6754e0a5;SP3-ER-220;html;gvozd_cd-om.png;;html;gvozd_cd-om.png;;850;Конденсаторная сварка крепежа CD;Гвоздь изоляционный;Омедненная сталь;3;;220;1000 шт;Нет;Крепеж;Приварной крепёж;Гвозди изоляционные;;;;;;
;235440 Гвоздь изоляционный стальной омедненный d 3,0 мм, длиной 240 мм;912ad9da-894f-11ea-bd22-001e6754e0a5;235440;html;gvozd_cd-om.png;;html;gvozd_cd-om.png;;850;Конденсаторная сварка крепежа CD;Гвоздь изоляционный;Омедненная сталь;3;;240;1000 шт;Нет;Крепеж;Приварной крепёж;Гвозди изоляционные;;;;;;
;235490 Гвоздь изоляционный стальной омедненный d 3,0 мм, длиной 290 мм;b245b2a7-894f-11ea-bd22-001e6754e0a5;235490;html;gvozd_cd-om.png;;html;gvozd_cd-om.png;;850;Конденсаторная сварка крепежа CD;Гвоздь изоляционный;Омедненная сталь;3;;290;1000 шт;Нет;Крепеж;Приварной крепёж;Гвозди изоляционные;;;;;;
;SP3-ER-320 / M Гвоздь изоляционный стальной омедненный d 3,0 мм, длиной 320 мм;e1a3a950-894f-11ea-bd22-001e6754e0a5;SP3-ER-320 / M;html;gvozd_cd-om.png;;html;gvozd_cd-om.png;;850;Конденсаторная сварка крепежа CD;Гвоздь изоляционный;Омедненная сталь;3;;320;1000 шт;Нет;Крепеж;Приварной крепёж;Гвозди изоляционные;;;;;;
;SP3-ER-340 / M Гвоздь изоляционный стальной омедненный d 3,0 мм, длиной 340 мм;f58ca917-894f-11ea-bd22-001e6754e0a5;SP3-ER-340 / M;html;gvozd_cd-om.png;;html;gvozd_cd-om.png;;850;Конденсаторная сварка крепежа CD;Гвоздь изоляционный;Омедненная сталь;3;;340;1000 шт;Нет;Крепеж;Приварной крепёж;Гвозди изоляционные;;;;;;
;242317 Гвоздь d 2,7 мм, длиной 117 мм неизолированный чашеобразный со шляпкой d 30 мм (материал гвоздя сталь омедненная, материал шляпки сталь оцинкованная) CDF3-117 CUP;0674d3c3-99d5-11e6-bf00-001e6754e0a4;242317;html;gvozd_neiso.png;;html;gvozd_neiso.png;;850;Конденсаторная сварка крепежа CD;Гвоздь изоляционный чашеобразный;Омедненная сталь;2,7;30;117;шт;Нет;Крепеж;Приварной крепёж;Гвозди изоляционные;;;;;;
;242323 Гвоздь d 2,7 мм, длиной 123 мм неизолированный чашеобразный со шляпкой d 30 мм (материал гвоздя сталь омедненная, материал шляпки сталь оцинкованная) CDF3-123 CUP;24b67e62-99d5-11e6-bf00-001e6754e0a4;242323;html;gvozd_neiso.png;;html;gvozd_neiso.png;;850;Конденсаторная сварка крепежа CD;Гвоздь изоляционный чашеобразный;Омедненная сталь;2,7;30;123;1000 шт;Нет;Крепеж;Приварной крепёж;Гвозди изоляционные;;;;;;
;246258 Гвоздь d 2,7 мм, длиной 58 мм изолированный чашеобразный со шляпкой d 30 мм (материал гвоздя сталь омедненная, материал шляпки сталь оцинкованная) CDF3-ISOL-58 CuW;b222a71d-ac9a-11e6-bf00-001e6754e0a4;246258*;html;gvozd_isolac_om.jpg;;html;gvozd_isolac_om.jpg;;850;Конденсаторная сварка крепежа CD;Гвоздь изоляционный чашеобразный;Омедненная сталь;2,7;30;58;1000 шт;Нет;Крепеж;Приварной крепёж;Гвозди изоляционные;;;;;;
;246225* Гвоздь d 2,7 мм, длиной 25 мм изолированный чашеобразный со шляпкой d 30 мм (материал гвоздя сталь омедненная, материал шляпки сталь оцинкованная) CDF3-ISOL-25 CuW;f8d47146-b578-11e6-bf00-001e6754e0a4;246225*;html;gvozd_isolac_om.jpg;;html;gvozd_isolac_om.jpg;;850;Конденсаторная сварка крепежа CD;Гвоздь изоляционный чашеобразный;Омедненная сталь;2,7;30;25;1000 шт;Нет;Крепеж;Приварной крепёж;Гвозди изоляционные;;;;;;
;246242* Гвоздь d 2,7 мм, длиной 42 мм изолированный чашеобразный со шляпкой d 30 мм (материал гвоздя сталь омедненная, материал шляпки сталь оцинкованная) CDF3-ISOL-42 CuW;13af4a36-b579-11e6-bf00-001e6754e0a4;246242*;html;gvozd_isolac_om.jpg;;html;gvozd_isolac_om.jpg;;850;Конденсаторная сварка крепежа CD;Гвоздь изоляционный чашеобразный;Омедненная сталь;2,7;30;42;1000 шт;Нет;Крепеж;Приварной крепёж;Гвозди изоляционные;;;;;;
;231242* Гвоздь изоляционный стальной омедненный d 2,0 мм, длиной 42 мм, SP2-TC-42;5d7a5b76-c13d-11e6-bf00-001e6754e0a4;231242*;html;gvozd_cd-om.png;;html;gvozd_cd-om.png;;850;Конденсаторная сварка крепежа CD;Гвоздь изоляционный;Омедненная сталь;2;;42;компл;Нет;Крепеж;Приварной крепёж;Гвозди изоляционные;;;;;;
;235040* SP2-ER-40* Гвоздь изоляционный стальной омедненный d 2,0 мм, длиной 40 мм;83ccf494-c6c2-11e6-bf00-001e6754e0a4;235040*;html;gvozd_cd-om.png;;html;gvozd_cd-om.png;;850;Конденсаторная сварка крепежа CD;Гвоздь изоляционный;Омедненная сталь;2;;40;1000 шт;Нет;Крепеж;Приварной крепёж;Гвозди изоляционные;;;;;;
;42-02-050 Гвоздь изоляционный стальной нержавеющий d 2 мм L 50 мм;880b1a2b-c84c-4fa7-834a-1a017ea22ff9;42-02-050;html;gvozd_cd-st.png;;html;gvozd_cd-st.png;;850;Конденсаторная сварка крепежа CD;Гвоздь изоляционный;Нержавеющая сталь;2;;50;1000 шт;Нет;Крепеж;Приварной крепёж;Гвозди изоляционные;;;;;;
;79-25-0754 Гвоздь изоляционный ARC-FIBERFIX d 5 мм L 75 мм AISI 304 1.4841;fd1d8761-9e31-48fa-8379-22eaa09956da;79-25-0754;html;gvozd_ARC-FIBERFIX.png;;html;gvozd_ARC-FIBERFIX.png;;850;Дуговая сварка крепежа ARC;Гвоздь изоляционный;Нержавеющая сталь;5;;75;100 шт;Нет;Крепеж;Приварной крепёж;Гвозди изоляционные;;;;;;
;79-25-3002 Гвоздь изоляционный ARC-FIBERFIX d 5 мм L 300 мм 1.4301/03;cf2d31bc-812e-4ee3-85cf-5157baa93671;79-25-3002;html;gvozd_ARC-FIBERFIX.png;;html;gvozd_ARC-FIBERFIX.png;;850;Дуговая сварка крепежа ARC;Гвоздь изоляционный;Нержавеющая сталь;5;;300;100 шт;Нет;Крепеж;Приварной крепёж;Гвозди изоляционные;;;;;;
;42-03-055 Гвоздь изоляционный стальной нержавеющий d 3 мм L 55 мм;74ad3baa-3845-11e6-879c-001e6754e0a4;42-03-055;html;gvozd_cd-st.png;;html;gvozd_cd-st.png;;850;Конденсаторная сварка крепежа CD;Гвоздь изоляционный;Нержавеющая сталь;3;;55;1000 шт;Нет;Крепеж;Приварной крепёж;Гвозди изоляционные;;;;;;
;49-24-004 Клипса d 38 мм нержавеющая сталь для изоляционных гвоздей d 4 мм;5bba87a5-3a02-11e6-879c-001e6754e0a4;49-24-004;html;klipca3.png;;html;klipca3.png;;850;;Клипса;Нержавеющая сталь;4;38;;1000 шт;Нет;Крепеж;Приварной крепёж;Гвозди изоляционные;;;;;;
;42-03-025 Гвоздь изоляционный стальной нержавеющий d 3 мм L 25 мм;318d69e8-b1c4-11e8-88e6-001e6754e0a5;42-03-025;html;gvozd_cd-st.png;;html;gvozd_cd-st.png;;850;Конденсаторная сварка крепежа CD;Гвоздь изоляционный;Нержавеющая сталь;3;;25;1000 шт;Нет;Крепеж;Приварной крепёж;Гвозди изоляционные;;;;;;
;42-03-070 Гвоздь изоляционный стальной нержавеющий d 3 мм L 70 мм;e830f80f-8055-4553-8a40-379f8e8af3c2;42-03-070;html;gvozd_cd-st.png;;html;gvozd_cd-st.png;;850;Конденсаторная сварка крепежа CD;Гвоздь изоляционный;Нержавеющая сталь;3;;70;1000 шт;Нет;Крепеж;Приварной крепёж;Гвозди изоляционные;;;;;;
;74-03-130 Гвоздь ARC-ISO изоляционный нержавеющая сталь d 3 мм L 130 мм;eeac853d-c173-11e3-8b66-001e6754e0a7;74-03-130;html;gvozd_ARC-st.png;;html;gvozd_ARC-st.png;;850;Дуговая сварка крепежа ARC;Гвоздь изоляционный;Нержавеющая сталь;3;;130;1000 шт;Нет;Крепеж;Приварной крепёж;Гвозди изоляционные;;;;;;
;42-02-080 Гвоздь изоляционный стальной нержавеющий d 2 мм L 80 мм;e3d9e011-537e-11e0-8bb2-000423dd84e7;42-02-080;html;gvozd_cd-st.png;;html;gvozd_cd-st.png;;850;Конденсаторная сварка крепежа CD;Гвоздь изоляционный;Нержавеющая сталь;2;;80;1000 шт;Нет;Крепеж;Приварной крепёж;Гвозди изоляционные;;;;;;
;42-02-110 Гвоздь изоляционный стальной нержавеющий d 2 мм L 110 мм;a76ccb73-5f48-11e0-8bb2-000423dd84e7;42-02-110;html;gvozd_cd-st.png;;html;gvozd_cd-st.png;;850;Конденсаторная сварка крепежа CD;Гвоздь изоляционный;Нержавеющая сталь;2;;110;1000 шт;Нет;Крепеж;Приварной крепёж;Гвозди изоляционные;;;;;;
;42-03-150 Гвоздь изоляционный стальной нержавеющий d 3 мм L 140 мм Scholer+Bolte;fe4d39cd-3345-11e9-8c98-001e6754e0a5;42-03-150;html;gvozd_cd-st.png;;html;gvozd_cd-st.png;;850;Конденсаторная сварка крепежа CD;Гвоздь изоляционный;Нержавеющая сталь;3;;140;1000 шт;Нет;Крепеж;Приварной крепёж;Гвозди изоляционные;;;;;;
;79-25-3104 Гвоздь изоляционный ARC-FIBERFIX d 5 мм L 310 мм AISI 304 1.4841;0dad38e3-4dcc-4c21-8d07-03a3bd4022e4;79-25-3104;html;gvozd_ARC-FIBERFIX.png;;html;gvozd_ARC-FIBERFIX.png;;850;Дуговая сварка крепежа ARC;Гвоздь изоляционный;Нержавеющая сталь;5;;310;100 шт;Нет;Крепеж;Приварной крепёж;Гвозди изоляционные;;;;;;
;79-25-3502 Гвоздь изоляционный ARC-FIBERFIX d 5 мм L 350 мм 1.4301/03;34aada6a-859b-4478-8d0f-58d931461dd3;79-25-3502;html;gvozd_ARC-FIBERFIX.png;;html;gvozd_ARC-FIBERFIX.png;;850;Дуговая сварка крепежа ARC;Гвоздь изоляционный;Нержавеющая сталь;5;;350;100 шт;Нет;Крепеж;Приварной крепёж;Гвозди изоляционные;;;;;;
;79-14-2502 Гвозди изоляционные сталь нержавеющая ARC d 4,0 мм длиной 250 мм;292a8bce-890d-11e1-8f2f-000423dd84e7;79-14-2502;html;gvozd_ARC-st.png;;html;gvozd_ARC-st.png;;850;Дуговая сварка крепежа ARC;Гвоздь изоляционный;Нержавеющая сталь;4;;250;100 шт;Нет;Крепеж;Приварной крепёж;Гвозди изоляционные;;;;;;
;79-25-2802 Гвоздь изоляционный ARC-FIBERFIX d 5 мм L 280 мм AISI 304;095d1d05-91ff-4b05-9323-87380062a208;79-25-2802;html;gvozd_ARC-FIBERFIX.png;;html;gvozd_ARC-FIBERFIX.png;;850;Дуговая сварка крепежа ARC;Гвоздь изоляционный;Нержавеющая сталь;5;;280;100 шт;Нет;Крепеж;Приварной крепёж;Гвозди изоляционные;;;;;;
;42-03-140 Гвоздь изоляционный нержавеющая сталь d 3 мм длиной 140 мм Scholer+Bolte;e4d7de6c-73ea-11e1-976d-000423dd84e7;42-03-140;html;gvozd_cd-st.png;;html;gvozd_cd-st.png;;850;Конденсаторная сварка крепежа CD;Гвоздь изоляционный;Нержавеющая сталь;3;;140;1000 шт;Нет;Крепеж;Приварной крепёж;Гвозди изоляционные;;;;;;
;42-02-100 Гвоздь изоляционный нержавеющая сталь d 2 мм длиной 100 мм;f688b6d7-76da-11e0-9885-000423dd84e7;42-02-100;html;gvozd_cd-st.png;;html;gvozd_cd-st.png;;850;Конденсаторная сварка крепежа CD;Гвоздь изоляционный;Нержавеющая сталь;2;;100;1000 шт;Нет;Крепеж;Приварной крепёж;Гвозди изоляционные;;;;;;
;42-03-110 Гвоздь изоляционный нержавеющая сталь d 3 мм длиной 110 мм;ef84a936-810b-11e0-9885-000423dd84e7;42-03-110;html;gvozd_cd-st.png;;html;gvozd_cd-st.png;;850;Конденсаторная сварка крепежа CD;Гвоздь изоляционный;Нержавеющая сталь;3;;110;1000 шт;Нет;Крепеж;Приварной крепёж;Гвозди изоляционные;;;;;;
;42-03-120 Гвоздь изоляционный нержавеющая сталь d 3 мм длиной 120 мм;7f4acc77-ca38-11e5-9b6d-001e6754e0a4;42-03-120;html;gvozd_cd-st.png;;html;gvozd_cd-st.png;;850;Конденсаторная сварка крепежа CD;Гвоздь изоляционный;Нержавеющая сталь;3;;120;1000 шт;Нет;Крепеж;Приварной крепёж;Гвозди изоляционные;;;;;;
;42-02-130 Гвоздь изоляционный стальной нержавеющий d 2 мм длиной 130 мм;4688bd48-7d40-11e5-9d04-001e6754e0a4;42-02-130;html;gvozd_cd-st.png;;html;gvozd_cd-st.png;;850;Конденсаторная сварка крепежа CD;Гвоздь изоляционный;Нержавеющая сталь;2;;130;1000 шт;Нет;Крепеж;Приварной крепёж;Гвозди изоляционные;;;;;;
;79-25-1504 Гвоздь изоляционный ARC-FIBERFIX d 5 мм L 150 мм 1.4841;3a926098-f7ce-4380-9d85-80ba454a96a7;79-25-1504;html;gvozd_ARC-FIBERFIX.png;;html;gvozd_ARC-FIBERFIX.png;;850;Дуговая сварка крепежа ARC;Гвоздь изоляционный;Нержавеющая сталь;5;;150;100 шт;Нет;Крепеж;Приварной крепёж;Гвозди изоляционные;;;;;;
;79-25-1002 Гвоздь изоляционный ARC-FIBERFIX d 5 мм L 100 мм 1.4301/03;278ee194-e6e0-4224-9fb0-f74a4ee50c07;79-25-1002;html;gvozd_ARC-FIBERFIX.png;;html;gvozd_ARC-FIBERFIX.png;;850;Дуговая сварка крепежа ARC;Гвоздь изоляционный;Нержавеющая сталь;5;;100;100 шт;Нет;Крепеж;Приварной крепёж;Гвозди изоляционные;;;;;;
;79-25-2604 Гвоздь изоляционный ARC-FIBERFIX d 5 мм L 260 мм 1.4841;52351c7b-44ac-42b8-a05f-30442b7cde90;79-25-2604;html;gvozd_ARC-FIBERFIX.png;;html;gvozd_ARC-FIBERFIX.png;;850;Дуговая сварка крепежа ARC;Гвоздь изоляционный;Нержавеющая сталь;5;;260;100 шт;Нет;Крепеж;Приварной крепёж;Гвозди изоляционные;;;;;;
;49-45-004 Клипса LFF60 d 60 для изоляционных гвоздей d 5 мм 1.4841.;1c93e1fb-3018-4dfa-a409-66bddb3439fb;49-45-004;html;klipca3.png;;html;klipca3.png;;850;;Клипса;Нержавеющая сталь;5;60;;100 шт;Нет;Крепеж;Приварной крепёж;Гвозди изоляционные;;;;;;
;79-25-2004 Гвоздь изоляционный ARC-FIBERFIX d 5 мм L 200 мм 1.4841;16e91f43-b0e9-476f-a707-c286e230d314;79-25-2004;html;gvozd_ARC-FIBERFIX.png;;html;gvozd_ARC-FIBERFIX.png;;850;Дуговая сварка крепежа ARC;Гвоздь изоляционный;Нержавеющая сталь;5;;200;100 шт;Нет;Крепеж;Приварной крепёж;Гвозди изоляционные;;;;;;
;42-02-020 Гвоздь изоляционный сталь d 2 мм длиной 20 мм;8c790df4-a726-11e2-aba5-000423dd84e7;42-02-020;html;gvozd_cd-st.png;;html;gvozd_cd-st.png;;850;Конденсаторная сварка крепежа CD;Гвоздь изоляционный;Нержавеющая сталь;2;;20;1000 шт;Нет;Крепеж;Приварной крепёж;Гвозди изоляционные;;;;;;
;42-02-030 Гвоздь изоляционный стальной нержавеющий d 2 мм длиной 30 мм;8c790df6-a726-11e2-aba5-000423dd84e7;42-02-030;html;gvozd_cd-st.png;;html;gvozd_cd-st.png;;850;Конденсаторная сварка крепежа CD;Гвоздь изоляционный;Нержавеющая сталь;2;;30;1000 шт;Нет;Крепеж;Приварной крепёж;Гвозди изоляционные;;;;;;
;42-02-040 Гвоздь изоляционный стальной нержавеющий d 2 мм длиной 40 мм;8c790df8-a726-11e2-aba5-000423dd84e7;42-02-040;html;gvozd_cd-st.png;;html;gvozd_cd-st.png;;850;Конденсаторная сварка крепежа CD;Гвоздь изоляционный;Нержавеющая сталь;2;;40;1000 шт;Нет;Крепеж;Приварной крепёж;Гвозди изоляционные;;;;;;
;42-02-065 Гвоздь изоляционный стальной нержавеющий d 2 мм длиной 65 мм;8c790dfa-a726-11e2-aba5-000423dd84e7;42-02-065;html;gvozd_cd-st.png;;html;gvozd_cd-st.png;;850;Конденсаторная сварка крепежа CD;Гвоздь изоляционный;Нержавеющая сталь;2;;65;1000 шт;Нет;Крепеж;Приварной крепёж;Гвозди изоляционные;;;;;;
;42-02-090 Гвоздь изоляционный стальной нержавеющий d 2 мм длиной 90 мм;8c790dfc-a726-11e2-aba5-000423dd84e7;42-02-090;html;gvozd_cd-st.png;;html;gvozd_cd-st.png;;850;Конденсаторная сварка крепежа CD;Гвоздь изоляционный;Нержавеющая сталь;2;;90;1000 шт;Нет;Крепеж;Приварной крепёж;Гвозди изоляционные;;;;;;
;42-03-030 Гвоздь изоляционный стальной нержавеющий d 3 мм длиной 30 мм;8c790dfe-a726-11e2-aba5-000423dd84e7;42-03-030;html;gvozd_cd-st.png;;html;gvozd_cd-st.png;;850;Конденсаторная сварка крепежа CD;Гвоздь изоляционный;Нержавеющая сталь;3;;30;1000 шт;Нет;Крепеж;Приварной крепёж;Гвозди изоляционные;;;;;;
;42-03-040 Гвоздь изоляционный стальной нержавеющий d 3 мм длиной 40 мм;8c790e00-a726-11e2-aba5-000423dd84e7;42-03-040;html;gvozd_cd-st.png;;html;gvozd_cd-st.png;;850;Конденсаторная сварка крепежа CD;Гвоздь изоляционный;Нержавеющая сталь;3;;40;1000 шт;Нет;Крепеж;Приварной крепёж;Гвозди изоляционные;;;;;;
;42-03-050 Гвоздь изоляционный приварной d 3 мм длиной 50 мм, материал - сталь нержавеющая 1.4301;8c790e02-a726-11e2-aba5-000423dd84e7;42-03-050;html;gvozd_cd-st.png;;html;gvozd_cd-st.png;;850;Конденсаторная сварка крепежа CD;Гвоздь изоляционный;Нержавеющая сталь;3;;50;1000 шт;Нет;Крепеж;Приварной крепёж;Гвозди изоляционные;;;;;;
;42-03-060 Гвоздь изоляционный стальной нержавеющий d 3 мм длиной 60 мм;8c790e04-a726-11e2-aba5-000423dd84e7;42-03-060;html;gvozd_cd-st.png;;html;gvozd_cd-st.png;;850;Конденсаторная сварка крепежа CD;Гвоздь изоляционный;Нержавеющая сталь;3;;60;1000 шт;Нет;Крепеж;Приварной крепёж;Гвозди изоляционные;;;;;;
;42-03-080 Гвоздь изоляционный стальной нержавеющий d 3 мм длиной 80 мм;8c790e06-a726-11e2-aba5-000423dd84e7;42-03-080;html;gvozd_cd-st.png;;html;gvozd_cd-st.png;;850;Конденсаторная сварка крепежа CD;Гвоздь изоляционный;Нержавеющая сталь;3;;80;1000 шт;Нет;Крепеж;Приварной крепёж;Гвозди изоляционные;;;;;;
;42-03-090 Гвоздь изоляционный стальной нержавеющий d 3 мм длиной 90 мм;8c790e08-a726-11e2-aba5-000423dd84e7;42-03-090;html;gvozd_cd-st.png;;html;gvozd_cd-st.png;;850;Конденсаторная сварка крепежа CD;Гвоздь изоляционный;Нержавеющая сталь;3;;90;1000 шт;Нет;Крепеж;Приварной крепёж;Гвозди изоляционные;;;;;;
;42-03-100 Гвоздь изоляционный нержавеющая сталь d 3 мм длиной 100 мм;8c790e0a-a726-11e2-aba5-000423dd84e7;42-03-100;html;gvozd_cd-st.png;;html;gvozd_cd-st.png;;850;Конденсаторная сварка крепежа CD;Гвоздь изоляционный;Нержавеющая сталь;3;;100;1000 шт;Нет;Крепеж;Приварной крепёж;Гвозди изоляционные;;;;;;
;79-25-1004 Гвоздь изоляционный ARC-FIBERFIX d 5 мм L 100 мм 1.4841;2d508e74-9393-41cc-af3d-5072963726a8;79-25-1004;html;gvozd_ARC-FIBERFIX.png;;html;gvozd_ARC-FIBERFIX.png;;850;Дуговая сварка крепежа ARC;Гвоздь изоляционный;Нержавеющая сталь;5;;100;100 шт;Нет;Крепеж;Приварной крепёж;Гвозди изоляционные;;;;;;
;70-04-270 Гвоздь ARC-ISO изоляционный d 4 мм L 270 мм нержавеющая сталь 1.4541 (AISI 321);e1bf1fb4-e4c7-11e3-b077-001e6754e0a7;70-04-270;html;gvozd_ARC-st.png;;html;gvozd_ARC-st.png;;850;Дуговая сварка крепежа ARC;Гвоздь изоляционный;Нержавеющая сталь;4;;270;1000 шт;Нет;Крепеж;Приварной крепёж;Гвозди изоляционные;;;;;;
;70-04-290 Гвоздь ARC-ISO изоляционный d 4 мм L 290 мм нержавеющая сталь 1.4541 (AISI 321);fdd37ec5-e4c7-11e3-b077-001e6754e0a7;70-04-290;html;gvozd_ARC-st.png;;html;gvozd_ARC-st.png;;850;Дуговая сварка крепежа ARC;Гвоздь изоляционный;Нержавеющая сталь;4;;290;1000 шт;Нет;Крепеж;Приварной крепёж;Гвозди изоляционные;;;;;;
;70-04-250 Гвоздь ARC-ISO изоляционный d 4 мм L 250 мм нержавеющая сталь 1.4541 (AISI 321);0e18cc54-e4c8-11e3-b077-001e6754e0a7;70-04-250;html;gvozd_ARC-st.png;;html;gvozd_ARC-st.png;;850;Дуговая сварка крепежа ARC;Гвоздь изоляционный;Нержавеющая сталь;4;;250;1000 шт;Нет;Крепеж;Приварной крепёж;Гвозди изоляционные;;;;;;
;70-04-390 Гвоздь ARC-ISO изоляционный d 4 мм L 390 мм нержавеющая сталь 1.4541 (AISI 321);17f21b7f-e4c8-11e3-b077-001e6754e0a7;70-04-390;html;gvozd_ARC-st.png;;html;gvozd_ARC-st.png;;850;Дуговая сварка крепежа ARC;Гвоздь изоляционный;Нержавеющая сталь;4;;390;1000 шт;Нет;Крепеж;Приварной крепёж;Гвозди изоляционные;;;;;;
;70-04-330 Гвоздь ARC-ISO изоляционный d 4 мм L 330 мм нержавеющая сталь 1.4541 (AISI 321);2a7336e0-e4c8-11e3-b077-001e6754e0a7;70-04-330;html;gvozd_ARC-st.png;;html;gvozd_ARC-st.png;;850;Дуговая сварка крепежа ARC;Гвоздь изоляционный;Нержавеющая сталь;4;;330;1000 шт;Нет;Крепеж;Приварной крепёж;Гвозди изоляционные;;;;;;
;79-25-3505 Гвоздь изоляционный ARC-FIBERFIX d 5 мм L 350 мм 1.4841;40d80f24-75c6-4783-b0cc-9b29e18e5cfc;79-25-3505;html;gvozd_ARC-FIBERFIX.png;;html;gvozd_ARC-FIBERFIX.png;;850;Дуговая сварка крепежа ARC;Гвоздь изоляционный;Нержавеющая сталь;5;;350;100 шт;Нет;Крепеж;Приварной крепёж;Гвозди изоляционные;;;;;;
;42-02-060 Гвоздь изоляционный нержавеющая сталь d 2 мм длиной 60 мм;7d8ced1a-017b-4d9d-b0f0-702cb93f12b2;42-02-060;html;gvozd_cd-st.png;;html;gvozd_cd-st.png;;850;Конденсаторная сварка крепежа CD;Гвоздь изоляционный;Нержавеющая сталь;2;;60;1000 шт;Нет;Крепеж;Приварной крепёж;Гвозди изоляционные;;;;;;
;79-25-2002 Гвоздь изоляционный ARC-FIBERFIX d 5 мм L 200 мм 1.4301/03;6d500944-3fd1-4c02-b10c-2256553f52e7;79-25-2002;html;gvozd_ARC-FIBERFIX.png;;html;gvozd_ARC-FIBERFIX.png;;850;Дуговая сварка крепежа ARC;Гвоздь изоляционный;Нержавеющая сталь;5;;200;100 шт;Нет;Крепеж;Приварной крепёж;Гвозди изоляционные;;;;;;
;79-25-0502 Гвоздь изоляционный ARC-FIBERFIX d 5 мм L 50 мм AISI 304;d1b0e1c4-bdb8-410e-b18b-45978664c408;79-25-0502;html;gvozd_ARC-FIBERFIX.png;;html;gvozd_ARC-FIBERFIX.png;;850;Дуговая сварка крепежа ARC;Гвоздь изоляционный;Нержавеющая сталь;5;;50;100 шт;Нет;Крепеж;Приварной крепёж;Гвозди изоляционные;;;;;;
;49-26-006 Клипса d 38 мм для изоляционных гвоздей d 6 мм нержавеющая сталь AISI 304;093c9c7a-31e2-11e5-b1e7-001e6754e0a4;49-26-006;html;klipca3.png;;html;klipca3.png;;850;;Клипса;Нержавеющая сталь;6;38;;1000 шт;Нет;Крепеж;Приварной крепёж;Гвозди изоляционные;;;;;;
;49-23-003 Клипса d 38 мм для изоляционных гвоздей d 3 мм 3 разреза, материал - сталь нержавеющая 1.4301;038cf9fb-31e7-11e5-b1e7-001e6754e0a4;49-23-003;html;klipca3.png;;html;klipca3.png;;850;;Клипса;Нержавеющая сталь;3;38;;1000 шт;Нет;Крепеж;Приварной крепёж;Гвозди изоляционные;;;;;;
;79-25-4502 Гвоздь изоляционный ARC-FIBERFIX d 5 мм L 450 мм 1.4301/03;cc0a1196-333e-4a1c-b3d8-8da426846d12;79-25-4502;html;gvozd_ARC-FIBERFIX.png;;html;gvozd_ARC-FIBERFIX.png;;850;Дуговая сварка крепежа ARC;Гвоздь изоляционный;Нержавеющая сталь;5;;450;100 шт;Нет;Крепеж;Приварной крепёж;Гвозди изоляционные;;;;;;
;42-03-381-Izol Гвоздь изоляционный чашеобразный изолированный 3,0х38.1х30 мм. Шляпка d 30 мм стальная нержавеющая. Гвоздь d 3 мм, длиной 38.1 мм - нержавеющая сталь изолированный;88b78c8a-9c5f-11e7-b6b4-001e6754e0a4;42-03-381-Izol;html;gvozd_isolac.png;;html;gvozd_isolac.png;;850;Конденсаторная сварка крепежа CD;Гвоздь изоляционный чашеобразный;Нержавеющая сталь;3;30;38,1;1000 шт;Нет;Крепеж;Приварной крепёж;Гвозди изоляционные;;;;;;
;79-14-2702 Гвозди изоляционные сталь нержавеющая ARC d 4,0 мм длиной 270 мм;57962a5d-7d5a-11e1-b787-000423dd84e7;79-14-2702;html;gvozd_ARC-st.png;;html;gvozd_ARC-st.png;;850;Дуговая сварка крепежа ARC;Гвоздь изоляционный;Нержавеющая сталь;4;;270;100 шт;Нет;Крепеж;Приварной крепёж;Гвозди изоляционные;;;;;;
;79-14-2902 Гвозди изоляционные сталь нержавеющая ARC d 4,0 мм длиной 290 мм;57962a5f-7d5a-11e1-b787-000423dd84e7;79-14-2902;html;gvozd_ARC-st.png;;html;gvozd_ARC-st.png;;850;Дуговая сварка крепежа ARC;Гвоздь изоляционный;Нержавеющая сталь;4;;290;100 шт;Нет;Крепеж;Приварной крепёж;Гвозди изоляционные;;;;;;
;79-14-3902 Гвозди изоляционные сталь нержавеющая ARC d 4,0 мм длиной 390 мм;57962a61-7d5a-11e1-b787-000423dd84e7;79-14-3902;html;gvozd_ARC-st.png;;html;gvozd_ARC-st.png;;850;Дуговая сварка крепежа ARC;Гвоздь изоляционный;Нержавеющая сталь;4;;390;100 шт;Нет;Крепеж;Приварной крепёж;Гвозди изоляционные;;;;;;
;79-14-3302 Гвозди изоляционные сталь нержавеющая ARC d 4,0 мм длиной 330 мм;57962a63-7d5a-11e1-b787-000423dd84e7;79-14-3302;html;gvozd_ARC-st.png;;html;gvozd_ARC-st.png;;850;Дуговая сварка крепежа ARC;Гвоздь изоляционный;Нержавеющая сталь;4;;330;100 шт;Нет;Крепеж;Приварной крепёж;Гвозди изоляционные;;;;;;
;79-25-2502 Гвоздь изоляционный ARC-FIBERFIX d 5 мм L 250 мм 1.4301/03;ec370cef-1db1-45e7-b836-0e1e6c8b90b8;79-25-2502;html;gvozd_ARC-FIBERFIX.png;;html;gvozd_ARC-FIBERFIX.png;;850;Дуговая сварка крепежа ARC;Гвоздь изоляционный;Нержавеющая сталь;5;;250;100 шт;Нет;Крепеж;Приварной крепёж;Гвозди изоляционные;;;;;;
;79-25-3004 Гвоздь изоляционный ARC-FIBERFIX d 5 мм L 300 мм 1.4841;5dd606ef-403d-4b21-b9a1-6330a92ec239;79-25-3004;html;gvozd_ARC-FIBERFIX.png;;html;gvozd_ARC-FIBERFIX.png;;850;Дуговая сварка крепежа ARC;Гвоздь изоляционный;Нержавеющая сталь;5;;300;100 шт;Нет;Крепеж;Приварной крепёж;Гвозди изоляционные;;;;;;
;42-02-070 Гвоздь изоляционный нержавеющая сталь d 2 мм длиной 70 мм;c2bc9343-1c64-4c74-bb03-7ed57e6934e8;42-02-070;html;gvozd_cd-st.png;;html;gvozd_cd-st.png;;850;Конденсаторная сварка крепежа CD;Гвоздь изоляционный;Нержавеющая сталь;2;;70;1000 шт;Нет;Крепеж;Приварной крепёж;Гвозди изоляционные;;;;;;
;79-25-4002 Гвоздь изоляционный ARC-FIBERFIX d 5 мм L 400 мм 1.4301/03;5c82e530-f785-41de-bb9a-6556152a87d5;79-25-4002;html;gvozd_ARC-FIBERFIX.png;;html;gvozd_ARC-FIBERFIX.png;;850;Дуговая сварка крепежа ARC;Гвоздь изоляционный;Нержавеющая сталь;5;;400;100 шт;Нет;Крепеж;Приварной крепёж;Гвозди изоляционные;;;;;;
;79-25-1502 Гвоздь изоляционный ARC-FIBERFIX d 5 мм L 150 мм 1.4301/03;140f7583-d48b-4980-bcee-b478bfc946c3;79-25-1502;html;gvozd_ARC-FIBERFIX.png;;html;gvozd_ARC-FIBERFIX.png;;850;Дуговая сварка крепежа ARC;Гвоздь изоляционный;Нержавеющая сталь;5;;150;100 шт;Нет;Крепеж;Приварной крепёж;Гвозди изоляционные;;;;;;
;79-25-4004 Гвоздь изоляционный ARC-FIBERFIX d 5 мм L 400 мм 1.4841;b4cca6ea-206f-4acc-bdce-89392603ade5;79-25-4004;html;gvozd_ARC-FIBERFIX.png;;html;gvozd_ARC-FIBERFIX.png;;850;Дуговая сварка крепежа ARC;Гвоздь изоляционный;Нержавеющая сталь;5;;400;100 шт;Нет;Крепеж;Приварной крепёж;Гвозди изоляционные;;;;;;
;41-02-060 Гвоздь изоляционный стальной омедненный d 2 мм длиной 60 мм;07fcb342-d5a9-4efd-9793-ad75b12da3d4;41-02-060;html;gvozd_cd-om.png;;html;gvozd_cd-om.png;;850;Конденсаторная сварка крепежа CD;Гвоздь изоляционный;Омедненная сталь;2;;60;1000 шт;Нет;Крепеж;Приварной крепёж;Гвозди изоляционные;;;;;;
;41-02-020 Гвоздь изоляционный стальной омедненный d 2 мм длиной 20 мм;7ffc11f9-0225-4ec2-b8d1-c893672dfcdb;41-02-020;html;gvozd_cd-om.png;;html;gvozd_cd-om.png;;850;Конденсаторная сварка крепежа CD;Гвоздь изоляционный;Омедненная сталь;2;;20;1000 шт;Нет;Крепеж;Приварной крепёж;Гвозди изоляционные;;;;;;
;41-02-100 Гвоздь изоляционный стальной омедненный d 2 мм длиной 100 мм;cdc7c3fa-54e3-4606-bfd0-e849aba98d10;41-02-100;html;gvozd_cd-om.png;;html;gvozd_cd-om.png;;850;Конденсаторная сварка крепежа CD;Гвоздь изоляционный;Омедненная сталь;2;;100;1000 шт;Нет;Крепеж;Приварной крепёж;Гвозди изоляционные;;;;;;
;41-03-060 Гвоздь изоляционный стальной омедненный d 3 мм длиной 60 мм;5f8e657c-1c0c-45c4-b2e8-d0a939cf3c07;41-03-060;html;gvozd_cd-om.png;;html;gvozd_cd-om.png;;850;Конденсаторная сварка крепежа CD;Гвоздь изоляционный;Омедненная сталь;3;;60;1000 шт;Нет;Крепеж;Приварной крепёж;Гвозди изоляционные;;;;;;
;Гвоздь изоляционный стальной омедненный d 2 мм длиной 30 мм;681415a0-c306-4159-8711-9b0d74d53202;41-02-030;html;gvozd_cd-om.png;;html;gvozd_cd-om.png;;850;Конденсаторная сварка крепежа CD;Гвоздь изоляционный;Омедненная сталь;2;;30;1000 шт;Нет;Крепеж;Приварной крепёж;Гвозди изоляционные;;;;;;
;Гвоздь изоляционный стальной омедненный d 2 мм длиной 80 мм;36a15b69-e300-4db7-9685-b4e74a9b193d;41-02-080;html;gvozd_cd-om.png;;html;gvozd_cd-om.png;;850;Конденсаторная сварка крепежа CD;Гвоздь изоляционный;Омедненная сталь;2;;80;1000 шт;Нет;Крепеж;Приварной крепёж;Гвозди изоляционные;;;;;;
;Гвоздь биметаллический тип VBS d 3х35;0ff28d63-7abc-11e4-9f92-001e6754e0a4;241-03-035;html;gvozd_bimetal.png;;html;gvozd_bimetal.png;;850;Конденсаторная сварка крепежа CD;Гвоздь биметаллический;Алюминий/Омедненная сталь;3;;35;1000 шт;Нет;Крепеж;Приварной крепёж;Гвозди изоляционные;;;;;;
;Гвоздь биметаллический тип VBS d 3х55;33008d23-7abc-11e4-9f92-001e6754e0a4;241-03-055;html;gvozd_bimetal.png;;html;gvozd_bimetal.png;;850;Конденсаторная сварка крепежа CD;Гвоздь биметаллический;Алюминий/Омедненная сталь;3;;55;1000 шт;Нет;Крепеж;Приварной крепёж;Гвозди изоляционные;;;;;;
;Гвоздь биметаллический тип VBS d 3х100;dd9cbfb6-c478-11e3-8b66-001e6754e0a7;241-03-100;html;gvozd_bimetal.png;;html;gvozd_bimetal.png;;850;Конденсаторная сварка крепежа CD;Гвоздь биметаллический;Алюминий/Омедненная сталь;3;;100;1000 шт;Нет;Крепеж;Приварной крепёж;Гвозди изоляционные;;;;;;
;49-53-003 Клипса d 38 мм для изоляционных гвоздей d 3 мм с пластиковой крышкой ( Цвет белый );247c67f8-d54c-11e5-9b6d-001e6754e0a4;49-53-003;html;klipca3.png;;html;klipca3.png;;850;;Клипса;;3;38;;1000 шт;Нет;Крепеж;Приварной крепёж;Гвозди изоляционные;;;;;;
;Клипса d 38 мм для изоляционных гвоздей d3 мм 3 разреза Scholer;889fd9b3-a8fd-11e3-abe8-001e6754e0a7;49-13-003;html;klipca3.png;;html;klipca3.png;;850;;Клипса;;3;38;;1000 шт;Нет;Крепеж;Приварной крепёж;Гвозди изоляционные;;;;;;
;Клипса d 38 мм для изоляционных гвоздей d3 мм 3 разреза;f1544ea1-e69f-4b0e-9ff4-0c845716e4a3;49-13-001A;html;klipca3.png;;html;klipca3.png;;850;;Клипса;;3;38;;1000 шт;Нет;Крепеж;Приварной крепёж;Гвозди изоляционные;;;;;;
;Клипса d 38 мм для изоляционных гвоздей d 5 мм 3 разреза Нержавеющая сталь Scholer;f44992fe-9db9-11eb-9626-001e6754e0a5;49-25-005;html;klipca3.png;;html;klipca3.png;;850;;Клипса;;5;38;;1000 шт;Нет;Крепеж;Приварной крепёж;Гвозди изоляционные;;;;;;
;Клипса d 38 мм для изоляционных гвоздей d2 мм 6 разрезов HBS;59ff1927-7447-49e9-9ce0-5e82a6e843a3;49-12-001;html;klipca3.png;;html;klipca3.png;;850;;Клипса;;2;38;;1000 шт;Нет;Крепеж;Приварной крепёж;Гвозди изоляционные;;;;;;
;Гвоздь изоляционный биметаллический тип VBS d3 мм. L 45 мм. Almg3/St37;d4e51fd8-586b-11e5-9d04-001e6754e0a4;241-03-045;html;gvozd_bimetal.png;;html;gvozd_bimetal.png;;850;Конденсаторная сварка крепежа CD;Гвоздь биметаллический;Алюминий/Сталь;3;;45;1000 шт;Нет;Крепеж;Приварной крепёж;Гвозди изоляционные;;;;;;
;Гвоздь изоляционный биметаллический тип VBS d3 мм. L 120 мм. Almg3/St37;ec5908ff-41c7-11e5-9d04-001e6754e0a4;241-03-120;html;gvozd_bimetal.png;;html;gvozd_bimetal.png;;850;Конденсаторная сварка крепежа CD;Гвоздь биметаллический;Алюминий/Сталь;3;;120;1000 шт;Нет;Крепеж;Приварной крепёж;Гвозди изоляционные;;;;;;
;49-16-006 Клипса/шайба d 38 мм стальная оцинкованная для изоляционных гвоздей d 6 мм;af94e7e3-c6fd-11e4-9599-001e6754e0a4;49-16-006;html;klipca3.png;;html;klipca3.png;;850;;Клипса;Оцинкованная сталь;6;38;;1000 шт;Нет;Крепеж;Приварной крепёж;Гвозди изоляционные;;;;;;
;Гвоздь изоляционный биметаллический алюминий AlMg3, стержень – сталь с омеднением  d3 мм L 60 мм;7ebcee82-902e-11e1-8205-000423dd84e7;79-45-0601;html;gvozd_bemet.png;;html;gvozd_bemet.png;;850;Конденсаторная сварка крепежа CD;Гвоздь биметаллический;Алюминий/Омедненная сталь;3;;60;1000 шт;Нет;Крепеж;Приварной крепёж;Гвозди изоляционные;;;;;;
;41-03-150 Гвоздь изоляционный стальной омедненный d 3 мм длиной 150 мм;c021ab71-7fad-4005-83fb-bae675d42c5d;41-03-150;html;gvozd_cd-om.png;;html;gvozd_cd-om.png;;850;Конденсаторная сварка крепежа CD;Гвоздь изоляционный;Омедненная сталь;3;;150;1000 шт;Нет;Крепеж;Приварной крепёж;Гвозди изоляционные;;;;;;
;49-27-0415 Гвоздь изоляционный чашеобразный изолированный 2,7х41,3х38 мм. Шляпка d 38 мм стальная оцинкованная. Гвоздь d 2,7 мм, длиной 41,3 мм - сталь оцинкованная.;e1fb8bf5-a422-431d-8a07-b0a265aa07d0;49-27-0415;html;gvozd_isolac.png;;html;gvozd_isolac.png;;850;Конденсаторная сварка крепежа CD;Гвоздь изоляционный чашеобразный;Оцинкованная сталь;2,7;38;41,3;1000 шт;Нет;Крепеж;Приварной крепёж;Гвозди изоляционные;;;;;;
;49-31-0190 Гвоздь изоляционный чашеобразный неизолированный 2,0х19,1х30 мм. Шляпка d 30 мм стальная оцинкованная. Гвоздь d 2 мм, длиной 19 мм - сталь нержавеющая.;13e6d9bf-f558-11e0-882f-000423dd84e7;49-31-0190;html;gvozd_isolac.png;;html;gvozd_isolac.png;;850;Конденсаторная сварка крепежа CD;Гвоздь изоляционный чашеобразный;Нержавеющая сталь;2;30;19;1000 шт;Нет;Крепеж;Приварной крепёж;Гвозди изоляционные;;;;;;
;49-27-0545 Гвоздь изоляционный чашеобразный изолированный 2,7х54,0х38 мм. Шляпка d 38 мм стальная оцинкованная. Гвоздь d 2,7 мм, длиной 54,0 мм - сталь оцинкованная.;21e278fb-249f-11e1-8ad3-000423dd84e7;49-27-0545;html;gvozd_isolac.png;;html;gvozd_isolac.png;;850;Конденсаторная сварка крепежа CD;Гвоздь изоляционный чашеобразный;Оцинкованная сталь;2,7;38;54;1000 шт;Нет;Крепеж;Приварной крепёж;Гвозди изоляционные;;;;;;
;79-14-1001 Гвозди изоляционные  омененные ARC 4*100;485643af-e129-4a10-8607-7922b811fb75;79-14-1001;html;gvozd_ARC-om.png;;html;gvozd_ARC-om.png;;850;Дуговая сварка крепежа ARC;Гвоздь изоляционный;Омедненная сталь;4;;100;1000 шт;Нет;Крепеж;Приварной крепёж;Гвозди изоляционные;;;;;;
;49-20-0190 Гвоздь изоляционный чашеобразный неизолированный 2,0х19,1х30 мм. Шляпка d 30 мм стальная оцинкованная. Гвоздь d 2 мм, длиной 19,1 мм - сталь оцинкованная.;7fa1a338-3f0f-4ae9-883a-d9e4b962ff43;49-20-0190;html;iso_gvozd_oz.png;;html;iso_gvozd_oz.png;;850;Конденсаторная сварка крепежа CD;Гвоздь изоляционный чашеобразный;Оцинкованная сталь;;;;1000 шт;Нет;Крепеж;Приварной крепёж;Гвозди изоляционные;;;;;;
;49-27-0735 Гвоздь изоляционный чашеобразный изолированный 2,7х73,0х38 мм. Шляпка d 38 мм стальная оцинкованная. Гвоздь d 2,7 мм, длиной 73,0 мм - сталь оцинкованная.;58743462-1f20-11e1-8ad3-000423dd84e7;49-27-0735;html;gvozd_isolac.png;;html;gvozd_isolac.png;;850;Конденсаторная сварка крепежа CD;Гвоздь изоляционный чашеобразный;Оцинкованная сталь;;;;1000 шт;Нет;Крепеж;Приварной крепёж;Гвозди изоляционные;;;;;;
;49-20-0354 Гвоздь изоляционный чашеобразный изолированный 2,0х34,9х30 мм. Шляпка d 30 мм стальная оцинкованная. Гвоздь d 2 мм, длиной 34,9 мм - сталь оцинкованная.;93c9c325-1663-4c0d-8d7b-6bc0f16d1ff8;49-20-0354;html;gvozd_isolac.png;;html;gvozd_isolac.png;;850;Конденсаторная сварка крепежа CD;Гвоздь изоляционный чашеобразный;Оцинкованная сталь;;;;1000 шт;Нет;Крепеж;Приварной крепёж;Гвозди изоляционные;;;;;;
;Гвоздь изоляционный биметаллический алюминий AlMg3, стержень – сталь с омеднением d3 мм L 45 мм;7ebcee7c-902e-11e1-8205-000423dd84e7;79-45-0451;html;gvozd_bemet.png;;html;gvozd_bemet.png;;850;Конденсаторная сварка крепежа CD;Гвоздь биметаллический;Алюминий/Омедненная сталь;3;;45;1000 шт;Нет;Крепеж;Приварной крепёж;Гвозди изоляционные;;;;;;
;49-20-0480 Гвоздь изоляционный чашеобразный неизолированный 2,0х47,6х30 мм. Шляпка d 30 мм стальная оцинкованная. Гвоздь d 2 мм, длиной 47,6 мм - сталь оцинкованная.;750ceea8-9af3-45f7-8853-bcba3de92445;49-20-0480;html;iso_gvozd_oz.png;;html;iso_gvozd_oz.png;;850;Конденсаторная сварка крепежа CD;Гвоздь изоляционный чашеобразный;Оцинкованная сталь;;;;1000 шт;Нет;Крепеж;Приварной крепёж;Гвозди изоляционные;;;;;;
;41-03-040 Гвоздь изоляционный стальной омедненный d 3 мм длиной 40 мм;f5f672c7-0197-4c7f-8d13-f2441b0d5800;41-03-040;html;gvozd_cd-om.png;;html;gvozd_cd-om.png;;850;Конденсаторная сварка крепежа CD;Гвоздь изоляционный;Омедненная сталь;3;;40;1000 шт;Нет;Крепеж;Приварной крепёж;Гвозди изоляционные;;;;;;
;49-20-0414 Гвоздь изоляционный чашеобразный изолированный 2,0х41,3х30 мм. Шляпка d 30 мм стальная оцинкованная. Гвоздь d 2 мм, длиной 41,3 мм - сталь оцинкованная.;43466334-1edd-11e0-8bb2-000423dd84e7;49-20-0414;html;gvozd_isolac.png;;html;gvozd_isolac.png;;850;Конденсаторная сварка крепежа CD;Гвоздь изоляционный чашеобразный;Оцинкованная сталь;;;;1000 шт;Нет;Крепеж;Приварной крепёж;Гвозди изоляционные;;;;;;
;79-14-2501 Гвозди изоляционные стальные омедненные ARC d 4,0 мм длиной 250 мм;292a8bc4-890d-11e1-8f2f-000423dd84e7;79-14-2501;html;gvozd_ARC-om.png;;html;gvozd_ARC-om.png;;850;Дуговая сварка крепежа ARC;Гвоздь изоляционный;Омедненная сталь;4;;250;1000 шт;Нет;Крепеж;Приварной крепёж;Гвозди изоляционные;;;;;;
;Гвоздь изоляционный биметаллический тип VBS d3 мм. L 50 мм. Almg3/St37;23084393-7abc-11e4-9f92-001e6754e0a4;241-03-050;html;gvozd_bimetal.png;;html;gvozd_bimetal.png;;850;Конденсаторная сварка крепежа CD;Гвоздь биметаллический;Алюминий/Сталь;3;;50;1000 шт;Нет;Крепеж;Приварной крепёж;Гвозди изоляционные;;;;;;
;49-27-0385 Гвоздь изоляционный чашеобразный изолированный 2,7х38,1х38 мм. Шляпка d 38 мм стальная оцинкованная. Гвоздь d 2,7 мм, длиной 38,1 мм - сталь оцинкованная.;5b99eb19-468d-4c01-94ab-94eafb91ccad;49-27-0385;html;gvozd_isolac.png;;html;gvozd_isolac.png;;850;Конденсаторная сварка крепежа CD;Гвоздь изоляционный чашеобразный;Оцинкованная сталь;;;;1000 шт;Нет;Крепеж;Приварной крепёж;Гвозди изоляционные;;;;;;
;44-03-065 Гвоздь изоляционный алюминий (AlMg3) d 3 мм длиной 65 мм;7ebcee74-902e-11e1-8205-000423dd84e7;44-03-065;html;gvozd_cd-a.png;;html;gvozd_cd-a.png;;850;Конденсаторная сварка крепежа CD;Гвоздь изоляционный;Алюминий;3;;65;1000 шт;Нет;Крепеж;Приварной крепёж;Гвозди изоляционные;;;;;;
;49-20-0220 Гвоздь изоляционный чашеобразный неизолированный 2,0х22,2х30 мм. Шляпка d 30 мм стальная оцинкованная. Гвоздь d 2 мм, длиной 22,2 мм - сталь оцинкованная.;866607a1-c4c8-4582-9375-0deb63977d68;49-20-0220;html;iso_gvozd_oz.png;;html;iso_gvozd_oz.png;;850;Конденсаторная сварка крепежа CD;Гвоздь изоляционный чашеобразный;Оцинкованная сталь;;;;1000 шт;Нет;Крепеж;Приварной крепёж;Гвозди изоляционные;;;;;;
;Гвоздь изоляционный биметаллический тип VBS d3 мм. L 65 мм. Almg3/St37;4205c423-7abc-11e4-9f92-001e6754e0a4;241-03-065;html;gvozd_bimetal.png;;html;gvozd_bimetal.png;;850;Конденсаторная сварка крепежа CD;Гвоздь биметаллический;Алюминий/Сталь;3;;65;1000 шт;Нет;Крепеж;Приварной крепёж;Гвозди изоляционные;;;;;;
;79-14-0601 Гвозди изоляционные  омененные ARC 4*60;8a56c99f-379a-4d59-8a4a-90897e9246c5;79-14-0601;html;gvozd_ARC-om.png;;html;gvozd_ARC-om.png;;850;Дуговая сварка крепежа ARC;Гвоздь изоляционный;Омедненная сталь;4;;60;1000 шт;Нет;Крепеж;Приварной крепёж;Гвозди изоляционные;;;;;;
;79-13-1301 Гвоздь ARC-ISO изоляционный d 3 мм L130 мм;8fbbe31f-921d-4e2c-8a53-8724c71aa57f;79-13-1301;html;gvozd_ARC-om.png;;html;gvozd_ARC-om.png;;850;Дуговая сварка крепежа ARC;Гвоздь изоляционный;Омедненная сталь;3;;130;1000 шт;Нет;Крепеж;Приварной крепёж;Гвозди изоляционные;;;;;;
;49-20-0250 Гвоздь изоляционный чашеобразный неизолированный 2,0х25,4х30 мм. Шляпка d 30 мм стальная оцинкованная. Гвоздь d 2 мм, длиной 25,4 мм - сталь оцинкованная.;a58aa563-b5d5-4bcf-8a60-b53dbcfd3c0b;49-20-0250;html;iso_gvozd_oz.png;;html;iso_gvozd_oz.png;;850;Конденсаторная сварка крепежа CD;Гвоздь изоляционный чашеобразный;Оцинкованная сталь;;;;1000 шт;Нет;Крепеж;Приварной крепёж;Гвозди изоляционные;;;;;;
;Гвоздь изоляционный биметаллический тип VBS d3 мм. L 160 мм. Almg3/St37;67c7e763-7abc-11e4-9f92-001e6754e0a4;241-03-160;html;gvozd_bimetal.png;;html;gvozd_bimetal.png;;850;Конденсаторная сварка крепежа CD;Гвоздь биметаллический;Алюминий/Сталь;3;;160;1000 шт;Нет;Крепеж;Приварной крепёж;Гвозди изоляционные;;;;;;
;49-20-0544 Гвоздь изоляционный чашеобразный изолированный 2,0х54,0х30 мм. Шляпка d 30 мм стальная оцинкованная. Гвоздь d 2 мм, длиной 54,0 мм - сталь оцинкованная.;1cc4ae37-9f1b-11e1-8205-000423dd84e7;49-20-0544;html;gvozd_isolac.png;;html;gvozd_isolac.png;;850;Конденсаторная сварка крепежа CD;Гвоздь изоляционный чашеобразный;Оцинкованная сталь;;;;1000 шт;Нет;Крепеж;Приварной крепёж;Гвозди изоляционные;;;;;;
;Гвоздь изоляционный биметаллический тип VBS d3 мм. L 190 мм. Almg3/St37;962aa561-8542-11ea-9a7e-001e6754e0a5;241-03-190;html;gvozd_bimetal.png;;html;gvozd_bimetal.png;;850;Конденсаторная сварка крепежа CD;Гвоздь биметаллический;Алюминий/Сталь;3;;190;1000 шт;Нет;Крепеж;Приварной крепёж;Гвозди изоляционные;;;;;;
;Гвоздь изоляционный биметаллический алюминий AlMg3, стержень – сталь с омеднением d3 мм L 35 мм;7ebcee76-902e-11e1-8205-000423dd84e7;79-45-0351;html;gvozd_bemet.png;;html;gvozd_bemet.png;;850;Конденсаторная сварка крепежа CD;Гвоздь биметаллический;Алюминий/Омедненная сталь;3;;35;1000 шт;Нет;Крепеж;Приварной крепёж;Гвозди изоляционные;;;;;;
;49-20-0284 Гвоздь изоляционный чашеобразный изолированный 2,0х28,6х30 мм. Шляпка d 30 мм стальная оцинкованная. Гвоздь d 2 мм, длиной 28,6 мм - сталь оцинкованная.;c62ee8ec-6796-41f6-8c5d-70a0e76ad219;49-20-0284;html;gvozd_isolac.png;;html;gvozd_isolac.png;;850;Конденсаторная сварка крепежа CD;Гвоздь изоляционный чашеобразный;Оцинкованная сталь;;;;1000 шт;Нет;Крепеж;Приварной крепёж;Гвозди изоляционные;;;;;;
;79-14-3101 Гвозди изоляционные стальные омедненные ARC d 4,0 мм длиной 310 мм;292a8bca-890d-11e1-8f2f-000423dd84e7;79-14-3101;html;gvozd_ARC-om.png;;html;gvozd_ARC-om.png;;850;Дуговая сварка крепежа ARC;Гвоздь изоляционный;Омедненная сталь;4;;310;1000 шт;Нет;Крепеж;Приварной крепёж;Гвозди изоляционные;;;;;;
;Гвоздь изоляционный биметаллический тип VBS d3 мм. L 115 мм. Almg3/St37;54cc9703-7abc-11e4-9f92-001e6754e0a4;241-03-115;html;gvozd_bimetal.png;;html;gvozd_bimetal.png;;850;Конденсаторная сварка крепежа CD;Гвоздь биметаллический;Алюминий/Сталь;3;;115;1000 шт;Нет;Крепеж;Приварной крепёж;Гвозди изоляционные;;;;;;
;41-03-065 Гвоздь изоляционный стальной омедненный d 3 мм длиной 65 мм;a4469a43-1e9e-44d8-877d-fe379e46b389;41-03-065;html;gvozd_cd-om.png;;html;gvozd_cd-om.png;;850;Конденсаторная сварка крепежа CD;Гвоздь изоляционный;Омедненная сталь;3;;65;10000 шт;Нет;Крепеж;Приварной крепёж;Гвозди изоляционные;;;;;;
;41-03-080 Гвоздь изоляционный стальной омедненный d 3 мм длиной 80 мм;5d359888-b402-490b-804f-69cef1bd1aaa;41-03-080;html;gvozd_cd-om.png;;html;gvozd_cd-om.png;;850;Конденсаторная сварка крепежа CD;Гвоздь изоляционный;Омедненная сталь;3;;80;1000 шт;Нет;Крепеж;Приварной крепёж;Гвозди изоляционные;;;;;;
;Гвоздь изоляционный биметаллический алюминий AlMg3, стержень – сталь с омеднением d3 мм L 55 мм;7ebcee80-902e-11e1-8205-000423dd84e7;79-45-0551;html;gvozd_bemet.png;;html;gvozd_bemet.png;;850;Конденсаторная сварка крепежа CD;Гвоздь биметаллический;Алюминий/Омедненная сталь;3;;55;1000 шт;Нет;Крепеж;Приварной крепёж;Гвозди изоляционные;;;;;;
;49-25-004 Клипса LLF-060 для изоляционных гвоздей d5 мм 1.4301/03;228b21f8-ac57-4924-8207-435715afea2a;49-25-004;html;klipca3.png;;html;klipca3.png;;850;;Клипса;;;;;1000 шт;Нет;Крепеж;Приварной крепёж;Гвозди изоляционные;;;;;;
;49-27-1011 Гвоздь изоляционный чашеобразный неизолированный 2,7х101,6х38 мм. Шляпка d 38 мм стальная оцинкованная. Гвоздь d 2,7 мм, длиной 101,6 мм - сталь оцинкованная.;6bfd819b-d615-4794-8e5b-fa8e8cf155d3;49-27-1011;html;iso_gvozd_oz.png;;html;iso_gvozd_oz.png;;850;Конденсаторная сварка крепежа CD;Гвоздь изоляционный чашеобразный;Оцинкованная сталь;;;;1000 шт;Нет;Крепеж;Приварной крепёж;Гвозди изоляционные;;;;;;
;66-04-100 Гвоздь ARC-ISO изоляционный d 4 мм L100 мм сталь омедненная;26f6f38b-a930-11e9-9889-001e6754e0a5;66-04-100;html;gvozd_ARC-om.png;;html;gvozd_ARC-om.png;;850;Дуговая сварка крепежа ARC;Гвоздь изоляционный;Омедненная сталь;4;;100;1000 шт;Нет;Крепеж;Приварной крепёж;Гвозди изоляционные;;;;;;
;Гвоздь изоляционный биметаллический алюминий AlMg3, стержень – сталь с омеднением d3 мм L 40 мм;7ebcee7a-902e-11e1-8205-000423dd84e7;79-45-0401;html;gvozd_bemet.png;;html;gvozd_bemet.png;;850;Конденсаторная сварка крепежа CD;Гвоздь биметаллический;Алюминий/Омедненная сталь;3;;40;1000 шт;Нет;Крепеж;Приварной крепёж;Гвозди изоляционные;;;;;;
;79-14-1701 Гвозди изоляционные стальные омедненные ARC d 4,0 мм длиной 170 мм;292a8bc2-890d-11e1-8f2f-000423dd84e7;79-14-1701;html;gvozd_ARC-om.png;;html;gvozd_ARC-om.png;;850;Дуговая сварка крепежа ARC;Гвоздь изоляционный;Омедненная сталь;4;;170;1000 шт;Нет;Крепеж;Приварной крепёж;Гвозди изоляционные;;;;;;
;79-13-1001 Гвоздь ARC-ISO изоляционный d 3 мм L100 мм;1be0bd0e-89ac-4050-a430-2027653c7f54;79-13-1001;html;gvozd_ARC-om.png;;html;gvozd_ARC-om.png;;850;Дуговая сварка крепежа ARC;Гвоздь изоляционный;Омедненная сталь;3;;100;1000 шт;Нет;Крепеж;Приварной крепёж;Гвозди изоляционные;;;;;;
;79-13-1501 Гвоздь ARC-ISO изоляционный d 3 мм L150 мм;bf91f6ee-8009-4789-8049-906652a9f098;79-13-1501;html;gvozd_ARC-om.png;;html;gvozd_ARC-om.png;;850;Дуговая сварка крепежа ARC;Гвоздь изоляционный;Омедненная сталь;3;;150;1000 шт;Нет;Крепеж;Приварной крепёж;Гвозди изоляционные;;;;;;
;49-27-1015 Гвоздь изоляционный чашеобразный изолированный 2,7х101,6х38 мм. Шляпка d 38 мм стальная оцинкованная. Гвоздь d 2,7 мм, длиной 101,6 мм - сталь оцинкованная.;49a3fe3f-d41d-40db-8b31-862bede8f931;49-27-1015;html;gvozd_isolac.png;;html;gvozd_isolac.png;;850;Конденсаторная сварка крепежа CD;Гвоздь изоляционный чашеобразный;Оцинкованная сталь;;;;1000 шт;Нет;Крепеж;Приварной крепёж;Гвозди изоляционные;;;;;;
;49-20-0514 Гвоздь изоляционный чашеобразный изолированный 2,0х50,8х30 мм. Шляпка d 30 мм стальная оцинкованная. Гвоздь d 2 мм, длиной 50,8 мм - сталь оцинкованная.;f50ee7cf-477c-4d01-8cea-cff72e99a414;49-20-0514;html;gvozd_isolac.png;;html;gvozd_isolac.png;;850;Конденсаторная сварка крепежа CD;Гвоздь изоляционный чашеобразный;Оцинкованная сталь;;;;1000 шт;Нет;Крепеж;Приварной крепёж;Гвозди изоляционные;;;;;;
;79-13-0901 Гвоздь ARC-ISO изоляционный d 3 мм L90 мм;f6a47ff3-2b8f-47d2-94c4-fd197227a374;79-13-0901;html;gvozd_ARC-om.png;;html;gvozd_ARC-om.png;;850;Дуговая сварка крепежа ARC;Гвоздь изоляционный;Омедненная сталь;3;;90;1000 шт;Нет;Крепеж;Приварной крепёж;Гвозди изоляционные;;;;;;
;41-02-140 Гвоздь изоляционный стальной омедненный d 2 мм длиной 140 мм;b7dbb606-8e8b-11e5-8a9a-001e6754e0a4;41-02-140;html;gvozd_cd-om.png;;html;gvozd_cd-om.png;;850;Конденсаторная сварка крепежа CD;Гвоздь изоляционный;Омедненная сталь;2;;140;1000 шт;Нет;Крепеж;Приварной крепёж;Гвозди изоляционные;;;;;;
;49-13-001 Клипса d 38 мм стальная оцинкованная для изоляционных гвоздей d 3 мм;c51b88a7-169f-46b5-9a47-65f7ecd559e0;49-13-001;html;klipca3.png;;html;klipca3.png;;850;;Клипса;;;;;1000 шт;Нет;Крепеж;Приварной крепёж;Гвозди изоляционные;;;;;;
;Гвоздь изоляционный биметаллический алюминий AlMg3, стержень – сталь с омеднением d3 мм L 50 мм;7ebcee7e-902e-11e1-8205-000423dd84e7;79-45-0501;html;gvozd_bemet.png;;html;gvozd_bemet.png;;850;Конденсаторная сварка крепежа CD;Гвоздь биметаллический;Алюминий/Омедненная сталь;3;;50;1000 шт;Нет;Крепеж;Приварной крепёж;Гвозди изоляционные;;;;;;
;41-02-070 Гвоздь изоляционный стальной омедненный d 2 мм длиной 70 мм;ad21c8bf-e1bb-4db1-838e-fa334a52ddb4;41-02-070;html;gvozd_cd-om.png;;html;gvozd_cd-om.png;;850;Конденсаторная сварка крепежа CD;Гвоздь изоляционный;Омедненная сталь;2;;70;1000 шт;Нет;Крепеж;Приварной крепёж;Гвозди изоляционные;;;;;;
;79-14-2301 Гвозди изоляционные стальные омедненные ARC d 4,0 мм длиной 230 мм;292a8bc8-890d-11e1-8f2f-000423dd84e7;79-14-2301;html;gvozd_ARC-om.png;;html;gvozd_ARC-om.png;;850;Дуговая сварка крепежа ARC;Гвоздь изоляционный;Омедненная сталь;4;;230;1000 шт;Нет;Крепеж;Приварной крепёж;Гвозди изоляционные;;;;;;
;49-25-001 Клипса MOUNTING WASHER для изоляц. гвоздей d5 мм;9ad5bb1c-aaa3-4f1f-8478-997a02ee053b;49-25-001;html;klipca3.png;;html;klipca3.png;;850;;Клипса;;;;;1000 шт;Нет;Крепеж;Приварной крепёж;Гвозди изоляционные;;;;;;
;79-13-0501 Гвоздь ARC-ISO изоляционный d 3 мм L50 мм;75a7fc5a-a3f4-471f-aed7-d7700d643003;79-13-0501;html;gvozd_ARC-om.png;;html;gvozd_ARC-om.png;;850;Дуговая сварка крепежа ARC;Гвоздь изоляционный;Омедненная сталь;3;;50;1000 шт;Нет;Крепеж;Приварной крепёж;Гвозди изоляционные;;;;;;
;79-13-1101 Гвоздь ARC-ISO изоляционный d 3 мм L110 мм;919c480b-f031-4b2b-8d4e-6339f9fae8d2;79-13-1101;html;gvozd_ARC-om.png;;html;gvozd_ARC-om.png;;850;Дуговая сварка крепежа ARC;Гвоздь изоляционный;Омедненная сталь;3;;110;1000 шт;Нет;Крепеж;Приварной крепёж;Гвозди изоляционные;;;;;;
;79-13-0451 Гвоздь ARC-ISO изоляционный d 3 мм L45 мм;e7ed64d3-4d48-457a-99d7-83e42f3217f2;79-13-0451;html;gvozd_ARC-om.png;;html;gvozd_ARC-om.png;;850;Дуговая сварка крепежа ARC;Гвоздь изоляционный;Омедненная сталь;3;;45;1000 шт;Нет;Крепеж;Приварной крепёж;Гвозди изоляционные;;;;;;
;44-03-080 Гвоздь изоляционный алюминий (AlMg3) d 3 мм длиной 80 мм;bb524819-7725-4b4e-96df-1abe057f9743;44-03-080;html;gvozd_cd-a.png;;html;gvozd_cd-a.png;;850;Конденсаторная сварка крепежа CD;Гвоздь изоляционный;Алюминий;3;;80;1000 шт;Нет;Крепеж;Приварной крепёж;Гвозди изоляционные;;;;;;
;66-03-108 Гвоздь ARC-ISO изоляционный d 3 мм длиной 108 мм сталь омедненная;b7a794b5-6e9a-11ea-9a7e-001e6754e0a5;66-03-108-MS;html;gvozd_ARC-om.png;;html;gvozd_ARC-om.png;;850;Дуговая сварка крепежа ARC;Гвоздь изоляционный;Омедненная сталь;3;;180;1000 шт;Нет;Крепеж;Приварной крепёж;Гвозди изоляционные;;;;;;
;79-14-1201 Гвозди изоляционные  омененные стальные ARC 4*120;b7753bec-eb16-46f6-9efa-72a80882c670;79-14-1201;html;gvozd_ARC-om.png;;html;gvozd_ARC-om.png;;850;Дуговая сварка крепежа ARC;Гвоздь изоляционный;Омедненная сталь;4;;120;1000 шт;Нет;Крепеж;Приварной крепёж;Гвозди изоляционные;;;;;;
;79-14-2601 Гвозди изоляционные стальные омедненные ARC d 4,0 мм длиной 260 мм;292a8bcc-890d-11e1-8f2f-000423dd84e7;79-14-2601;html;gvozd_ARC-om.png;;html;gvozd_ARC-om.png;;850;Дуговая сварка крепежа ARC;Гвоздь изоляционный;Омедненная сталь;4;;260;1000 шт;Нет;Крепеж;Приварной крепёж;Гвозди изоляционные;;;;;;
;66-06-060 Гвоздь ARC-ISO изоляционный d 6 мм, длиной 60 мм, сталь омедненная;773e2553-c6fd-11e4-9599-001e6754e0a4;66-06-060;html;gvozd_ARC-om.png;;html;gvozd_ARC-om.png;;850;Дуговая сварка крепежа ARC;Гвоздь изоляционный;Омедненная сталь;6;;60;1000 шт;Нет;Крепеж;Приварной крепёж;Гвозди изоляционные;;;;;;
;66-03-150 Гвоздь ARC-ISO изоляционный d 3 мм L150 мм сталь омедненная;ca167582-eb65-11e9-9d59-001e6754e0a5;66-03-150;html;gvozd_ARC-om.png;;html;gvozd_ARC-om.png;;850;Дуговая сварка крепежа ARC;Гвоздь изоляционный;Омедненная сталь;3;;150;1000 шт;Нет;Крепеж;Приварной крепёж;Гвозди изоляционные;;;;;;
;Гвоздь изоляционный биметаллический тип VBS d3 мм. L 40 мм. Almg3/St37;960013a6-c478-11e3-8b66-001e6754e0a7;241-03-040;html;gvozd_bimetal.png;;html;gvozd_bimetal.png;;850;Конденсаторная сварка крепежа CD;Гвоздь биметаллический;Алюминий/Сталь;3;;40;1000 шт;Нет;Крепеж;Приварной крепёж;Гвозди изоляционные;;;;;;
;79-13-2201 Гвоздь ARC-ISO изоляционный d 3 мм L 220 мм;991d126d-65a7-4274-a82d-829a0c959cb8;79-13-2201;html;gvozd_ARC-om.png;;html;gvozd_ARC-om.png;;850;Дуговая сварка крепежа ARC;Гвоздь изоляционный;Омедненная сталь;3;;220;1000 шт;Нет;Крепеж;Приварной крепёж;Гвозди изоляционные;;;;;;
;Гвоздь изоляционный биметаллический тип VBS d3 мм. L 60 мм. Almg3/St37;ec237118-586b-11e5-9d04-001e6754e0a4;241-03-060;html;gvozd_bimetal.png;;html;gvozd_bimetal.png;;850;Конденсаторная сварка крепежа CD;Гвоздь биметаллический;Алюминий/Сталь;3;;60;1000 шт;Нет;Крепеж;Приварной крепёж;Гвозди изоляционные;;;;;;
;49-20-0224 Гвоздь изоляционный чашеобразный изолированный 2,0х22,2х30 мм. Шляпка d 30 мм стальная оцинкованная. Гвоздь d 2 мм, длиной 22,2 мм - сталь оцинкованная.;ec5d0a09-b386-41da-9946-01d34ad01d4e;49-20-0224;html;iso_gvozd_oz.png;;html;iso_gvozd_oz.png;;850;Конденсаторная сварка крепежа CD;Гвоздь изоляционный чашеобразный;Оцинкованная сталь;;;;1000 шт;Нет;Крепеж;Приварной крепёж;Гвозди изоляционные;;;;;;
;49-20-0290 Гвоздь изоляционный чашеобразный неизолированный 2,0х28,6х30 мм. Шляпка d 30 мм стальная оцинкованная. Гвоздь d 2 мм, длиной 28,6 мм - сталь оцинкованная.;2611a573-152c-4e08-9ca9-4104e85845f1;49-20-0290;html;iso_gvozd_oz.png;;html;iso_gvozd_oz.png;;850;Конденсаторная сварка крепежа CD;Гвоздь изоляционный чашеобразный;Оцинкованная сталь;;;;1000 шт;Нет;Крепеж;Приварной крепёж;Гвозди изоляционные;;;;;;
;49-27-0294 Гвоздь изоляционный чашеобразный изолированный 2,7х28,6х38 мм. Шляпка d 38 мм стальная оцинкованная. Гвоздь d 2,7 мм, длиной 28,6 мм - сталь оцинкованная.;1b663ca1-75bd-4509-9ec4-fc04bab7eb41;49-27-0295;html;gvozd_isolac.png;;html;gvozd_isolac.png;;850;Конденсаторная сварка крепежа CD;Гвоздь изоляционный чашеобразный;Оцинкованная сталь;;;;1000 шт;Нет;Крепеж;Приварной крепёж;Гвозди изоляционные;;;;;;
;41-03-100 Гвоздь изоляционный стальной омедненный d 3 мм длиной 100 мм;554fa6ee-8763-400d-99e9-b59c887cc58b;41-03-100;html;gvozd_cd-om.png;;html;gvozd_cd-om.png;;850;Конденсаторная сварка крепежа CD;Гвоздь изоляционный;Омедненная сталь;3;;100;1000 шт;Нет;Крепеж;Приварной крепёж;Гвозди изоляционные;;;;;;
;66-04-210-B-NAGELSPI Гвоздь ARC-ISO изоляционный d 4 мм L210 мм сталь омедненная;4412d107-ca3a-11e5-9b6d-001e6754e0a4;66-04-210-B-NAGELSPI;html;gvozd_ARC-om.png;;html;gvozd_ARC-om.png;;850;Дуговая сварка крепежа ARC;Гвоздь изоляционный;Омедненная сталь;4;;210;1000 шт;Нет;Крепеж;Приварной крепёж;Гвозди изоляционные;;;;;;
;79-13-0751 Гвоздь ARC-ISO изоляционный d 3 мм L75 мм;f303a2b0-b55a-4693-b859-86f85e1af881;79-13-0751;html;gvozd_ARC-om.png;;html;gvozd_ARC-om.png;;850;Дуговая сварка крепежа ARC;Гвоздь изоляционный;Омедненная сталь;3;;75;1000 шт;Нет;Крепеж;Приварной крепёж;Гвозди изоляционные;;;;;;
;49-20-0510 Гвоздь изоляционный чашеобразный неизолированный 2,0х50,8х30 мм. Шляпка d 30 мм стальная оцинкованная. Гвоздь d 2 мм, длиной 50,8 мм - сталь оцинкованная.;d13bc331-31d5-4d8c-a815-2ca16ce08beb;49-20-0510;html;iso_gvozd_oz.png;;html;iso_gvozd_oz.png;;850;Конденсаторная сварка крепежа CD;Гвоздь изоляционный чашеобразный;Оцинкованная сталь;;;;1000 шт;Нет;Крепеж;Приварной крепёж;Гвозди изоляционные;;;;;;
;49-27-0895 Гвоздь изоляционный чашеобразный изолированный 2,7х89,9х38 мм. Шляпка d 38 мм стальная оцинкованная. Гвоздь d 2,7 мм, длиной 89,9 мм - сталь оцинкованная.;3f8064bf-b9a8-11e0-9d15-000423dd84e7;49-27-0895;html;gvozd_isolac.png;;html;gvozd_isolac.png;;850;Конденсаторная сварка крепежа CD;Гвоздь изоляционный чашеобразный;Оцинкованная сталь;;;;1000 шт;Нет;Крепеж;Приварной крепёж;Гвозди изоляционные;;;;;;
;66-05-110 Гвоздь ARC-ISO изоляционный d 5 мм L110 мм сталь омедненная;d2b6e0cd-4ce2-11ea-a00a-001e6754e0a5;66-05-110;html;gvozd_ARC-om.png;;html;gvozd_ARC-om.png;;850;Дуговая сварка крепежа ARC;Гвоздь изоляционный;Омедненная сталь;5;;110;1000 шт;Нет;Крепеж;Приварной крепёж;Гвозди изоляционные;;;;;;
;66-04-180-B-NAGELSPI Гвоздь ARC-ISO изоляционный d 4 мм L180 мм сталь омедненная;23800a77-ca3a-11e5-9b6d-001e6754e0a4;66-04-180-B-NAGELSPI;html;gvozd_ARC-om.png;;html;gvozd_ARC-om.png;;850;Дуговая сварка крепежа ARC;Гвоздь изоляционный;Омедненная сталь;4;;180;1000 шт;Нет;Крепеж;Приварной крепёж;Гвозди изоляционные;;;;;;
;66-05-100 Гвоздь ARC-ISO изоляционный d 5 мм L100 мм сталь омедненная;1e542a74-4f2a-11ea-a00a-001e6754e0a5;66-05-100;html;gvozd_ARC-om.png;;html;gvozd_ARC-om.png;;850;Дуговая сварка крепежа ARC;Гвоздь изоляционный;Омедненная сталь;5;;100;1000 шт;Нет;Крепеж;Приварной крепёж;Гвозди изоляционные;;;;;;
;49-20-0380 Гвоздь изоляционный чашеобразный неизолированный 2,0х38,1х30 мм. Шляпка d 30 мм стальная оцинкованная. Гвоздь d 2 мм, длиной 38,1 мм - сталь оцинкованная.;acae26da-a6ed-4d98-952c-b66e8cf1aa2b;49-20-0380;html;iso_gvozd_oz.png;;html;iso_gvozd_oz.png;;850;Конденсаторная сварка крепежа CD;Гвоздь изоляционный чашеобразный;Оцинкованная сталь;;;;1000 шт;Нет;Крепеж;Приварной крепёж;Гвозди изоляционные;;;;;;
;Гвоздь изоляционный биметаллический тип VBS d3 мм. L 255 мм. Almg3/St37;823c8473-7abc-11e4-9f92-001e6754e0a4;241-03-255;html;gvozd_bimetal.png;;html;gvozd_bimetal.png;;850;Конденсаторная сварка крепежа CD;Гвоздь биметаллический;Алюминий/Сталь;3;;255;1000 шт;Нет;Крепеж;Приварной крепёж;Гвозди изоляционные;;;;;;
;66-03-120 Гвоздь ARC-ISO изоляционный d 3 мм L120 мм сталь омедненная;6c513d29-c8b0-11e4-9599-001e6754e0a4;66-03-120;html;gvozd_ARC-om.png;;html;gvozd_ARC-om.png;;850;Дуговая сварка крепежа ARC;Гвоздь изоляционный;Омедненная сталь;3;;120;1000 шт;Нет;Крепеж;Приварной крепёж;Гвозди изоляционные;;;;;;
;49-22-002 Клипса d 38 мм для изоляционных гвоздей d2 мм (сталь аустенитная 1.4310) Scholer;482aa5f8-7e00-11e5-9d04-001e6754e0a4;49-22-002;html;klipca3.png;;html;klipca3.png;;850;;Клипса;;;;;1000 шт;Нет;Крепеж;Приварной крепёж;Гвозди изоляционные;;;;;;
;"79-25-0901 Гвоздь изоляционный ""пуп."" d 5 мм L90 мм";a363240d-15b1-4289-b159-9218eedc61df;79-25-0901;html;gvozd_cd-om.png;;html;gvozd_cd-om.png;;850;Конденсаторная сварка крепежа CD;Гвоздь изоляционный;Омедненная сталь;5;;90;1000 шт;Нет;Крепеж;Приварной крепёж;Гвозди изоляционные;;;;;;
;44-03-090 Гвоздь изоляционный алюминий (AlMg3) d 3 мм длиной 90 мм;5da82e71-85df-4d0e-9cab-f03a7de09590;44-03-090;html;gvozd_cd-a.png;;html;gvozd_cd-a.png;;850;Конденсаторная сварка крепежа CD;Гвоздь изоляционный;Алюминий;3;;90;1000 шт;Нет;Крепеж;Приварной крепёж;Гвозди изоляционные;;;;;;
;49-13-005 Клипса d 38 мм для изоляционных гвоздей d3 мм;db225c2a-c633-4a26-a1f9-6484f447d7e1;49-13-005;html;klipca3.png;;html;klipca3.png;;850;;Клипса;;;;;1000 шт;Нет;Крепеж;Приварной крепёж;Гвозди изоляционные;;;;;;
;41-03-035 Гвоздь изоляционный стальной омедненный d 3 мм длиной 35 мм;559f946f-03a4-4e8b-aa6b-e3cacd09694c;41-03-035;html;gvozd_cd-om.png;;html;gvozd_cd-om.png;;850;Конденсаторная сварка крепежа CD;Гвоздь изоляционный;Омедненная сталь;3;;35;1000 шт;Нет;Крепеж;Приварной крепёж;Гвозди изоляционные;;;;;;
;49-27-0221 Гвоздь изоляционный чашеобразный неизолированный 2,7х22,2х38 мм. Шляпка d 38 мм стальная оцинкованная. Гвоздь d 2,7 мм, длиной 22,2 мм - сталь оцинкованная.;8c790e1a-a726-11e2-aba5-000423dd84e7;49-27-0221;html;iso_gvozd_oz.png;;html;iso_gvozd_oz.png;;850;Конденсаторная сварка крепежа CD;Гвоздь изоляционный чашеобразный;Оцинкованная сталь;;;;1000 шт;Нет;Крепеж;Приварной крепёж;Гвозди изоляционные;;;;;;
;49-23-001 Клипса d 30 мм для изоляционных гвоздей d3 мм;14375851-ec8a-422b-986c-e52c912949cc;49-23-001;html;klipca3.png;;html;klipca3.png;;850;;Клипса;;;;;1000 шт;Нет;Крепеж;Приварной крепёж;Гвозди изоляционные;;;;;;
;79-13-0651 Гвоздь ARC-ISO изоляционный d 3 мм L65 мм;14b89227-23d2-4e14-9bc7-a7d5316ab2a5;79-13-0651;html;gvozd_ARC-om.png;;html;gvozd_ARC-om.png;;850;Дуговая сварка крепежа ARC;Гвоздь изоляционный;Омедненная сталь;3;;65;1000 шт;Нет;Крепеж;Приварной крепёж;Гвозди изоляционные;;;;;;
;41-03-110 Гвоздь изоляционный стальной омедненный d 3 мм длиной 110 мм;dff77e34-34ca-478c-9c21-777d3a9efe78;41-03-110;html;gvozd_cd-om.png;;html;gvozd_cd-om.png;;850;Конденсаторная сварка крепежа CD;Гвоздь изоляционный;Омедненная сталь;3;;110;1000 шт;Нет;Крепеж;Приварной крепёж;Гвозди изоляционные;;;;;;
;66-05-200 Гвоздь ARC-ISO изоляционный d 5 мм L200 мм сталь омедненная;1bfa7c92-6bcd-11e8-9ee9-001e6754e0a5;66-05-200;html;gvozd_ARC-om.png;;html;gvozd_ARC-om.png;;850;Дуговая сварка крепежа ARC;Гвоздь изоляционный;Омедненная сталь;5;;200;1000 шт;Нет;Крепеж;Приварной крепёж;Гвозди изоляционные;;;;;;
;41-03-120 Гвоздь изоляционный стальной омедненный d 3 мм длиной 120 мм;80edb35f-7f54-4b04-9011-1933dd8f43ff;41-03-120;html;gvozd_cd-om.png;;html;gvozd_cd-om.png;;850;Конденсаторная сварка крепежа CD;Гвоздь изоляционный;Омедненная сталь;3;;120;1000 шт;Нет;Крепеж;Приварной крепёж;Гвозди изоляционные;;;;;;
;66-03-250 Гвоздь ARC-ISO изоляционный d 3 мм L250 мм сталь омедненная;f8372a47-3ae5-11e7-963a-001e6754e0a4;66-03-250;html;gvozd_ARC-om.png;;html;gvozd_ARC-om.png;;850;Дуговая сварка крепежа ARC;Гвоздь изоляционный;Омедненная сталь;3;;250;1000 шт;Нет;Крепеж;Приварной крепёж;Гвозди изоляционные;;;;;;
;66-04-400-B-NAGELSPI Гвоздь ARC-ISO изоляционный d 4 мм L400 мм сталь омедненная;5b222307-ca3a-11e5-9b6d-001e6754e0a4;66-04-400-B-NAGELSPI;html;gvozd_ARC-om.png;;html;gvozd_ARC-om.png;;850;Дуговая сварка крепежа ARC;Гвоздь изоляционный;Омедненная сталь;4;;400;1000 шт;Нет;Крепеж;Приварной крепёж;Гвозди изоляционные;;;;;;
;Гвоздь изоляционный биметаллический тип VBS d3 мм. L 70 мм. Almg3/St37;ad96be16-c478-11e3-8b66-001e6754e0a7;241-03-070;html;gvozd_bimetal.png;;html;gvozd_bimetal.png;;850;Конденсаторная сварка крепежа CD;Гвоздь биметаллический;Алюминий/Сталь;3;;70;1000 шт;Нет;Крепеж;Приварной крепёж;Гвозди изоляционные;;;;;;
;44-03-060 Гвоздь изоляционный алюминий (AlMg3) d 3 мм длиной 60 мм;2525a0fc-8256-47c6-a3a9-0fc47e0caa06;44-03-060;html;gvozd_cd-a.png;;html;gvozd_cd-a.png;;850;Конденсаторная сварка крепежа CD;Гвоздь изоляционный;Алюминий;3;;60;1000 шт;Нет;Крепеж;Приварной крепёж;Гвозди изоляционные;;;;;;
;41-03-070 Гвоздь изоляционный стальной омедненный d 3 мм длиной 70 мм;abca9fa6-747d-4b87-8db8-ad277fa21796;41-03-070;html;gvozd_cd-om.png;;html;gvozd_cd-om.png;;850;Конденсаторная сварка крепежа CD;Гвоздь изоляционный;Омедненная сталь;3;;70;1000 шт;Нет;Крепеж;Приварной крепёж;Гвозди изоляционные;;;;;;
;41-02-150 Гвоздь изоляционный стальной омедненный d 2 мм длиной 150 мм;0b2dbc36-63bf-4e82-9e63-9eae004862ed;41-02-150;html;gvozd_cd-om.png;;html;gvozd_cd-om.png;;850;Конденсаторная сварка крепежа CD;Гвоздь изоляционный;Омедненная сталь;2;;150;1000 шт;Нет;Крепеж;Приварной крепёж;Гвозди изоляционные;;;;;;
;44-03-120 Гвоздь изоляционный алюминий (AlMg3) d 3 мм длиной 120 мм;fdc578e1-825a-4afc-972d-3f558623a025;44-03-120;html;gvozd_cd-a.png;;html;gvozd_cd-a.png;;850;Конденсаторная сварка крепежа CD;Гвоздь изоляционный;Алюминий;3;;120;1000 шт;Нет;Крепеж;Приварной крепёж;Гвозди изоляционные;;;;;;
;49-27-0481 Гвоздь изоляционный чашеобразный неизолированный 2,7х47,6х38 мм. Шляпка d 38 мм стальная оцинкованная. Гвоздь d 2,7 мм, длиной 47,6 мм - сталь оцинкованная.;8c790e22-a726-11e2-aba5-000423dd84e7;49-27-0481;html;iso_gvozd_oz.png;;html;iso_gvozd_oz.png;;850;Конденсаторная сварка крепежа CD;Гвоздь изоляционный чашеобразный;Оцинкованная сталь;;;;1000 шт;Нет;Крепеж;Приварной крепёж;Гвозди изоляционные;;;;;;
;49-27-0135 Гвоздь изоляционный чашеобразный изолированный 2,7х12,7х38 мм. Шляпка d 38 мм стальная оцинкованная. Гвоздь d 2,7 мм, длиной 12,7 мм - сталь оцинкованная.;8c790e30-a726-11e2-aba5-000423dd84e7;49-27-0135;html;gvozd_isolac.png;;html;gvozd_isolac.png;;850;Конденсаторная сварка крепежа CD;Гвоздь изоляционный чашеобразный;Оцинкованная сталь;;;;1000 шт;Нет;Крепеж;Приварной крепёж;Гвозди изоляционные;;;;;;
;49-27-0485 Гвоздь изоляционный чашеобразный изолированный 2,7х47,6х38 мм. Шляпка d 38 мм стальная оцинкованная. Гвоздь d 2,7 мм, длиной 47,6 мм - сталь оцинкованная.;822d32cc-a740-11e2-aba5-000423dd84e7;49-27-0485;html;gvozd_isolac.png;;html;gvozd_isolac.png;;850;Конденсаторная сварка крепежа CD;Гвоздь изоляционный чашеобразный;Оцинкованная сталь;;;;1000 шт;Нет;Крепеж;Приварной крепёж;Гвозди изоляционные;;;;;;
;Гвоздь ARC-ISO изоляционный d 6 мм L105 мм сталь омедненная;820c161f-b011-11ec-8e43-001e6754e0a5;66-06-105;html;gvozd_ARC-om.png;;html;gvozd_ARC-om.png;;850;Дуговая сварка крепежа ARC;Гвоздь изоляционный;Омедненная сталь;6;;150;1000 шт;Нет;Крепеж;Приварной крепёж;Гвозди изоляционные;;;;;;
;79-13-2051 Гвоздь ARC-ISO изоляционный d 3 мм L205 мм;4f56fed2-7b45-4349-ac72-dbf0bdaab129;79-13-2051;html;gvozd_ARC-om.png;;html;gvozd_ARC-om.png;;850;Дуговая сварка крепежа ARC;Гвоздь изоляционный;Омедненная сталь;3;;205;1000 шт;Нет;Крепеж;Приварной крепёж;Гвозди изоляционные;;;;;;
;66-04-170 Гвоздь ARC-ISO изоляционный d 4 мм L170 мм сталь омедненная;52fab3d6-e4c8-11e3-b077-001e6754e0a7;66-04-170;html;gvozd_ARC-om.png;;html;gvozd_ARC-om.png;;850;Дуговая сварка крепежа ARC;Гвоздь изоляционный;Омедненная сталь;4;;170;1000 шт;Нет;Крепеж;Приварной крепёж;Гвозди изоляционные;;;;;;
;79-14-2101 Гвозди изоляционные стальные омедненные ARC d 4,0 мм длиной 210 мм;292a8bc6-890d-11e1-8f2f-000423dd84e7;79-14-2101;html;gvozd_ARC-om.png;;html;gvozd_ARC-om.png;;850;Дуговая сварка крепежа ARC;Гвоздь изоляционный;Омедненная сталь;4;;210;1000 шт;Нет;Крепеж;Приварной крепёж;Гвозди изоляционные;;;;;;
;49-32-0151 Гвоздь изоляционный чашеобразный неизолированный 2,7х15,0х30 мм. Шляпка d 30 мм стальная оцинкованная. Гвоздь d 2,7 мм, длиной 15 мм - сталь нержавеющая;c727bc25-9da6-11e2-aba5-000423dd84e7;49-32-0151;html;iso_gvozd_oz.png;;html;iso_gvozd_oz.png;;850;Конденсаторная сварка крепежа CD;Гвоздь изоляционный чашеобразный;Нержавеющая сталь;;;;5000 шт;Нет;Крепеж;Приварной крепёж;Гвозди изоляционные;;;;;;
;66-04-310 Гвоздь ARC-ISO изоляционный d 4 мм L310 мм сталь омедненная;8aba9b59-e4c8-11e3-b077-001e6754e0a7;66-04-310;html;gvozd_ARC-om.png;;html;gvozd_ARC-om.png;;850;Дуговая сварка крепежа ARC;Гвоздь изоляционный;Омедненная сталь;4;;310;1000 шт;Нет;Крепеж;Приварной крепёж;Гвозди изоляционные;;;;;;
;49-20-0474 Гвоздь изоляционный чашеобразный изолированный 2,0х47,6х30 мм. Шляпка d 30 мм стальная оцинкованная. Гвоздь d 2 мм, длиной 47,6 мм - сталь оцинкованная.;f27979be-4354-4944-9939-69e0fafa52fd;49-20-0474;html;gvozd_isolac.png;;html;gvozd_isolac.png;;850;Конденсаторная сварка крепежа CD;Гвоздь изоляционный чашеобразный;Оцинкованная сталь;;;;1000 шт;Нет;Крепеж;Приварной крепёж;Гвозди изоляционные;;;;;;
;44-03-100 Гвоздь изоляционный алюминий (AlMg3) d 3 мм длиной 100 мм;769fbdd8-4f2f-11ea-a00a-001e6754e0a5;44-03-100;html;gvozd_cd-a.png;;html;gvozd_cd-a.png;;850;Конденсаторная сварка крепежа CD;Гвоздь изоляционный;Алюминий;3;;100;1000 шт;Нет;Крепеж;Приварной крепёж;Гвозди изоляционные;;;;;;
;49-27-0541 Гвоздь изоляционный чашеобразный неизолированный 2,7х54,0х38 мм. Шляпка d 38 мм стальная оцинкованная. Гвоздь d 2,7 мм, длиной 54,0 мм - сталь оцинкованная.;8c790e24-a726-11e2-aba5-000423dd84e7;49-27-0541;html;iso_gvozd_oz.png;;html;iso_gvozd_oz.png;;850;Конденсаторная сварка крепежа CD;Гвоздь изоляционный чашеобразный;Оцинкованная сталь;;;;1000 шт;Нет;Крепеж;Приварной крепёж;Гвозди изоляционные;;;;;;
;49-27-0195 Гвоздь изоляционный чашеобразный изолированный 2,7х19,1х38 мм. Шляпка d 38 мм стальная оцинкованная. Гвоздь d 2,7 мм, длиной 19,1 мм - сталь оцинкованная.;822d32c4-a740-11e2-aba5-000423dd84e7;49-27-0195;html;gvozd_isolac.png;;html;gvozd_isolac.png;;850;Конденсаторная сварка крепежа CD;Гвоздь изоляционный чашеобразный;Оцинкованная сталь;;;;1000 шт;Нет;Крепеж;Приварной крепёж;Гвозди изоляционные;;;;;;
;79-13-1651 Гвоздь ARC-ISO изоляционный d 3 мм L165 мм;6634bc72-518d-4db5-a624-f003bc23ce3d;79-13-1651;html;gvozd_ARC-om.png;;html;gvozd_ARC-om.png;;850;Дуговая сварка крепежа ARC;Гвоздь изоляционный;Омедненная сталь;3;;165;1000 шт;Нет;Крепеж;Приварной крепёж;Гвозди изоляционные;;;;;;
;41-02-120 Гвоздь изоляционный стальной омедненный d 2 мм длиной 120 мм;49d15b43-18d5-4e57-a749-181e8acb21c8;41-02-120;html;gvozd_cd-om.png;;html;gvozd_cd-om.png;;850;Конденсаторная сварка крепежа CD;Гвоздь изоляционный;Омедненная сталь;2;;120;1000 шт;Нет;Крепеж;Приварной крепёж;Гвозди изоляционные;;;;;;
;49-20-0130 Гвоздь изоляционный чашеобразный неизолированный 2,0х12,7х30 мм. Шляпка d 30 мм стальная оцинкованная. Гвоздь d 2 мм, длиной 12,7 мм - сталь оцинкованная.;8c790e0e-a726-11e2-aba5-000423dd84e7;49-20-0130;html;iso_gvozd_oz.png;;html;iso_gvozd_oz.png;;850;Конденсаторная сварка крепежа CD;Гвоздь изоляционный чашеобразный;Оцинкованная сталь;;;;1000 шт;Нет;Крепеж;Приварной крепёж;Гвозди изоляционные;;;;;;
;49-27-0381 Гвоздь изоляционный чашеобразный неизолированный 2,7х38,1х38 мм. Шляпка d 38 мм стальная оцинкованная. Гвоздь d 2,7 мм, длиной 38,1 мм - сталь оцинкованная.;8c790e20-a726-11e2-aba5-000423dd84e7;49-27-0381;html;iso_gvozd_oz.png;;html;iso_gvozd_oz.png;;850;Конденсаторная сварка крепежа CD;Гвоздь изоляционный чашеобразный;Оцинкованная сталь;;;;1000 шт;Нет;Крепеж;Приварной крепёж;Гвозди изоляционные;;;;;;
;66-03-055 Гвоздь ARC-ISO изоляционный d 3 мм длиной 55 мм сталь омедненная;20aff6f4-3326-11e8-9ee9-001e6754e0a5;66-03-055;html;gvozd_ARC-om.png;;html;gvozd_ARC-om.png;;850;Дуговая сварка крепежа ARC;Гвоздь изоляционный;Омедненная сталь;3;;55;1000 шт;Нет;Крепеж;Приварной крепёж;Гвозди изоляционные;;;;;;
;49-27-0731 Гвоздь изоляционный чашеобразный неизолированный 2,7х73,0х38 мм. Шляпка d 38 мм стальная оцинкованная. Гвоздь d 2,7 мм, длиной 73,0 мм - сталь оцинкованная.;8c790e26-a726-11e2-aba5-000423dd84e7;49-27-0731;html;iso_gvozd_oz.png;;html;iso_gvozd_oz.png;;850;Конденсаторная сварка крепежа CD;Гвоздь изоляционный чашеобразный;Оцинкованная сталь;;;;1000 шт;Нет;Крепеж;Приварной крепёж;Гвозди изоляционные;;;;;;
;41-02-040 Гвоздь изоляционный стальной омедненный d 2 мм длиной 40 мм;9f12d3a5-1e9d-4591-a7b3-41070ac3465b;41-02-040;html;gvozd_cd-om.png;;html;gvozd_cd-om.png;;850;Конденсаторная сварка крепежа CD;Гвоздь изоляционный;Омедненная сталь;2;;40;1000 шт;Нет;Крепеж;Приварной крепёж;Гвозди изоляционные;;;;;;
;49-27-0131 Гвоздь изоляционный чашеобразный неизолированный 2,7х12,7х38 мм. Шляпка d 38 мм стальная оцинкованная. Гвоздь d 2,7 мм, длиной 12,7 мм - сталь оцинкованная.;8c790e16-a726-11e2-aba5-000423dd84e7;49-27-0131;html;iso_gvozd_oz.png;;html;iso_gvozd_oz.png;;850;Конденсаторная сварка крепежа CD;Гвоздь изоляционный чашеобразный;Оцинкованная сталь;;;;1000 шт;Нет;Крепеж;Приварной крепёж;Гвозди изоляционные;;;;;;
;49-27-0191 Гвоздь изоляционный чашеобразный неизолированный 2,7х19,1х38 мм. Шляпка d 38 мм стальная оцинкованная. Гвоздь d 2,7 мм, длиной 19,1 мм - сталь оцинкованная.;8c790e18-a726-11e2-aba5-000423dd84e7;49-27-0191;html;iso_gvozd_oz.png;;html;iso_gvozd_oz.png;;850;Конденсаторная сварка крепежа CD;Гвоздь изоляционный чашеобразный;Оцинкованная сталь;;;;1000 шт;Нет;Крепеж;Приварной крепёж;Гвозди изоляционные;;;;;;
;49-14-001 Клипса d 38 мм для изоляционных гвоздей d4 мм;076407db-283a-4a7b-9c4a-e874d8036cb0;49-14-001;html;klipca3.png;;html;klipca3.png;;850;;Клипса;;;;;1000 шт;Нет;Крепеж;Приварной крепёж;Гвозди изоляционные;;;;;;
;49-20-0350 Гвоздь изоляционный чашеобразный неизолированный 2,0х34,9х30 мм. Шляпка d 30 мм стальная оцинкованная. Гвоздь d 2 мм, длиной 34,9 мм - сталь оцинкованная.;8c790e10-a726-11e2-aba5-000423dd84e7;49-20-0350;html;iso_gvozd_oz.png;;html;iso_gvozd_oz.png;;850;Конденсаторная сварка крепежа CD;Гвоздь изоляционный чашеобразный;Оцинкованная сталь;;;;1000 шт;Нет;Крепеж;Приварной крепёж;Гвозди изоляционные;;;;;;
;49-27-0351 Гвоздь изоляционный чашеобразный неизолированный 2,7х34,9х38 мм. Шляпка d 38 мм стальная оцинкованная. Гвоздь d 2,7 мм, длиной 34,9 мм - сталь оцинкованная.;8c790e1e-a726-11e2-aba5-000423dd84e7;49-27-0351;html;iso_gvozd_oz.png;;html;iso_gvozd_oz.png;;850;Конденсаторная сварка крепежа CD;Гвоздь изоляционный чашеобразный;Оцинкованная сталь;;;;1000 шт;Нет;Крепеж;Приварной крепёж;Гвозди изоляционные;;;;;;
;41-02-110 Гвоздь изоляционный стальной омедненный d 2 мм длиной 110 мм;b6c54c0a-bf03-4cd6-b41e-913c9e6ebe49;41-02-110;html;gvozd_cd-om.png;;html;gvozd_cd-om.png;;850;Конденсаторная сварка крепежа CD;Гвоздь изоляционный;Омедненная сталь;2;;110;10000 шт;Нет;Крепеж;Приварной крепёж;Гвозди изоляционные;;;;;;
;41-02-090 Гвоздь изоляционный стальной омедненный d 2 мм длиной 90 мм;cee7f6bc-ff12-4eeb-a9d0-e9f261146d0d;41-02-090;html;gvozd_cd-om.png;;html;gvozd_cd-om.png;;850;Конденсаторная сварка крепежа CD;Гвоздь изоляционный;Омедненная сталь;2;;90;1000 шт;Нет;Крепеж;Приварной крепёж;Гвозди изоляционные;;;;;;
;66-04-250 Гвоздь ARC-ISO изоляционный d 4 мм L250 мм сталь омедненная;5f6d839a-e4c8-11e3-b077-001e6754e0a7;66-04-250;html;gvozd_ARC-om.png;;html;gvozd_ARC-om.png;;850;Дуговая сварка крепежа ARC;Гвоздь изоляционный;Омедненная сталь;4;;250;1000 шт;Нет;Крепеж;Приварной крепёж;Гвозди изоляционные;;;;;;
;49-27-0225 Гвоздь изоляционный чашеобразный изолированный 2,7х22,2х38 мм. Шляпка d 38 мм стальная оцинкованная. Гвоздь d 2,7 мм, длиной 22,2 мм - сталь оцинкованная.;822d32c6-a740-11e2-aba5-000423dd84e7;49-27-0225;html;gvozd_isolac.png;;html;gvozd_isolac.png;;850;Конденсаторная сварка крепежа CD;Гвоздь изоляционный чашеобразный;Оцинкованная сталь;;;;1000 шт;Нет;Крепеж;Приварной крепёж;Гвозди изоляционные;;;;;;
;49-27-0255 Гвоздь изоляционный чашеобразный изолированный 2,7х25,4х38 мм. Шляпка d 38 мм стальная оцинкованная. Гвоздь d 2,7 мм, длиной 25,4 мм - сталь оцинкованная.;822d32c8-a740-11e2-aba5-000423dd84e7;49-27-0255;html;gvozd_isolac.png;;html;gvozd_isolac.png;;850;Конденсаторная сварка крепежа CD;Гвоздь изоляционный чашеобразный;Оцинкованная сталь;;;;1000 шт;Нет;Крепеж;Приварной крепёж;Гвозди изоляционные;;;;;;
;49-20-0194 Гвоздь изоляционный чашеобразный изолированный 2,0х19,1х30 мм. Шляпка d 30 мм стальная оцинкованная. Гвоздь d 2 мм, длиной 19,1 мм - сталь оцинкованная.;8111dc78-c027-11e1-abe5-000423dd84e7;49-20-0194;html;gvozd_isolac.png;;html;gvozd_isolac.png;;850;Конденсаторная сварка крепежа CD;Гвоздь изоляционный чашеобразный;Оцинкованная сталь;;;;1000 шт;Нет;Крепеж;Приварной крепёж;Гвозди изоляционные;;;;;;
;66-03-075 Гвоздь ARC-ISO изоляционный d 3 мм длиной 75 мм сталь омедненная;957f3fc0-2a61-11eb-aea3-001e6754e0a5;66-03-075;html;gvozd_ARC-om.png;;html;gvozd_ARC-om.png;;850;Дуговая сварка крепежа ARC;Гвоздь изоляционный;Омедненная сталь;3;;75;1000 шт;Нет;Крепеж;Приварной крепёж;Гвозди изоляционные;;;;;;
;49-14-004 Клипса d 38 мм для изоляционных гвоздей d 4 мм;c3cea9e1-e4c8-11e3-b077-001e6754e0a7;49-14-004;html;klipca3.png;;html;klipca3.png;;850;;Клипса;;;;;1000 шт;Нет;Крепеж;Приварной крепёж;Гвозди изоляционные;;;;;;
;49-27-0101 Гвоздь изоляционный чашеобразный неизолированный 2,7х9,5х38 мм. Шляпка d 38 мм стальная оцинкованная. Гвоздь d 2,7 мм, длиной 9,5 мм - сталь оцинкованная.;8c790e14-a726-11e2-aba5-000423dd84e7;49-27-0101;html;iso_gvozd_oz.png;;html;iso_gvozd_oz.png;;850;Конденсаторная сварка крепежа CD;Гвоздь изоляционный чашеобразный;Оцинкованная сталь;;;;1000 шт;Нет;Крепеж;Приварной крепёж;Гвозди изоляционные;;;;;;
;79-15-0901 Гвоздь изоляционный стальной омедненный d 5 мм L90 мм;476f8038-4152-40dd-ac6e-55042b35f8d3;79-15-0901;html;gvozd_cd-om.png;;html;gvozd_cd-om.png;;850;Конденсаторная сварка крепежа CD;Гвоздь изоляционный;Омедненная сталь;5;;90;1000 шт;Нет;Крепеж;Приварной крепёж;Гвозди изоляционные;;;;;;
;49-20-0540 Гвоздь изоляционный чашеобразный неизолированный 2,0х54,0х30 мм. Шляпка d 30 мм стальная оцинкованная. Гвоздь d 2 мм, длиной 54,0 мм - сталь оцинкованная.;758a35a2-9e52-49c2-a1e0-2b5e791f8d1b;49-20-0540;html;iso_gvozd_oz.png;;html;iso_gvozd_oz.png;;850;Конденсаторная сварка крепежа CD;Гвоздь изоляционный чашеобразный;Оцинкованная сталь;;;;1000 шт;Нет;Крепеж;Приварной крепёж;Гвозди изоляционные;;;;;;
;49-27-0105 Гвоздь изоляционный чашеобразный изолированный 2,7х9,5х38 мм. Шляпка d 38 мм стальная оцинкованная. Гвоздь d 2,7 мм, длиной 9,5 мм - сталь оцинкованная.;792c3f48-7bbd-46b4-aa19-0c40dadaf406;49-27-0105;html;iso_gvozd_oz.png;;html;iso_gvozd_oz.png;;850;Конденсаторная сварка крепежа CD;Гвоздь изоляционный чашеобразный;Оцинкованная сталь;;;;1000 шт;Нет;Крепеж;Приварной крепёж;Гвозди изоляционные;;;;;;
;66-03-110 Гвоздь ARC-ISO изоляционный d 3 мм длиной 110 мм сталь омедненная;8e8ac868-3043-11e5-b1e7-001e6754e0a4;66-03-110;html;gvozd_ARC-om.png;;html;gvozd_ARC-om.png;;850;Дуговая сварка крепежа ARC;Гвоздь изоляционный;Омедненная сталь;3;;110;1000 шт;Нет;Крепеж;Приварной крепёж;Гвозди изоляционные;;;;;;
;41-02-050 Гвоздь изоляционный стальной омедненный d 2 мм длиной 50 мм;b360e241-0e36-449c-a8b4-242379a23ca4;41-02-050;html;gvozd_cd-om.png;;html;gvozd_cd-om.png;;850;Конденсаторная сварка крепежа CD;Гвоздь изоляционный;Омедненная сталь;2;;50;1000 шт;Нет;Крепеж;Приварной крепёж;Гвозди изоляционные;;;;;;
;49-27-0251 Гвоздь изоляционный чашеобразный неизолированный 2,7х25,4х38 мм. Шляпка d 38 мм стальная оцинкованная. Гвоздь d 2,7 мм, длиной 25,4 мм - сталь оцинкованная.;8c790e1c-a726-11e2-aba5-000423dd84e7;49-27-0251;html;iso_gvozd_oz.png;;html;iso_gvozd_oz.png;;850;Конденсаторная сварка крепежа CD;Гвоздь изоляционный чашеобразный;Оцинкованная сталь;;;;1000 шт;Нет;Крепеж;Приварной крепёж;Гвозди изоляционные;;;;;;
;44-03-050 Гвоздь изоляционный алюминий (AlMg3) d 3 мм длиной 50 мм;58178a2e-69f9-4f18-a8a8-3ec0d4ef2c24;44-03-050;html;gvozd_cd-a.png;;html;gvozd_cd-a.png;;850;Конденсаторная сварка крепежа CD;Гвоздь изоляционный;Алюминий;3;;50;1000 шт;Нет;Крепеж;Приварной крепёж;Гвозди изоляционные;;;;;;
;49-27-0765 Гвоздь изоляционный чашеобразный изолированный 2,7х76,2х38 мм. Шляпка d 38 мм стальная оцинкованная. Гвоздь d 2,7 мм, длиной 76,2 мм - сталь оцинкованная.;822d32d0-a740-11e2-aba5-000423dd84e7;49-27-0765;html;gvozd_isolac.png;;html;gvozd_isolac.png;;850;Конденсаторная сварка крепежа CD;Гвоздь изоляционный чашеобразный;Оцинкованная сталь;;;;1000 шт;Нет;Крепеж;Приварной крепёж;Гвозди изоляционные;;;;;;
;66-03-200 Гвоздь ARC-ISO изоляционный d 3 мм длиной 200 мм сталь омедненная;4856e4c5-674c-11ea-b0d9-001e6754e0a5;66-03-200;html;gvozd_ARC-om.png;;html;gvozd_ARC-om.png;;850;Дуговая сварка крепежа ARC;Гвоздь изоляционный;Омедненная сталь;3;;200;1000 шт;Нет;Крепеж;Приварной крепёж;Гвозди изоляционные;;;;;;
;41-03-160 Гвоздь изоляционный стальной омедненный d 3 мм длиной 160 мм;f04592f2-50c6-11e2-b389-000423dd84e7;41-03-160;html;gvozd_cd-om.png;;html;gvozd_cd-om.png;;850;Конденсаторная сварка крепежа CD;Гвоздь изоляционный;Омедненная сталь;3;;160;5000 шт;Нет;Крепеж;Приварной крепёж;Гвозди изоляционные;;;;;;
;49-20-0100 Гвоздь изоляционный чашеобразный неизолированный 2,0х9,5х30 мм. Шляпка d 30 мм стальная оцинкованная. Гвоздь d 2 мм, длиной 9,5 мм - сталь оцинкованная.;8c790e0c-a726-11e2-aba5-000423dd84e7;49-20-0100;html;iso_gvozd_oz.png;;html;iso_gvozd_oz.png;;850;Конденсаторная сварка крепежа CD;Гвоздь изоляционный чашеобразный;Оцинкованная сталь;;;;1000 шт;Нет;Крепеж;Приварной крепёж;Гвозди изоляционные;;;;;;
;49-20-0104 Гвоздь изоляционный чашеобразный изолированный 2,0х9,5х30 мм. Шляпка d 30 мм стальная оцинкованная. Гвоздь d 2 мм, длиной 9,5 мм - сталь оцинкованная.;8c790e2a-a726-11e2-aba5-000423dd84e7;49-20-0104;html;gvozd_isolac.png;;html;gvozd_isolac.png;;850;Конденсаторная сварка крепежа CD;Гвоздь изоляционный чашеобразный;Оцинкованная сталь;;;;1000 шт;Нет;Крепеж;Приварной крепёж;Гвозди изоляционные;;;;;;
;41-03-200 Гвоздь изоляционный стальной омедненный d 3 мм длиной 200 мм;3d755887-ae17-11e1-abe5-000423dd84e7;41-03-200;html;gvozd_cd-om.png;;html;gvozd_cd-om.png;;850;Конденсаторная сварка крепежа CD;Гвоздь изоляционный;Омедненная сталь;3;;200;1000 шт;Нет;Крепеж;Приварной крепёж;Гвозди изоляционные;;;;;;
;41-03-030 Гвоздь изоляционный стальной омедненный d 3 мм длиной 30 мм;f002e2db-3b1d-432c-b62b-79a70482cbde;41-03-030;html;gvozd_cd-om.png;;html;gvozd_cd-om.png;;850;Конденсаторная сварка крепежа CD;Гвоздь изоляционный;Омедненная сталь;3;;30;1000 шт;Нет;Крепеж;Приварной крепёж;Гвозди изоляционные;;;;;;
;66-06-080 Гвоздь ARC-ISO изоляционный d 6 мм, длиной 80 мм, сталь омедненная с керамическимкольцом;0152030f-11f6-11ec-bbd1-001e6754e0a5;66-06-080;html;gvozd_ARC-om.png;;html;gvozd_ARC-om.png;;850;Дуговая сварка крепежа ARC;Гвоздь изоляционный;Омедненная сталь;6;;80;1000 шт;Нет;Крепеж;Приварной крепёж;Гвозди изоляционные;;;;;;
;66-04-230 Гвоздь ARC-ISO изоляционный d 4 мм L230 мм сталь омедненная;7b6dbde6-e4c8-11e3-b077-001e6754e0a7;66-04-230;html;gvozd_ARC-om.png;;html;gvozd_ARC-om.png;;850;Дуговая сварка крепежа ARC;Гвоздь изоляционный;Омедненная сталь;4;;230;1000 шт;Нет;Крепеж;Приварной крепёж;Гвозди изоляционные;;;;;;
;66-04-260 Гвоздь ARC-ISO изоляционный d 4 мм L260 мм сталь омедненная;964b42b2-e4c8-11e3-b077-001e6754e0a7;66-04-260;html;gvozd_ARC-om.png;;html;gvozd_ARC-om.png;;850;Дуговая сварка крепежа ARC;Гвоздь изоляционный;Омедненная сталь;4;;260;1000 шт;Нет;Крепеж;Приварной крепёж;Гвозди изоляционные;;;;;;
;44-03-040 Гвоздь изоляционный алюминий (AlMg3) d 3 мм длиной 40 мм;09aa355a-8218-4760-a547-cd06e4dfe1db;44-03-040;html;gvozd_cd-a.png;;html;gvozd_cd-a.png;;850;Конденсаторная сварка крепежа CD;Гвоздь изоляционный;Алюминий;3;;40;1000 шт;Нет;Крепеж;Приварной крепёж;Гвозди изоляционные;;;;;;
;66-03-040 Гвоздь ARC-ISO изоляционный d 3 мм длиной 40 мм сталь омедненная;6ef26767-3043-11e5-b1e7-001e6754e0a4;66-03-040;html;gvozd_ARC-om.png;;html;gvozd_ARC-om.png;;850;Дуговая сварка крепежа ARC;Гвоздь изоляционный;Омедненная сталь;3;;40;1000 шт;Нет;Крепеж;Приварной крепёж;Гвозди изоляционные;;;;;;
;66-06-130 Гвоздь ARC-ISO изоляционный d 6 мм, длиной 130 мм, сталь омедненная с керамическимкольцом;ebf8c2a7-6244-11ec-b5b8-001e6754e0a5;66-06-130;html;gvozd_ARC-om.png;;html;gvozd_ARC-om.png;;850;Дуговая сварка крепежа ARC;Гвоздь изоляционный;Омедненная сталь;6;;130;1000 шт;Нет;Крепеж;Приварной крепёж;Гвозди изоляционные;;;;;;
;49-27-0411 Гвоздь изоляционный чашеобразный неизолированный 2,7х41,3х38 мм. Шляпка d 38 мм стальная оцинкованная. Гвоздь d 2,7 мм, длиной 41,3 мм - сталь оцинкованная.;33634c37-09fb-4513-b7c1-3d548ccbffb4;49-27-0411;html;iso_gvozd_oz.png;;html;iso_gvozd_oz.png;;850;Конденсаторная сварка крепежа CD;Гвоздь изоляционный чашеобразный;Оцинкованная сталь;;;;1000 шт;Нет;Крепеж;Приварной крепёж;Гвозди изоляционные;;;;;;
;41-03-045 Гвоздь изоляционный стальной омедненный d 3 мм длиной 45 мм;7ebcee69-902e-11e1-8205-000423dd84e7;41-03-045;html;gvozd_cd-om.png;;html;gvozd_cd-om.png;;850;Конденсаторная сварка крепежа CD;Гвоздь изоляционный;Омедненная сталь;3;;45;1000 шт;Нет;Крепеж;Приварной крепёж;Гвозди изоляционные;;;;;;
;66-06-115 Гвоздь ARC-ISO изоляционный d 6 мм, длиной 115 мм, сталь омедненная с керамическимкольцом;e1649e01-11f6-11ec-bbd1-001e6754e0a5;66-06-115;html;gvozd_ARC-om.png;;html;gvozd_ARC-om.png;;850;Дуговая сварка крепежа ARC;Гвоздь изоляционный;Омедненная сталь;6;;115;1000 шт;Нет;Крепеж;Приварной крепёж;Гвозди изоляционные;;;;;;
;49-20-0384 Гвоздь изоляционный чашеобразный изолированный 2,0х38,1х30 мм. Шляпка d 30 мм стальная оцинкованная. Гвоздь d 2 мм, длиной 38,1 мм - сталь оцинкованная.;a4151b54-d7a4-4485-ab45-c11e589cff97;49-20-0384;html;gvozd_isolac.png;;html;gvozd_isolac.png;;850;Конденсаторная сварка крепежа CD;Гвоздь изоляционный чашеобразный;Оцинкованная сталь;;;;1000 шт;Нет;Крепеж;Приварной крепёж;Гвозди изоляционные;;;;;;
;49-27-1511 Гвоздь изоляционный чашеобразный неизолированный 2,7х152,4х38 мм. Шляпка d 38 мм стальная оцинкованная. Гвоздь d 2,7 мм, длиной 152,4 мм - сталь оцинкованная.;2037cfc8-4a08-4d8f-b0f5-e863a03bf1aa;49-27-1511;html;iso_gvozd_oz.png;;html;iso_gvozd_oz.png;;850;Конденсаторная сварка крепежа CD;Гвоздь изоляционный чашеобразный;Оцинкованная сталь;;;;1000 шт;Нет;Крепеж;Приварной крепёж;Гвозди изоляционные;;;;;;
;66-06-110 Гвоздь ARC-ISO изоляционный d 6 мм, длиной 110 мм, сталь омедненная с керамическимкольцом;5a41a6af-11f6-11ec-bbd1-001e6754e0a5;66-06-110;html;gvozd_ARC-om.png;;html;gvozd_ARC-om.png;;850;Дуговая сварка крепежа ARC;Гвоздь изоляционный;Омедненная сталь;6;;110;1000 шт;Нет;Крепеж;Приварной крепёж;Гвозди изоляционные;;;;;;
;79-16-0401 Гвоздь изоляционный стальной омедненный d 6 мм L40 мм;9bf734e6-b143-47ac-be18-f6c671d4432e;79-16-0401;html;gvozd_cd-om.png;;html;gvozd_cd-om.png;;850;Конденсаторная сварка крепежа CD;Гвоздь изоляционный;Омедненная сталь;6;;40;1000 шт;Нет;Крепеж;Приварной крепёж;Гвозди изоляционные;;;;;;
;79-13-1901 Гвоздь ARC-ISO изоляционный d 3 мм L190 мм;aa1afce2-70cd-4056-bbd1-9016854bc2ea;79-13-1901;html;gvozd_ARC-om.png;;html;gvozd_ARC-om.png;;850;Дуговая сварка крепежа ARC;Гвоздь изоляционный;Омедненная сталь;3;;190;1000 шт;Нет;Крепеж;Приварной крепёж;Гвозди изоляционные;;;;;;
;66-06-150 Гвоздь ARC-ISO изоляционный d 6 мм, длиной 150 мм, сталь омедненная с керамическимкольцом;1537ef5d-11f7-11ec-bbd1-001e6754e0a5;66-06-150;html;gvozd_ARC-om.png;;html;gvozd_ARC-om.png;;850;Дуговая сварка крепежа ARC;Гвоздь изоляционный;Омедненная сталь;6;;150;1000 шт;Нет;Крепеж;Приварной крепёж;Гвозди изоляционные;;;;;;
;49-20-0410 Гвоздь изоляционный чашеобразный неизолированный 2,0х41,3х30 мм. Шляпка d 30 мм стальная оцинкованная. Гвоздь d 2 мм, длиной 41,3 мм - сталь оцинкованная.;0cdf5629-11ad-4d5a-b9f4-19b3c3e3dc7f;49-20-0410;html;iso_gvozd_oz.png;;html;iso_gvozd_oz.png;;850;Конденсаторная сварка крепежа CD;Гвоздь изоляционный чашеобразный;Оцинкованная сталь;;;;1000 шт;Нет;Крепеж;Приварной крепёж;Гвозди изоляционные;;;;;;
;49-27-0891 Гвоздь изоляционный чашеобразный неизолированный 2,7х89,9х38 мм. Шляпка d 38 мм стальная оцинкованная. Гвоздь d 2,7 мм, длиной 89,9 мм - сталь оцинкованная.;312601a0-6d0a-4290-b229-9e9968528cc4;49-27-0891;html;iso_gvozd_oz.png;;html;iso_gvozd_oz.png;;850;Конденсаторная сварка крепежа CD;Гвоздь изоляционный чашеобразный;Оцинкованная сталь;;;;1000 шт;Нет;Крепеж;Приварной крепёж;Гвозди изоляционные;;;;;;
;49-27-0515 Гвоздь изоляционный чашеобразный изолированный 2,7х50,8х38 мм. Шляпка d 38 мм стальная оцинкованная. Гвоздь d 2,7 мм, длиной 50,8 мм - сталь оцинкованная.;54b14057-a2d7-4cf7-b768-72a0eb0f303a;49-27-0515;html;gvozd_isolac.png;;html;gvozd_isolac.png;;850;Конденсаторная сварка крепежа CD;Гвоздь изоляционный чашеобразный;Оцинкованная сталь;;;;1000 шт;Нет;Крепеж;Приварной крепёж;Гвозди изоляционные;;;;;;
;49-27-0761 Гвоздь изоляционный чашеобразный неизолированный 2,7х76,2х38 мм. Шляпка d 38 мм стальная оцинкованная. Гвоздь d 2,7 мм, длиной 76,2 мм - сталь оцинкованная.;a389b839-44cf-4bb9-bef8-0c1478d4c6a7;49-27-0761;html;iso_gvozd_oz.png;;html;iso_gvozd_oz.png;;850;Конденсаторная сварка крепежа CD;Гвоздь изоляционный чашеобразный;Оцинкованная сталь;;;;1000 шт;Нет;Крепеж;Приварной крепёж;Гвозди изоляционные;;;;;;
;49-27-0645 Гвоздь изоляционный чашеобразный изолированный 2,7х63,5х38 мм. Шляпка d 38 мм стальная оцинкованная. Гвоздь d 2,7 мм, длиной 63,5 мм - сталь оцинкованная.;822d32ce-a740-11e2-aba5-000423dd84e7;49-27-0645;html;gvozd_isolac.png;;html;gvozd_isolac.png;;850;Конденсаторная сварка крепежа CD;Гвоздь изоляционный чашеобразный;Оцинкованная сталь;;;;1000 шт;Нет;Крепеж;Приварной крепёж;Гвозди изоляционные;;;;;;
;41-03-050 Гвоздь изоляционный стальной омедненный d 3 мм длиной 50 мм;fe9b9163-5312-45c7-b7a0-75b934d0e4e8;41-03-050;html;gvozd_cd-om.png;;html;gvozd_cd-om.png;;850;Конденсаторная сварка крепежа CD;Гвоздь изоляционный;Омедненная сталь;3;;50;1000 шт;Нет;Крепеж;Приварной крепёж;Гвозди изоляционные;;;;;;
;79-13-0701 Гвоздь ARC-ISO изоляционный d 3 мм L70 мм;675c777f-9bb7-4b79-b6d8-9dbf8983b595;79-13-0701;html;gvozd_ARC-om.png;;html;gvozd_ARC-om.png;;850;Дуговая сварка крепежа ARC;Гвоздь изоляционный;Омедненная сталь;3;;70;1000 шт;Нет;Крепеж;Приварной крепёж;Гвозди изоляционные;;;;;;
;66-03-100 Гвоздь ARC-ISO изоляционный d 3 мм длиной 100 мм сталь омедненная;59914d87-3036-11e5-b1e7-001e6754e0a4;66-03-100;html;gvozd_ARC-om.png;;html;gvozd_ARC-om.png;;850;Дуговая сварка крепежа ARC;Гвоздь изоляционный;Омедненная сталь;3;;100;1000 шт;Нет;Крепеж;Приварной крепёж;Гвозди изоляционные;;;;;;
;66-03-050 Гвоздь ARC-ISO изоляционный d 3 мм длиной 50 мм сталь омедненная;46fcc257-3043-11e5-b1e7-001e6754e0a4;66-03-050;html;gvozd_ARC-om.png;;html;gvozd_ARC-om.png;;850;Дуговая сварка крепежа ARC;Гвоздь изоляционный;Омедненная сталь;3;;50;1000 шт;Нет;Крепеж;Приварной крепёж;Гвозди изоляционные;;;;;;
;49-27-1515 Гвоздь изоляционный чашеобразный изолированный 2,7х152,4х38 мм. Шляпка d 38 мм стальная оцинкованная. Гвоздь d 2,7 мм, длиной 152,4 мм - сталь оцинкованная.;5300fffc-d159-11e1-9579-000423dd84e7;49-27-1515;html;gvozd_isolac.png;;html;gvozd_isolac.png;;850;Конденсаторная сварка крепежа CD;Гвоздь изоляционный чашеобразный;Оцинкованная сталь;;;;1000 шт;Нет;Крепеж;Приварной крепёж;Гвозди изоляционные;;;;;;
;41-03-090 Гвоздь изоляционный стальной омедненный d 3 мм длиной 90 мм;77969c76-f9ab-4348-b87e-e7c174eba19c;41-03-090;html;gvozd_cd-om.png;;html;gvozd_cd-om.png;;850;Конденсаторная сварка крепежа CD;Гвоздь изоляционный;Омедненная сталь;3;;90;1000 шт;Нет;Крепеж;Приварной крепёж;Гвозди изоляционные;;;;;;
;41-03-055 Гвоздь изоляционный стальной омедненный d 3 мм длиной 55 мм;7ebcee72-902e-11e1-8205-000423dd84e7;41-03-055;html;gvozd_cd-om.png;;html;gvozd_cd-om.png;;850;Конденсаторная сварка крепежа CD;Гвоздь изоляционный;Омедненная сталь;3;;55;1000 шт;Нет;Крепеж;Приварной крепёж;Гвозди изоляционные;;;;;;
;49-27-0511 Гвоздь изоляционный чашеобразный неизолированный 2,7х50,8х38 мм. Шляпка d 38 мм стальная оцинкованная. Гвоздь d 2,7 мм, длиной 50,8 мм - сталь оцинкованная.;7a1ce2f2-2d57-43bf-bdf6-c3827fe442f0;49-27-0511;html;iso_gvozd_oz.png;;html;iso_gvozd_oz.png;;850;Конденсаторная сварка крепежа CD;Гвоздь изоляционный чашеобразный;Оцинкованная сталь;;;;1000 шт;Нет;Крепеж;Приварной крепёж;Гвозди изоляционные;;;;;;
;49-27-0641 Гвоздь изоляционный чашеобразный неизолированный 2,7х63,5х38 мм. Шляпка d 38 мм стальная оцинкованная. Гвоздь d 2,7 мм, длиной 63,5 мм - сталь оцинкованная.;73f7a433-0464-4fdc-8bf7-9cd8454f4f98;49-27-0641;html;iso_gvozd_oz.png;;html;iso_gvozd_oz.png;;850;Конденсаторная сварка крепежа CD;Гвоздь изоляционный чашеобразный;Оцинкованная сталь;;;;1000 шт;Нет;Крепеж;Приварной крепёж;Гвозди изоляционные;;;;;;
;49-15-001 Клипса d 38 мм для изоляционных гвоздей d5 мм;eb1cb799-962d-4e59-9d82-3bf1e4eb2d59;49-15-001;html;klipca3.png;;html;klipca3.png;;850;;Клипса;;;;;1000 шт;Нет;Крепеж;Приварной крепёж;Гвозди изоляционные;;;;;;
;41-03-025 Гвоздь изоляционный стальной омедненный d 3 мм длиной 25 мм;8ae68105-973d-11e9-982c-001e6754e0a5;41-03-025;html;gvozd_cd-om.png;;html;gvozd_cd-om.png;;850;Конденсаторная сварка крепежа CD;Гвоздь изоляционный;Омедненная сталь;3;;25;1000 шт;Нет;Крепеж;Приварной крепёж;Гвозди изоляционные;;;;;;
;В17500 Гвоздь изоляционный чашеобразный 30х2х19,10;15b4df91-09d3-11e5-a12f-001e6754e0a4;B17500;html;iso_gvozd_oz.png;;html;iso_gvozd_oz.png;;850;Конденсаторная сварка крепежа CD;Гвоздь изоляционный чашеобразный;Оцинкованная сталь;;;;1000 шт;Нет;Крепеж;Приварной крепёж;Гвозди изоляционные;;;;;;
;49-27-0355 Гвоздь изоляционный чашеобразный изолированный 2,7х34,9х38 мм. Шляпка d 38 мм стальная оцинкованная. Гвоздь d 2,7 мм, длиной 34,9 мм - сталь оцинкованная.;822d32ca-a740-11e2-aba5-000423dd84e7;49-27-0355;html;gvozd_isolac.png;;html;gvozd_isolac.png;;850;Конденсаторная сварка крепежа CD;Гвоздь изоляционный чашеобразный;Оцинкованная сталь;;;;1000 шт;Нет;Крепеж;Приварной крепёж;Гвозди изоляционные;;;;;;
;49-20-0134 Гвоздь изоляционный чашеобразный изолированный 2,0х12,7х30 мм. Шляпка d 30 мм стальная оцинкованная. Гвоздь d 2 мм, длиной 12,7 мм - сталь оцинкованная.;8c790e2c-a726-11e2-aba5-000423dd84e7;49-20-0134;html;gvozd_isolac.png;;html;gvozd_isolac.png;;850;Конденсаторная сварка крепежа CD;Гвоздь изоляционный чашеобразный;Оцинкованная сталь;;;;1000 шт;Нет;Крепеж;Приварной крепёж;Гвозди изоляционные;;;;;;
;66-03-080 Гвоздь ARC-ISO изоляционный d 3 мм длиной 80 мм сталь омедненная;45e60e17-3036-11e5-b1e7-001e6754e0a4;66-03-080;html;gvozd_ARC-om.png;;html;gvozd_ARC-om.png;;850;Дуговая сварка крепежа ARC;Гвоздь изоляционный;Омедненная сталь;3;;80;1000 шт;Нет;Крепеж;Приварной крепёж;Гвозди изоляционные;;;;;;
;66-03-060 Гвоздь ARC-ISO изоляционный d 3 мм длиной 60 мм сталь омедненная;56fbe9b7-3043-11e5-b1e7-001e6754e0a4;66-03-060;html;gvozd_ARC-om.png;;html;gvozd_ARC-om.png;;850;Дуговая сварка крепежа ARC;Гвоздь изоляционный;Омедненная сталь;3;;60;1000 шт;Нет;Крепеж;Приварной крепёж;Гвозди изоляционные;;;;;;
;49-15-005 Клипса/шайба d 38 мм стальная оцинкованная для изоляционных гвоздей d 5 мм BOLTE;abd853e4-6bcd-11e8-9ee9-001e6754e0a5;49-15-005;html;klipca3.png;;html;klipca3.png;;850;;Клипса;;;;;1000 шт;Нет;Крепеж;Приварной крепёж;Гвозди изоляционные;;;;;;
;66-04-210 Гвоздь ARC-ISO изоляционный d 4 мм L210 мм сталь омедненная;6e2c0017-e4c8-11e3-b077-001e6754e0a7;66-04-210;html;gvozd_ARC-om.png;;html;gvozd_ARC-om.png;;850;Дуговая сварка крепежа ARC;Гвоздь изоляционный;Омедненная сталь;4;;210;1000 шт;Нет;Крепеж;Приварной крепёж;Гвозди изоляционные;;;;;;
;49-27-0291 Гвоздь изоляционный чашеобразный неизолированный 2,7х28,6х38 мм. Шляпка d 38 мм стальная оцинкованная. Гвоздь d 2,7 мм, длиной 28,6 мм - сталь оцинкованная.;07290c21-ba0e-4a4b-a248-958211e138eb;49-27-0291;html;iso_gvozd_oz.png;;html;iso_gvozd_oz.png;;850;Конденсаторная сварка крепежа CD;Гвоздь изоляционный чашеобразный;Оцинкованная сталь;;;;1000 шт;Нет;Крепеж;Приварной крепёж;Гвозди изоляционные;;;;;;
;79-15-0301 Гвоздь изоляционный стальной омедненный d 5 мм L30 мм;6527801a-dd64-48bf-a94c-c2c7cf8b416a;79-15-0301;html;gvozd_cd-om.png;;html;gvozd_cd-om.png;;850;Конденсаторная сварка крепежа CD;Гвоздь изоляционный;Омедненная сталь;5;;30;1000 шт;Нет;Крепеж;Приварной крепёж;Гвозди изоляционные;;;;;;
;49-20-0254 Гвоздь изоляционный чашеобразный изолированный 2,0х25,4х30 мм. Шляпка d 30 мм стальная оцинкованная. Гвоздь d 2 мм, длиной 25,4 мм - сталь оцинкованная.;8c790e2e-a726-11e2-aba5-000423dd84e7;49-20-0254;html;gvozd_isolac.png;;html;gvozd_isolac.png;;850;Конденсаторная сварка крепежа CD;Гвоздь изоляционный чашеобразный;Оцинкованная сталь;;;;1000 шт;Нет;Крепеж;Приварной крепёж;Гвозди изоляционные;;;;;;
;41-02-065 Гвоздь изоляционный стальной омедненный d 2 мм длиной 65 мм;783d3579-cd02-4443-bd7b-d7c76eed7651;41-02-065;html;gvozd_cd-om.png;;html;gvozd_cd-om.png;;850;Конденсаторная сварка крепежа CD;Гвоздь изоляционный;Омедненная сталь;2;;65;1000 шт;Нет;Крепеж;Приварной крепёж;Гвозди изоляционные;;;;;;
;66-03-035 Гвоздь ARC-ISO изоляционный d 3 мм длиной 35 мм сталь омедненная;f6b7fff9-d7c5-11e6-a7f3-001e6754e0a4;66-03-035;html;gvozd_ARC-om.png;;html;gvozd_ARC-om.png;;850;Дуговая сварка крепежа ARC;Гвоздь изоляционный;Омедненная сталь;3;;35;1000 шт;Нет;Крепеж;Приварной крепёж;Гвозди изоляционные;;;;;;
;66-03-065 Гвоздь ARC-ISO изоляционный d 3 мм длиной 65 мм сталь омедненная;67b0f3f9-2a61-11eb-aea3-001e6754e0a5;66-03-065;html;gvozd_ARC-om.png;;html;gvozd_ARC-om.png;;850;Дуговая сварка крепежа ARC;Гвоздь изоляционный;Омедненная сталь;3;;65;1000 шт;Нет;Крепеж;Приварной крепёж;Гвозди изоляционные;;;;;;
;66-03-090 Гвоздь ARC-ISO изоляционный d 3 мм длиной 90 мм сталь омедненная;f79f6b4d-674b-11ea-b0d9-001e6754e0a5;66-03-090;html;gvozd_ARC-om.png;;html;gvozd_ARC-om.png;;850;Дуговая сварка крепежа ARC;Гвоздь изоляционный;Омедненная сталь;3;;90;1000 шт;Нет;Крепеж;Приварной крепёж;Гвозди изоляционные;;;;;;
;66-03-070 Гвоздь ARC-ISO изоляционный d 3 мм длиной 70 мм сталь омедненная;7e282447-3043-11e5-b1e7-001e6754e0a4;66-03-070;html;gvozd_ARC-om.png;;html;gvozd_ARC-om.png;;850;Дуговая сварка крепежа ARC;Гвоздь изоляционный;Омедненная сталь;3;;70;1000 шт;Нет;Крепеж;Приварной крепёж;Гвозди изоляционные;;;;;;
;235035* SP2-ER-35* Гвоздь изоляционный стальной нержавеющий d 2,0 мм, длиной 35 мм;f9cb0640-d806-11ec-b8f2-001e6754e0a5;235035* SS304 CD;html;gvozd_cd-st.png;;html;gvozd_cd-st.png;;850;Конденсаторная сварка крепежа CD;Гвоздь изоляционный;Нержавеющая сталь;2;;35;1000 шт;Нет;Крепеж;Приварной крепёж;Гвозди изоляционные;;;;;;
;;;;;;;;;;;;;;;;;;;;;;;;;;;
;;;;;;;;;;;;;;;;;;;;;;;;;;;
;;;;;;;;;;;;;;;;;;;;;;;;;;;
;;;;;;;;;;;;;;;;;;;;;;;;;;;
;;;;;;;;;;;;;;;;;;;;;;;;;;;
;;;;;;;;;;;;;;;;;;;;;;;;;;;
;;;;;;;;;;;;;;;;;;;;;;;;;;;
;;;;;;;;;;;;;;;;;;;;;;;;;;;
;;;;;;;;;;;;;;;;;;;;;;;;;;;
;;;;;;;;;;;;;;;;;;;;;;;;;;;
;;;;;;;;;;;;;;;;;;;;;;;;;;;
;;;;;;;;;;;;;;;;;;;;;;;;;;;
;;;;;;;;;;;;;;;;;;;;;;;;;;;
;;;;;;;;;;;;;;;;;;;;;;;;;;;
;;;;;;;;;;;;;;;;;;;;;;;;;;;
;;;;;;;;;;;;;;;;;;;;;;;;;;;
;;;;;;;;;;;;;;;;;;;;;;;;;;;
;;;;;;;;;;;;;;;;;;;;;;;;;;;
;;;;;;;;;;;;;;;;;;;;;;;;;;;
;;;;;;;;;;;;;;;;;;;;;;;;;;;
;;;;;;;;;;;;;;;;;;;;;;;;;;;
;;;;;;;;;;;;;;;;;;;;;;;;;;;
;;;;;;;;;;;;;;;;;;;;;;;;;;;
;;;;;;;;;;;;;;;;;;;;;;;;;;;
;;;;;;;;;;;;;;;;;;;;;;;;;;;
;;;;;;;;;;;;;;;;;;;;;;;;;;;
;;;;;;;;;;;;;;;;;;;;;;;;;;;
;;;;;;;;;;;;;;;;;;;;;;;;;;;
;;;;;;;;;;;;;;;;;;;;;;;;;;;
;;;;;;;;;;;;;;;;;;;;;;;;;;;
;;;;;;;;;;;;;;;;;;;;;;;;;;;
;;;;;;;;;;;;;;;;;;;;;;;;;;;
;;;;;;;;;;;;;;;;;;;;;;;;;;;
;;;;;;;;;;;;;;;;;;;;;;;;;;;
;;;;;;;;;;;;;;;;;;;;;;;;;;;
;;;;;;;;;;;;;;;;;;;;;;;;;;;
;;;;;;;;;;;;;;;;;;;;;;;;;;;
;;;;;;;;;;;;;;;;;;;;;;;;;;;
;;;;;;;;;;;;;;;;;;;;;;;;;;;
;;;;;;;;;;;;;;;;;;;;;;;;;;;
;;;;;;;;;;;;;;;;;;;;;;;;;;;
;;;;;;;;;;;;;;;;;;;;;;;;;;;
;;;;;;;;;;;;;;;;;;;;;;;;;;;
;;;;;;;;;;;;;;;;;;;;;;;;;;;
;;;;;;;;;;;;;;;;;;;;;;;;;;;
;;;;;;;;;;;;;;;;;;;;;;;;;;;
;;;;;;;;;;;;;;;;;;;;;;;;;;;
;;;;;;;;;;;;;;;;;;;;;;;;;;;
;;;;;;;;;;;;;;;;;;;;;;;;;;;
;;;;;;;;;;;;;;;;;;;;;;;;;;;
;;;;;;;;;;;;;;;;;;;;;;;;;;;
;;;;;;;;;;;;;;;;;;;;;;;;;;;
;;;;;;;;;;;;;;;;;;;;;;;;;;;
;;;;;;;;;;;;;;;;;;;;;;;;;;;
;;;;;;;;;;;;;;;;;;;;;;;;;;;
;;;;;;;;;;;;;;;;;;;;;;;;;;;
;;;;;;;;;;;;;;;;;;;;;;;;;;;
;;;;;;;;;;;;;;;;;;;;;;;;;;;
;;;;;;;;;;;;;;;;;;;;;;;;;;;
;;;;;;;;;;;;;;;;;;;;;;;;;;;
;;;;;;;;;;;;;;;;;;;;;;;;;;;
;;;;;;;;;;;;;;;;;;;;;;;;;;;
;;;;;;;;;;;;;;;;;;;;;;;;;;;
;;;;;;;;;;;;;;;;;;;;;;;;;;;
;;;;;;;;;;;;;;;;;;;;;;;;;;;
;;;;;;;;;;;;;;;;;;;;;;;;;;;
;;;;;;;;;;;;;;;;;;;;;;;;;;;
;;;;;;;;;;;;;;;;;;;;;;;;;;;
;;;;;;;;;;;;;;;;;;;;;;;;;;;
;;;;;;;;;;;;;;;;;;;;;;;;;;;
;;;;;;;;;;;;;;;;;;;;;;;;;;;
;;;;;;;;;;;;;;;;;;;;;;;;;;;
;;;;;;;;;;;;;;;;;;;;;;;;;;;
;;;;;;;;;;;;;;;;;;;;;;;;;;;
;;;;;;;;;;;;;;;;;;;;;;;;;;;
;;;;;;;;;;;;;;;;;;;;;;;;;;;
;;;;;;;;;;;;;;;;;;;;;;;;;;;
;;;;;;;;;;;;;;;;;;;;;;;;;;;
;;;;;;;;;;;;;;;;;;;;;;;;;;;
;;;;;;;;;;;;;;;;;;;;;;;;;;;
;;;;;;;;;;;;;;;;;;;;;;;;;;;
;;;;;;;;;;;;;;;;;;;;;;;;;;;
;;;;;;;;;;;;;;;;;;;;;;;;;;;
;;;;;;;;;;;;;;;;;;;;;;;;;;;
;;;;;;;;;;;;;;;;;;;;;;;;;;;
;;;;;;;;;;;;;;;;;;;;;;;;;;;
;;;;;;;;;;;;;;;;;;;;;;;;;;;
;;;;;;;;;;;;;;;;;;;;;;;;;;;
;;;;;;;;;;;;;;;;;;;;;;;;;;;
;;;;;;;;;;;;;;;;;;;;;;;;;;;
;;;;;;;;;;;;;;;;;;;;;;;;;;;
;;;;;;;;;;;;;;;;;;;;;;;;;;;
;;;;;;;;;;;;;;;;;;;;;;;;;;;
;;;;;;;;;;;;;;;;;;;;;;;;;;;
;;;;;;;;;;;;;;;;;;;;;;;;;;;
;;;;;;;;;;;;;;;;;;;;;;;;;;;
;;;;;;;;;;;;;;;;;;;;;;;;;;;
;;;;;;;;;;;;;;;;;;;;;;;;;;;
;;;;;;;;;;;;;;;;;;;;;;;;;;;
;;;;;;;;;;;;;;;;;;;;;;;;;;;
;;;;;;;;;;;;;;;;;;;;;;;;;;;
;;;;;;;;;;;;;;;;;;;;;;;;;;;
;;;;;;;;;;;;;;;;;;;;;;;;;;;
;;;;;;;;;;;;;;;;;;;;;;;;;;;
;;;;;;;;;;;;;;;;;;;;;;;;;;;
;;;;;;;;;;;;;;;;;;;;;;;;;;;
;;;;;;;;;;;;;;;;;;;;;;;;;;;
;;;;;;;;;;;;;;;;;;;;;;;;;;;
;;;;;;;;;;;;;;;;;;;;;;;;;;;
;;;;;;;;;;;;;;;;;;;;;;;;;;;
;;;;;;;;;;;;;;;;;;;;;;;;;;;
;;;;;;;;;;;;;;;;;;;;;;;;;;;
;;;;;;;;;;;;;;;;;;;;;;;;;;;
;;;;;;;;;;;;;;;;;;;;;;;;;;;
;;;;;;;;;;;;;;;;;;;;;;;;;;;
;;;;;;;;;;;;;;;;;;;;;;;;;;;
;;;;;;;;;;;;;;;;;;;;;;;;;;;
;;;;;;;;;;;;;;;;;;;;;;;;;;;
;;;;;;;;;;;;;;;;;;;;;;;;;;;
;;;;;;;;;;;;;;;;;;;;;;;;;;;
;;;;;;;;;;;;;;;;;;;;;;;;;;;
;;;;;;;;;;;;;;;;;;;;;;;;;;;
;;;;;;;;;;;;;;;;;;;;;;;;;;;
;;;;;;;;;;;;;;;;;;;;;;;;;;;
;;;;;;;;;;;;;;;;;;;;;;;;;;;
;;;;;;;;;;;;;;;;;;;;;;;;;;;
;;;;;;;;;;;;;;;;;;;;;;;;;;;
;;;;;;;;;;;;;;;;;;;;;;;;;;;
;;;;;;;;;;;;;;;;;;;;;;;;;;;
;;;;;;;;;;;;;;;;;;;;;;;;;;;
;;;;;;;;;;;;;;;;;;;;;;;;;;;
;;;;;;;;;;;;;;;;;;;;;;;;;;;
;;;;;;;;;;;;;;;;;;;;;;;;;;;
;;;;;;;;;;;;;;;;;;;;;;;;;;;
;;;;;;;;;;;;;;;;;;;;;;;;;;;
;;;;;;;;;;;;;;;;;;;;;;;;;;;
;;;;;;;;;;;;;;;;;;;;;;;;;;;
;;;;;;;;;;;;;;;;;;;;;;;;;;;
;;;;;;;;;;;;;;;;;;;;;;;;;;;
;;;;;;;;;;;;;;;;;;;;;;;;;;;
;;;;;;;;;;;;;;;;;;;;;;;;;;;
;;;;;;;;;;;;;;;;;;;;;;;;;;;
;;;;;;;;;;;;;;;;;;;;;;;;;;;
;;;;;;;;;;;;;;;;;;;;;;;;;;;
;;;;;;;;;;;;;;;;;;;;;;;;;;;
;;;;;;;;;;;;;;;;;;;;;;;;;;;
;;;;;;;;;;;;;;;;;;;;;;;;;;;
;;;;;;;;;;;;;;;;;;;;;;;;;;;
;;;;;;;;;;;;;;;;;;;;;;;;;;;
;;;;;;;;;;;;;;;;;;;;;;;;;;;
;;;;;;;;;;;;;;;;;;;;;;;;;;;
;;;;;;;;;;;;;;;;;;;;;;;;;;;
;;;;;;;;;;;;;;;;;;;;;;;;;;;
;;;;;;;;;;;;;;;;;;;;;;;;;;;
;;;;;;;;;;;;;;;;;;;;;;;;;;;
;;;;;;;;;;;;;;;;;;;;;;;;;;;
;;;;;;;;;;;;;;;;;;;;;;;;;;;
;;;;;;;;;;;;;;;;;;;;;;;;;;;
;;;;;;;;;;;;;;;;;;;;;;;;;;;
;;;;;;;;;;;;;;;;;;;;;;;;;;;
;;;;;;;;;;;;;;;;;;;;;;;;;;;
;;;;;;;;;;;;;;;;;;;;;;;;;;;
;;;;;;;;;;;;;;;;;;;;;;;;;;;
;;;;;;;;;;;;;;;;;;;;;;;;;;;
;;;;;;;;;;;;;;;;;;;;;;;;;;;
;;;;;;;;;;;;;;;;;;;;;;;;;;;
;;;;;;;;;;;;;;;;;;;;;;;;;;;
;;;;;;;;;;;;;;;;;;;;;;;;;;;
;;;;;;;;;;;;;;;;;;;;;;;;;;;
;;;;;;;;;;;;;;;;;;;;;;;;;;;
;;;;;;;;;;;;;;;;;;;;;;;;;;;
;;;;;;;;;;;;;;;;;;;;;;;;;;;
;;;;;;;;;;;;;;;;;;;;;;;;;;;
;;;;;;;;;;;;;;;;;;;;;;;;;;;
;;;;;;;;;;;;;;;;;;;;;;;;;;;
;;;;;;;;;;;;;;;;;;;;;;;;;;;
;;;;;;;;;;;;;;;;;;;;;;;;;;;
;;;;;;;;;;;;;;;;;;;;;;;;;;;
;;;;;;;;;;;;;;;;;;;;;;;;;;;
;;;;;;;;;;;;;;;;;;;;;;;;;;;
;;;;;;;;;;;;;;;;;;;;;;;;;;;
;;;;;;;;;;;;;;;;;;;;;;;;;;;
;;;;;;;;;;;;;;;;;;;;;;;;;;;
;;;;;;;;;;;;;;;;;;;;;;;;;;;
;;;;;;;;;;;;;;;;;;;;;;;;;;;
;;;;;;;;;;;;;;;;;;;;;;;;;;;
;;;;;;;;;;;;;;;;;;;;;;;;;;;
;;;;;;;;;;;;;;;;;;;;;;;;;;;
;;;;;;;;;;;;;;;;;;;;;;;;;;;
;;;;;;;;;;;;;;;;;;;;;;;;;;;
;;;;;;;;;;;;;;;;;;;;;;;;;;;
;;;;;;;;;;;;;;;;;;;;;;;;;;;
;;;;;;;;;;;;;;;;;;;;;;;;;;;
;;;;;;;;;;;;;;;;;;;;;;;;;;;
;;;;;;;;;;;;;;;;;;;;;;;;;;;
;;;;;;;;;;;;;;;;;;;;;;;;;;;
;;;;;;;;;;;;;;;;;;;;;;;;;;;
;;;;;;;;;;;;;;;;;;;;;;;;;;;
;;;;;;;;;;;;;;;;;;;;;;;;;;;
;;;;;;;;;;;;;;;;;;;;;;;;;;;
;;;;;;;;;;;;;;;;;;;;;;;;;;;
;;;;;;;;;;;;;;;;;;;;;;;;;;;
;;;;;;;;;;;;;;;;;;;;;;;;;;;
;;;;;;;;;;;;;;;;;;;;;;;;;;;
;;;;;;;;;;;;;;;;;;;;;;;;;;;
;;;;;;;;;;;;;;;;;;;;;;;;;;;
;;;;;;;;;;;;;;;;;;;;;;;;;;;
;;;;;;;;;;;;;;;;;;;;;;;;;;;
;;;;;;;;;;;;;;;;;;;;;;;;;;;
;;;;;;;;;;;;;;;;;;;;;;;;;;;
;;;;;;;;;;;;;;;;;;;;;;;;;;;
;;;;;;;;;;;;;;;;;;;;;;;;;;;
;;;;;;;;;;;;;;;;;;;;;;;;;;;
;;;;;;;;;;;;;;;;;;;;;;;;;;;
;;;;;;;;;;;;;;;;;;;;;;;;;;;
;;;;;;;;;;;;;;;;;;;;;;;;;;;
;;;;;;;;;;;;;;;;;;;;;;;;;;;
;;;;;;;;;;;;;;;;;;;;;;;;;;;
;;;;;;;;;;;;;;;;;;;;;;;;;;;
;;;;;;;;;;;;;;;;;;;;;;;;;;;
;;;;;;;;;;;;;;;;;;;;;;;;;;;
;;;;;;;;;;;;;;;;;;;;;;;;;;;
;;;;;;;;;;;;;;;;;;;;;;;;;;;
;;;;;;;;;;;;;;;;;;;;;;;;;;;
;;;;;;;;;;;;;;;;;;;;;;;;;;;
;;;;;;;;;;;;;;;;;;;;;;;;;;;
;;;;;;;;;;;;;;;;;;;;;;;;;;;
;;;;;;;;;;;;;;;;;;;;;;;;;;;
;;;;;;;;;;;;;;;;;;;;;;;;;;;
;;;;;;;;;;;;;;;;;;;;;;;;;;;
;;;;;;;;;;;;;;;;;;;;;;;;;;;
;;;;;;;;;;;;;;;;;;;;;;;;;;;
;;;;;;;;;;;;;;;;;;;;;;;;;;;
;;;;;;;;;;;;;;;;;;;;;;;;;;;
;;;;;;;;;;;;;;;;;;;;;;;;;;;
;;;;;;;;;;;;;;;;;;;;;;;;;;;
;;;;;;;;;;;;;;;;;;;;;;;;;;;
;;;;;;;;;;;;;;;;;;;;;;;;;;;
;;;;;;;;;;;;;;;;;;;;;;;;;;;
;;;;;;;;;;;;;;;;;;;;;;;;;;;
;;;;;;;;;;;;;;;;;;;;;;;;;;;
;;;;;;;;;;;;;;;;;;;;;;;;;;;
;;;;;;;;;;;;;;;;;;;;;;;;;;;
;;;;;;;;;;;;;;;;;;;;;;;;;;;
;;;;;;;;;;;;;;;;;;;;;;;;;;;
;;;;;;;;;;;;;;;;;;;;;;;;;;;
;;;;;;;;;;;;;;;;;;;;;;;;;;;
;;;;;;;;;;;;;;;;;;;;;;;;;;;
;;;;;;;;;;;;;;;;;;;;;;;;;;;
;;;;;;;;;;;;;;;;;;;;;;;;;;;
;;;;;;;;;;;;;;;;;;;;;;;;;;;
;;;;;;;;;;;;;;;;;;;;;;;;;;;
;;;;;;;;;;;;;;;;;;;;;;;;;;;
;;;;;;;;;;;;;;;;;;;;;;;;;;;
;;;;;;;;;;;;;;;;;;;;;;;;;;;
;;;;;;;;;;;;;;;;;;;;;;;;;;;
;;;;;;;;;;;;;;;;;;;;;;;;;;;
;;;;;;;;;;;;;;;;;;;;;;;;;;;
;;;;;;;;;;;;;;;;;;;;;;;;;;;
;;;;;;;;;;;;;;;;;;;;;;;;;;;
;;;;;;;;;;;;;;;;;;;;;;;;;;;
;;;;;;;;;;;;;;;;;;;;;;;;;;;
;;;;;;;;;;;;;;;;;;;;;;;;;;;
;;;;;;;;;;;;;;;;;;;;;;;;;;;
;;;;;;;;;;;;;;;;;;;;;;;;;;;
;;;;;;;;;;;;;;;;;;;;;;;;;;;
;;;;;;;;;;;;;;;;;;;;;;;;;;;
;;;;;;;;;;;;;;;;;;;;;;;;;;;
;;;;;;;;;;;;;;;;;;;;;;;;;;;
;;;;;;;;;;;;;;;;;;;;;;;;;;;
;;;;;;;;;;;;;;;;;;;;;;;;;;;
;;;;;;;;;;;;;;;;;;;;;;;;;;;
;;;;;;;;;;;;;;;;;;;;;;;;;;;
;;;;;;;;;;;;;;;;;;;;;;;;;;;
;;;;;;;;;;;;;;;;;;;;;;;;;;;
;;;;;;;;;;;;;;;;;;;;;;;;;;;
;;;;;;;;;;;;;;;;;;;;;;;;;;;
;;;;;;;;;;;;;;;;;;;;;;;;;;;
;;;;;;;;;;;;;;;;;;;;;;;;;;;
;;;;;;;;;;;;;;;;;;;;;;;;;;;
;;;;;;;;;;;;;;;;;;;;;;;;;;;
;;;;;;;;;;;;;;;;;;;;;;;;;;;
;;;;;;;;;;;;;;;;;;;;;;;;;;;
;;;;;;;;;;;;;;;;;;;;;;;;;;;
;;;;;;;;;;;;;;;;;;;;;;;;;;;
;;;;;;;;;;;;;;;;;;;;;;;;;;;
;;;;;;;;;;;;;;;;;;;;;;;;;;;
;;;;;;;;;;;;;;;;;;;;;;;;;;;
;;;;;;;;;;;;;;;;;;;;;;;;;;;
;;;;;;;;;;;;;;;;;;;;;;;;;;;
;;;;;;;;;;;;;;;;;;;;;;;;;;;
;;;;;;;;;;;;;;;;;;;;;;;;;;;
;;;;;;;;;;;;;;;;;;;;;;;;;;;
;;;;;;;;;;;;;;;;;;;;;;;;;;;
;;;;;;;;;;;;;;;;;;;;;;;;;;;
;;;;;;;;;;;;;;;;;;;;;;;;;;;
;;;;;;;;;;;;;;;;;;;;;;;;;;;
;;;;;;;;;;;;;;;;;;;;;;;;;;;
;;;;;;;;;;;;;;;;;;;;;;;;;;;
;;;;;;;;;;;;;;;;;;;;;;;;;;;
;;;;;;;;;;;;;;;;;;;;;;;;;;;
;;;;;;;;;;;;;;;;;;;;;;;;;;;
;;;;;;;;;;;;;;;;;;;;;;;;;;;
;;;;;;;;;;;;;;;;;;;;;;;;;;;
;;;;;;;;;;;;;;;;;;;;;;;;;;;
;;;;;;;;;;;;;;;;;;;;;;;;;;;
;;;;;;;;;;;;;;;;;;;;;;;;;;;
;;;;;;;;;;;;;;;;;;;;;;;;;;;
;;;;;;;;;;;;;;;;;;;;;;;;;;;
;;;;;;;;;;;;;;;;;;;;;;;;;;;
;;;;;;;;;;;;;;;;;;;;;;;;;;;
;;;;;;;;;;;;;;;;;;;;;;;;;;;
;;;;;;;;;;;;;;;;;;;;;;;;;;;
;;;;;;;;;;;;;;;;;;;;;;;;;;;
;;;;;;;;;;;;;;;;;;;;;;;;;;;
;;;;;;;;;;;;;;;;;;;;;;;;;;;
;;;;;;;;;;;;;;;;;;;;;;;;;;;
;;;;;;;;;;;;;;;;;;;;;;;;;;;
;;;;;;;;;;;;;;;;;;;;;;;;;;;
;;;;;;;;;;;;;;;;;;;;;;;;;;;
;;;;;;;;;;;;;;;;;;;;;;;;;;;
;;;;;;;;;;;;;;;;;;;;;;;;;;;
;;;;;;;;;;;;;;;;;;;;;;;;;;;
;;;;;;;;;;;;;;;;;;;;;;;;;;;
;;;;;;;;;;;;;;;;;;;;;;;;;;;
;;;;;;;;;;;;;;;;;;;;;;;;;;;
;;;;;;;;;;;;;;;;;;;;;;;;;;;
;;;;;;;;;;;;;;;;;;;;;;;;;;;
;;;;;;;;;;;;;;;;;;;;;;;;;;;
;;;;;;;;;;;;;;;;;;;;;;;;;;;
;;;;;;;;;;;;;;;;;;;;;;;;;;;
;;;;;;;;;;;;;;;;;;;;;;;;;;;
;;;;;;;;;;;;;;;;;;;;;;;;;;;
;;;;;;;;;;;;;;;;;;;;;;;;;;;
;;;;;;;;;;;;;;;;;;;;;;;;;;;
;;;;;;;;;;;;;;;;;;;;;;;;;;;
;;;;;;;;;;;;;;;;;;;;;;;;;;;
;;;;;;;;;;;;;;;;;;;;;;;;;;;
;;;;;;;;;;;;;;;;;;;;;;;;;;;
;;;;;;;;;;;;;;;;;;;;;;;;;;;
;;;;;;;;;;;;;;;;;;;;;;;;;;;
;;;;;;;;;;;;;;;;;;;;;;;;;;;
;;;;;;;;;;;;;;;;;;;;;;;;;;;
;;;;;;;;;;;;;;;;;;;;;;;;;;;
;;;;;;;;;;;;;;;;;;;;;;;;;;;
;;;;;;;;;;;;;;;;;;;;;;;;;;;
;;;;;;;;;;;;;;;;;;;;;;;;;;;
;;;;;;;;;;;;;;;;;;;;;;;;;;;
;;;;;;;;;;;;;;;;;;;;;;;;;;;
;;;;;;;;;;;;;;;;;;;;;;;;;;;
;;;;;;;;;;;;;;;;;;;;;;;;;;;
;;;;;;;;;;;;;;;;;;;;;;;;;;;
;;;;;;;;;;;;;;;;;;;;;;;;;;;
;;;;;;;;;;;;;;;;;;;;;;;;;;;
;;;;;;;;;;;;;;;;;;;;;;;;;;;
;;;;;;;;;;;;;;;;;;;;;;;;;;;
;;;;;;;;;;;;;;;;;;;;;;;;;;;
;;;;;;;;;;;;;;;;;;;;;;;;;;;
;;;;;;;;;;;;;;;;;;;;;;;;;;;
;;;;;;;;;;;;;;;;;;;;;;;;;;;
;;;;;;;;;;;;;;;;;;;;;;;;;;;
;;;;;;;;;;;;;;;;;;;;;;;;;;;
;;;;;;;;;;;;;;;;;;;;;;;;;;;
;;;;;;;;;;;;;;;;;;;;;;;;;;;
;;;;;;;;;;;;;;;;;;;;;;;;;;;
;;;;;;;;;;;;;;;;;;;;;;;;;;;
;;;;;;;;;;;;;;;;;;;;;;;;;;;
;;;;;;;;;;;;;;;;;;;;;;;;;;;
;;;;;;;;;;;;;;;;;;;;;;;;;;;
;;;;;;;;;;;;;;;;;;;;;;;;;;;
;;;;;;;;;;;;;;;;;;;;;;;;;;;
;;;;;;;;;;;;;;;;;;;;;;;;;;;
;;;;;;;;;;;;;;;;;;;;;;;;;;;
;;;;;;;;;;;;;;;;;;;;;;;;;;;
;;;;;;;;;;;;;;;;;;;;;;;;;;;
;;;;;;;;;;;;;;;;;;;;;;;;;;;
;;;;;;;;;;;;;;;;;;;;;;;;;;;
;;;;;;;;;;;;;;;;;;;;;;;;;;;
;;;;;;;;;;;;;;;;;;;;;;;;;;;
;;;;;;;;;;;;;;;;;;;;;;;;;;;
;;;;;;;;;;;;;;;;;;;;;;;;;;;
;;;;;;;;;;;;;;;;;;;;;;;;;;;
;;;;;;;;;;;;;;;;;;;;;;;;;;;
;;;;;;;;;;;;;;;;;;;;;;;;;;;
;;;;;;;;;;;;;;;;;;;;;;;;;;;
;;;;;;;;;;;;;;;;;;;;;;;;;;;
;;;;;;;;;;;;;;;;;;;;;;;;;;;
;;;;;;;;;;;;;;;;;;;;;;;;;;;
;;;;;;;;;;;;;;;;;;;;;;;;;;;
;;;;;;;;;;;;;;;;;;;;;;;;;;;
;;;;;;;;;;;;;;;;;;;;;;;;;;;
;;;;;;;;;;;;;;;;;;;;;;;;;;;
;;;;;;;;;;;;;;;;;;;;;;;;;;;
;;;;;;;;;;;;;;;;;;;;;;;;;;;
;;;;;;;;;;;;;;;;;;;;;;;;;;;
;;;;;;;;;;;;;;;;;;;;;;;;;;;
;;;;;;;;;;;;;;;;;;;;;;;;;;;
;;;;;;;;;;;;;;;;;;;;;;;;;;;
;;;;;;;;;;;;;;;;;;;;;;;;;;;
;;;;;;;;;;;;;;;;;;;;;;;;;;;
;;;;;;;;;;;;;;;;;;;;;;;;;;;
;;;;;;;;;;;;;;;;;;;;;;;;;;;
;;;;;;;;;;;;;;;;;;;;;;;;;;;
;;;;;;;;;;;;;;;;;;;;;;;;;;;
;;;;;;;;;;;;;;;;;;;;;;;;;;;
;;;;;;;;;;;;;;;;;;;;;;;;;;;
;;;;;;;;;;;;;;;;;;;;;;;;;;;
;;;;;;;;;;;;;;;;;;;;;;;;;;;
;;;;;;;;;;;;;;;;;;;;;;;;;;;
;;;;;;;;;;;;;;;;;;;;;;;;;;;
;;;;;;;;;;;;;;;;;;;;;;;;;;;
;;;;;;;;;;;;;;;;;;;;;;;;;;;
;;;;;;;;;;;;;;;;;;;;;;;;;;;
;;;;;;;;;;;;;;;;;;;;;;;;;;;
;;;;;;;;;;;;;;;;;;;;;;;;;;;
;;;;;;;;;;;;;;;;;;;;;;;;;;;
;;;;;;;;;;;;;;;;;;;;;;;;;;;
;;;;;;;;;;;;;;;;;;;;;;;;;;;
;;;;;;;;;;;;;;;;;;;;;;;;;;;
;;;;;;;;;;;;;;;;;;;;;;;;;;;
;;;;;;;;;;;;;;;;;;;;;;;;;;;
;;;;;;;;;;;;;;;;;;;;;;;;;;;
;;;;;;;;;;;;;;;;;;;;;;;;;;;
;;;;;;;;;;;;;;;;;;;;;;;;;;;
;;;;;;;;;;;;;;;;;;;;;;;;;;;
;;;;;;;;;;;;;;;;;;;;;;;;;;;
;;;;;;;;;;;;;;;;;;;;;;;;;;;
;;;;;;;;;;;;;;;;;;;;;;;;;;;
;;;;;;;;;;;;;;;;;;;;;;;;;;;
;;;;;;;;;;;;;;;;;;;;;;;;;;;
;;;;;;;;;;;;;;;;;;;;;;;;;;;
;;;;;;;;;;;;;;;;;;;;;;;;;;;
;;;;;;;;;;;;;;;;;;;;;;;;;;;
;;;;;;;;;;;;;;;;;;;;;;;;;;;
;;;;;;;;;;;;;;;;;;;;;;;;;;;
;;;;;;;;;;;;;;;;;;;;;;;;;;;
;;;;;;;;;;;;;;;;;;;;;;;;;;;
;;;;;;;;;;;;;;;;;;;;;;;;;;;
;;;;;;;;;;;;;;;;;;;;;;;;;;;
;;;;;;;;;;;;;;;;;;;;;;;;;;;
;;;;;;;;;;;;;;;;;;;;;;;;;;;
;;;;;;;;;;;;;;;;;;;;;;;;;;;
;;;;;;;;;;;;;;;;;;;;;;;;;;;
;;;;;;;;;;;;;;;;;;;;;;;;;;;
;;;;;;;;;;;;;;;;;;;;;;;;;;;
;;;;;;;;;;;;;;;;;;;;;;;;;;;
;;;;;;;;;;;;;;;;;;;;;;;;;;;
;;;;;;;;;;;;;;;;;;;;;;;;;;;
;;;;;;;;;;;;;;;;;;;;;;;;;;;
;;;;;;;;;;;;;;;;;;;;;;;;;;;
;;;;;;;;;;;;;;;;;;;;;;;;;;;
;;;;;;;;;;;;;;;;;;;;;;;;;;;
;;;;;;;;;;;;;;;;;;;;;;;;;;;
;;;;;;;;;;;;;;;;;;;;;;;;;;;
;;;;;;;;;;;;;;;;;;;;;;;;;;;
;;;;;;;;;;;;;;;;;;;;;;;;;;;
;;;;;;;;;;;;;;;;;;;;;;;;;;;
;;;;;;;;;;;;;;;;;;;;;;;;;;;
;;;;;;;;;;;;;;;;;;;;;;;;;;;
;;;;;;;;;;;;;;;;;;;;;;;;;;;
;;;;;;;;;;;;;;;;;;;;;;;;;;;
;;;;;;;;;;;;;;;;;;;;;;;;;;;
;;;;;;;;;;;;;;;;;;;;;;;;;;;
;;;;;;;;;;;;;;;;;;;;;;;;;;;
;;;;;;;;;;;;;;;;;;;;;;;;;;;
;;;;;;;;;;;;;;;;;;;;;;;;;;;
;;;;;;;;;;;;;;;;;;;;;;;;;;;
;;;;;;;;;;;;;;;;;;;;;;;;;;;
;;;;;;;;;;;;;;;;;;;;;;;;;;;
;;;;;;;;;;;;;;;;;;;;;;;;;;;
;;;;;;;;;;;;;;;;;;;;;;;;;;;
;;;;;;;;;;;;;;;;;;;;;;;;;;;
;;;;;;;;;;;;;;;;;;;;;;;;;;;
;;;;;;;;;;;;;;;;;;;;;;;;;;;
;;;;;;;;;;;;;;;;;;;;;;;;;;;
;;;;;;;;;;;;;;;;;;;;;;;;;;;
;;;;;;;;;;;;;;;;;;;;;;;;;;;
;;;;;;;;;;;;;;;;;;;;;;;;;;;
;;;;;;;;;;;;;;;;;;;;;;;;;;;
;;;;;;;;;;;;;;;;;;;;;;;;;;;
;;;;;;;;;;;;;;;;;;;;;;;;;;;
;;;;;;;;;;;;;;;;;;;;;;;;;;;
;;;;;;;;;;;;;;;;;;;;;;;;;;;
;;;;;;;;;;;;;;;;;;;;;;;;;;;
;;;;;;;;;;;;;;;;;;;;;;;;;;;
;;;;;;;;;;;;;;;;;;;;;;;;;;;
;;;;;;;;;;;;;;;;;;;;;;;;;;;
;;;;;;;;;;;;;;;;;;;;;;;;;;;
;;;;;;;;;;;;;;;;;;;;;;;;;;;
;;;;;;;;;;;;;;;;;;;;;;;;;;;
;;;;;;;;;;;;;;;;;;;;;;;;;;;
;;;;;;;;;;;;;;;;;;;;;;;;;;;
;;;;;;;;;;;;;;;;;;;;;;;;;;;
;;;;;;;;;;;;;;;;;;;;;;;;;;;
;;;;;;;;;;;;;;;;;;;;;;;;;;;
;;;;;;;;;;;;;;;;;;;;;;;;;;;
;;;;;;;;;;;;;;;;;;;;;;;;;;;
;;;;;;;;;;;;;;;;;;;;;;;;;;;
;;;;;;;;;;;;;;;;;;;;;;;;;;;
;;;;;;;;;;;;;;;;;;;;;;;;;;;
;;;;;;;;;;;;;;;;;;;;;;;;;;;
;;;;;;;;;;;;;;;;;;;;;;;;;;;
;;;;;;;;;;;;;;;;;;;;;;;;;;;
;;;;;;;;;;;;;;;;;;;;;;;;;;;
;;;;;;;;;;;;;;;;;;;;;;;;;;;
;;;;;;;;;;;;;;;;;;;;;;;;;;;
;;;;;;;;;;;;;;;;;;;;;;;;;;;
;;;;;;;;;;;;;;;;;;;;;;;;;;;
;;;;;;;;;;;;;;;;;;;;;;;;;;;
;;;;;;;;;;;;;;;;;;;;;;;;;;;
;;;;;;;;;;;;;;;;;;;;;;;;;;;
;;;;;;;;;;;;;;;;;;;;;;;;;;;
;;;;;;;;;;;;;;;;;;;;;;;;;;;
;;;;;;;;;;;;;;;;;;;;;;;;;;;
;;;;;;;;;;;;;;;;;;;;;;;;;;;
;;;;;;;;;;;;;;;;;;;;;;;;;;;
;;;;;;;;;;;;;;;;;;;;;;;;;;;
;;;;;;;;;;;;;;;;;;;;;;;;;;;
;;;;;;;;;;;;;;;;;;;;;;;;;;;
;;;;;;;;;;;;;;;;;;;;;;;;;;;
;;;;;;;;;;;;;;;;;;;;;;;;;;;
;;;;;;;;;;;;;;;;;;;;;;;;;;;
;;;;;;;;;;;;;;;;;;;;;;;;;;;
;;;;;;;;;;;;;;;;;;;;;;;;;;;
;;;;;;;;;;;;;;;;;;;;;;;;;;;
;;;;;;;;;;;;;;;;;;;;;;;;;;;
;;;;;;;;;;;;;;;;;;;;;;;;;;;
;;;;;;;;;;;;;;;;;;;;;;;;;;;
;;;;;;;;;;;;;;;;;;;;;;;;;;;
;;;;;;;;;;;;;;;;;;;;;;;;;;;
;;;;;;;;;;;;;;;;;;;;;;;;;;;
;;;;;;;;;;;;;;;;;;;;;;;;;;;
;;;;;;;;;;;;;;;;;;;;;;;;;;;
;;;;;;;;;;;;;;;;;;;;;;;;;;;
;;;;;;;;;;;;;;;;;;;;;;;;;;;
;;;;;;;;;;;;;;;;;;;;;;;;;;;
;;;;;;;;;;;;;;;;;;;;;;;;;;;
;;;;;;;;;;;;;;;;;;;;;;;;;;;
;;;;;;;;;;;;;;;;;;;;;;;;;;;
;;;;;;;;;;;;;;;;;;;;;;;;;;;
;;;;;;;;;;;;;;;;;;;;;;;;;;;
;;;;;;;;;;;;;;;;;;;;;;;;;;;
;;;;;;;;;;;;;;;;;;;;;;;;;;;
;;;;;;;;;;;;;;;;;;;;;;;;;;;
;;;;;;;;;;;;;;;;;;;;;;;;;;;
;;;;;;;;;;;;;;;;;;;;;;;;;;;
;;;;;;;;;;;;;;;;;;;;;;;;;;;
;;;;;;;;;;;;;;;;;;;;;;;;;;;
;;;;;;;;;;;;;;;;;;;;;;;;;;;
;;;;;;;;;;;;;;;;;;;;;;;;;;;
;;;;;;;;;;;;;;;;;;;;;;;;;;;
;;;;;;;;;;;;;;;;;;;;;;;;;;;
;;;;;;;;;;;;;;;;;;;;;;;;;;;
;;;;;;;;;;;;;;;;;;;;;;;;;;;
;;;;;;;;;;;;;;;;;;;;;;;;;;;
;;;;;;;;;;;;;;;;;;;;;;;;;;;
;;;;;;;;;;;;;;;;;;;;;;;;;;;
;;;;;;;;;;;;;;;;;;;;;;;;;;;
;;;;;;;;;;;;;;;;;;;;;;;;;;;
;;;;;;;;;;;;;;;;;;;;;;;;;;;
;;;;;;;;;;;;;;;;;;;;;;;;;;;
;;;;;;;;;;;;;;;;;;;;;;;;;;;
;;;;;;;;;;;;;;;;;;;;;;;;;;;
;;;;;;;;;;;;;;;;;;;;;;;;;;;
;;;;;;;;;;;;;;;;;;;;;;;;;;;
;;;;;;;;;;;;;;;;;;;;;;;;;;;
;;;;;;;;;;;;;;;;;;;;;;;;;;;
;;;;;;;;;;;;;;;;;;;;;;;;;;;
;;;;;;;;;;;;;;;;;;;;;;;;;;;
;;;;;;;;;;;;;;;;;;;;;;;;;;;
;;;;;;;;;;;;;;;;;;;;;;;;;;;
;;;;;;;;;;;;;;;;;;;;;;;;;;;
;;;;;;;;;;;;;;;;;;;;;;;;;;;
;;;;;;;;;;;;;;;;;;;;;;;;;;;
;;;;;;;;;;;;;;;;;;;;;;;;;;;
;;;;;;;;;;;;;;;;;;;;;;;;;;;
;;;;;;;;;;;;;;;;;;;;;;;;;;;
;;;;;;;;;;;;;;;;;;;;;;;;;;;
;;;;;;;;;;;;;;;;;;;;;;;;;;;
;;;;;;;;;;;;;;;;;;;;;;;;;;;
;;;;;;;;;;;;;;;;;;;;;;;;;;;
;;;;;;;;;;;;;;;;;;;;;;;;;;;
;;;;;;;;;;;;;;;;;;;;;;;;;;;
;;;;;;;;;;;;;;;;;;;;;;;;;;;
;;;;;;;;;;;;;;;;;;;;;;;;;;;
;;;;;;;;;;;;;;;;;;;;;;;;;;;
;;;;;;;;;;;;;;;;;;;;;;;;;;;
;;;;;;;;;;;;;;;;;;;;;;;;;;;
;;;;;;;;;;;;;;;;;;;;;;;;;;;
;;;;;;;;;;;;;;;;;;;;;;;;;;;
;;;;;;;;;;;;;;;;;;;;;;;;;;;
;;;;;;;;;;;;;;;;;;;;;;;;;;;
;;;;;;;;;;;;;;;;;;;;;;;;;;;
;;;;;;;;;;;;;;;;;;;;;;;;;;;
;;;;;;;;;;;;;;;;;;;;;;;;;;;
;;;;;;;;;;;;;;;;;;;;;;;;;;;
;;;;;;;;;;;;;;;;;;;;;;;;;;;
;;;;;;;;;;;;;;;;;;;;;;;;;;;
;;;;;;;;;;;;;;;;;;;;;;;;;;;
;;;;;;;;;;;;;;;;;;;;;;;;;;;
;;;;;;;;;;;;;;;;;;;;;;;;;;;
;;;;;;;;;;;;;;;;;;;;;;;;;;;
;;;;;;;;;;;;;;;;;;;;;;;;;;;
;;;;;;;;;;;;;;;;;;;;;;;;;;;
;;;;;;;;;;;;;;;;;;;;;;;;;;;
;;;;;;;;;;;;;;;;;;;;;;;;;;;
;;;;;;;;;;;;;;;;;;;;;;;;;;;
;;;;;;;;;;;;;;;;;;;;;;;;;;;
;;;;;;;;;;;;;;;;;;;;;;;;;;;
;;;;;;;;;;;;;;;;;;;;;;;;;;;
;;;;;;;;;;;;;;;;;;;;;;;;;;;
;;;;;;;;;;;;;;;;;;;;;;;;;;;
;;;;;;;;;;;;;;;;;;;;;;;;;;;
;;;;;;;;;;;;;;;;;;;;;;;;;;;
;;;;;;;;;;;;;;;;;;;;;;;;;;;
;;;;;;;;;;;;;;;;;;;;;;;;;;;
;;;;;;;;;;;;;;;;;;;;;;;;;;;
;;;;;;;;;;;;;;;;;;;;;;;;;;;
;;;;;;;;;;;;;;;;;;;;;;;;;;;
;;;;;;;;;;;;;;;;;;;;;;;;;;;
;;;;;;;;;;;;;;;;;;;;;;;;;;;
;;;;;;;;;;;;;;;;;;;;;;;;;;;
;;;;;;;;;;;;;;;;;;;;;;;;;;;
;;;;;;;;;;;;;;;;;;;;;;;;;;;
;;;;;;;;;;;;;;;;;;;;;;;;;;;
;;;;;;;;;;;;;;;;;;;;;;;;;;;
;;;;;;;;;;;;;;;;;;;;;;;;;;;
;;;;;;;;;;;;;;;;;;;;;;;;;;;
;;;;;;;;;;;;;;;;;;;;;;;;;;;
;;;;;;;;;;;;;;;;;;;;;;;;;;;
;;;;;;;;;;;;;;;;;;;;;;;;;;;
;;;;;;;;;;;;;;;;;;;;;;;;;;;
;;;;;;;;;;;;;;;;;;;;;;;;;;;
;;;;;;;;;;;;;;;;;;;;;;;;;;;
;;;;;;;;;;;;;;;;;;;;;;;;;;;
;;;;;;;;;;;;;;;;;;;;;;;;;;;
;;;;;;;;;;;;;;;;;;;;;;;;;;;
;;;;;;;;;;;;;;;;;;;;;;;;;;;
;;;;;;;;;;;;;;;;;;;;;;;;;;;
;;;;;;;;;;;;;;;;;;;;;;;;;;;
;;;;;;;;;;;;;;;;;;;;;;;;;;;
;;;;;;;;;;;;;;;;;;;;;;;;;;;
;;;;;;;;;;;;;;;;;;;;;;;;;;;
;;;;;;;;;;;;;;;;;;;;;;;;;;;
;;;;;;;;;;;;;;;;;;;;;;;;;;;
;;;;;;;;;;;;;;;;;;;;;;;;;;;
;;;;;;;;;;;;;;;;;;;;;;;;;;;
;;;;;;;;;;;;;;;;;;;;;;;;;;;
;;;;;;;;;;;;;;;;;;;;;;;;;;;
;;;;;;;;;;;;;;;;;;;;;;;;;;;
;;;;;;;;;;;;;;;;;;;;;;;;;;;
;;;;;;;;;;;;;;;;;;;;;;;;;;;
;;;;;;;;;;;;;;;;;;;;;;;;;;;
;;;;;;;;;;;;;;;;;;;;;;;;;;;
;;;;;;;;;;;;;;;;;;;;;;;;;;;
;;;;;;;;;;;;;;;;;;;;;;;;;;;
;;;;;;;;;;;;;;;;;;;;;;;;;;;
;;;;;;;;;;;;;;;;;;;;;;;;;;;
;;;;;;;;;;;;;;;;;;;;;;;;;;;
;;;;;;;;;;;;;;;;;;;;;;;;;;;
;;;;;;;;;;;;;;;;;;;;;;;;;;;
;;;;;;;;;;;;;;;;;;;;;;;;;;;
;;;;;;;;;;;;;;;;;;;;;;;;;;;
;;;;;;;;;;;;;;;;;;;;;;;;;;;
;;;;;;;;;;;;;;;;;;;;;;;;;;;
;;;;;;;;;;;;;;;;;;;;;;;;;;;
;;;;;;;;;;;;;;;;;;;;;;;;;;;
;;;;;;;;;;;;;;;;;;;;;;;;;;;
;;;;;;;;;;;;;;;;;;;;;;;;;;;
;;;;;;;;;;;;;;;;;;;;;;;;;;;
;;;;;;;;;;;;;;;;;;;;;;;;;;;
;;;;;;;;;;;;;;;;;;;;;;;;;;;
;;;;;;;;;;;;;;;;;;;;;;;;;;;
;;;;;;;;;;;;;;;;;;;;;;;;;;;
;;;;;;;;;;;;;;;;;;;;;;;;;;;
;;;;;;;;;;;;;;;;;;;;;;;;;;;
;;;;;;;;;;;;;;;;;;;;;;;;;;;
;;;;;;;;;;;;;;;;;;;;;;;;;;;
;;;;;;;;;;;;;;;;;;;;;;;;;;;
;;;;;;;;;;;;;;;;;;;;;;;;;;;
;;;;;;;;;;;;;;;;;;;;;;;;;;;
;;;;;;;;;;;;;;;;;;;;;;;;;;;
;;;;;;;;;;;;;;;;;;;;;;;;;;;
;;;;;;;;;;;;;;;;;;;;;;;;;;;
;;;;;;;;;;;;;;;;;;;;;;;;;;;
;;;;;;;;;;;;;;;;;;;;;;;;;;;
;;;;;;;;;;;;;;;;;;;;;;;;;;;
;;;;;;;;;;;;;;;;;;;;;;;;;;;
;;;;;;;;;;;;;;;;;;;;;;;;;;;
;;;;;;;;;;;;;;;;;;;;;;;;;;;
;;;;;;;;;;;;;;;;;;;;;;;;;;;
;;;;;;;;;;;;;;;;;;;;;;;;;;;
;;;;;;;;;;;;;;;;;;;;;;;;;;;
;;;;;;;;;;;;;;;;;;;;;;;;;;;
;;;;;;;;;;;;;;;;;;;;;;;;;;;
;;;;;;;;;;;;;;;;;;;;;;;;;;;
;;;;;;;;;;;;;;;;;;;;;;;;;;;
;;;;;;;;;;;;;;;;;;;;;;;;;;;
;;;;;;;;;;;;;;;;;;;;;;;;;;;
;;;;;;;;;;;;;;;;;;;;;;;;;;;
;;;;;;;;;;;;;;;;;;;;;;;;;;;
;;;;;;;;;;;;;;;;;;;;;;;;;;;
;;;;;;;;;;;;;;;;;;;;;;;;;;;
;;;;;;;;;;;;;;;;;;;;;;;;;;;
;;;;;;;;;;;;;;;;;;;;;;;;;;;
;;;;;;;;;;;;;;;;;;;;;;;;;;;
;;;;;;;;;;;;;;;;;;;;;;;;;;;
;;;;;;;;;;;;;;;;;;;;;;;;;;;
;;;;;;;;;;;;;;;;;;;;;;;;;;;
;;;;;;;;;;;;;;;;;;;;;;;;;;;
;;;;;;;;;;;;;;;;;;;;;;;;;;;
;;;;;;;;;;;;;;;;;;;;;;;;;;;
;;;;;;;;;;;;;;;;;;;;;;;;;;;
;;;;;;;;;;;;;;;;;;;;;;;;;;;
;;;;;;;;;;;;;;;;;;;;;;;;;;;
;;;;;;;;;;;;;;;;;;;;;;;;;;;
;;;;;;;;;;;;;;;;;;;;;;;;;;;
;;;;;;;;;;;;;;;;;;;;;;;;;;;
;;;;;;;;;;;;;;;;;;;;;;;;;;;
;;;;;;;;;;;;;;;;;;;;;;;;;;;
;;;;;;;;;;;;;;;;;;;;;;;;;;;
;;;;;;;;;;;;;;;;;;;;;;;;;;;
;;;;;;;;;;;;;;;;;;;;;;;;;;;
;;;;;;;;;;;;;;;;;;;;;;;;;;;
;;;;;;;;;;;;;;;;;;;;;;;;;;;
;;;;;;;;;;;;;;;;;;;;;;;;;;;
;;;;;;;;;;;;;;;;;;;;;;;;;;;
;;;;;;;;;;;;;;;;;;;;;;;;;;;
;;;;;;;;;;;;;;;;;;;;;;;;;;;
;;;;;;;;;;;;;;;;;;;;;;;;;;;
;;;;;;;;;;;;;;;;;;;;;;;;;;;
;;;;;;;;;;;;;;;;;;;;;;;;;;;
;;;;;;;;;;;;;;;;;;;;;;;;;;;
;;;;;;;;;;;;;;;;;;;;;;;;;;;
;;;;;;;;;;;;;;;;;;;;;;;;;;;
;;;;;;;;;;;;;;;;;;;;;;;;;;;
;;;;;;;;;;;;;;;;;;;;;;;;;;;
;;;;;;;;;;;;;;;;;;;;;;;;;;;
;;;;;;;;;;;;;;;;;;;;;;;;;;;
;;;;;;;;;;;;;;;;;;;;;;;;;;;
;;;;;;;;;;;;;;;;;;;;;;;;;;;
;;;;;;;;;;;;;;;;;;;;;;;;;;;
;;;;;;;;;;;;;;;;;;;;;;;;;;;
;;;;;;;;;;;;;;;;;;;;;;;;;;;
;;;;;;;;;;;;;;;;;;;;;;;;;;;
;;;;;;;;;;;;;;;;;;;;;;;;;;;
;;;;;;;;;;;;;;;;;;;;;;;;;;;
;;;;;;;;;;;;;;;;;;;;;;;;;;;
;;;;;;;;;;;;;;;;;;;;;;;;;;;
;;;;;;;;;;;;;;;;;;;;;;;;;;;
;;;;;;;;;;;;;;;;;;;;;;;;;;;
;;;;;;;;;;;;;;;;;;;;;;;;;;;
;;;;;;;;;;;;;;;;;;;;;;;;;;;
;;;;;;;;;;;;;;;;;;;;;;;;;;;
;;;;;;;;;;;;;;;;;;;;;;;;;;;
;;;;;;;;;;;;;;;;;;;;;;;;;;;
;;;;;;;;;;;;;;;;;;;;;;;;;;;
;;;;;;;;;;;;;;;;;;;;;;;;;;;
;;;;;;;;;;;;;;;;;;;;;;;;;;;
;;;;;;;;;;;;;;;;;;;;;;;;;;;
;;;;;;;;;;;;;;;;;;;;;;;;;;;
;;;;;;;;;;;;;;;;;;;;;;;;;;;
;;;;;;;;;;;;;;;;;;;;;;;;;;;
;;;;;;;;;;;;;;;;;;;;;;;;;;;
;;;;;;;;;;;;;;;;;;;;;;;;;;;
;;;;;;;;;;;;;;;;;;;;;;;;;;;
;;;;;;;;;;;;;;;;;;;;;;;;;;;
;;;;;;;;;;;;;;;;;;;;;;;;;;;
;;;;;;;;;;;;;;;;;;;;;;;;;;;
;;;;;;;;;;;;;;;;;;;;;;;;;;;
;;;;;;;;;;;;;;;;;;;;;;;;;;;
;;;;;;;;;;;;;;;;;;;;;;;;;;;
;;;;;;;;;;;;;;;;;;;;;;;;;;;
;;;;;;;;;;;;;;;;;;;;;;;;;;;
;;;;;;;;;;;;;;;;;;;;;;;;;;;
;;;;;;;;;;;;;;;;;;;;;;;;;;;
;;;;;;;;;;;;;;;;;;;;;;;;;;;
;;;;;;;;;;;;;;;;;;;;;;;;;;;
;;;;;;;;;;;;;;;;;;;;;;;;;;;
;;;;;;;;;;;;;;;;;;;;;;;;;;;
;;;;;;;;;;;;;;;;;;;;;;;;;;;
;;;;;;;;;;;;;;;;;;;;;;;;;;;
;;;;;;;;;;;;;;;;;;;;;;;;;;;
;;;;;;;;;;;;;;;;;;;;;;;;;;;
;;;;;;;;;;;;;;;;;;;;;;;;;;;
;;;;;;;;;;;;;;;;;;;;;;;;;;;
;;;;;;;;;;;;;;;;;;;;;;;;;;;
;;;;;;;;;;;;;;;;;;;;;;;;;;;
;;;;;;;;;;;;;;;;;;;;;;;;;;;
;;;;;;;;;;;;;;;;;;;;;;;;;;;
;;;;;;;;;;;;;;;;;;;;;;;;;;;
;;;;;;;;;;;;;;;;;;;;;;;;;;;
;;;;;;;;;;;;;;;;;;;;;;;;;;;
;;;;;;;;;;;;;;;;;;;;;;;;;;;
;;;;;;;;;;;;;;;;;;;;;;;;;;;
;;;;;;;;;;;;;;;;;;;;;;;;;;;
;;;;;;;;;;;;;;;;;;;;;;;;;;;
;;;;;;;;;;;;;;;;;;;;;;;;;;;
;;;;;;;;;;;;;;;;;;;;;;;;;;;
;;;;;;;;;;;;;;;;;;;;;;;;;;;
;;;;;;;;;;;;;;;;;;;;;;;;;;;
;;;;;;;;;;;;;;;;;;;;;;;;;;;
;;;;;;;;;;;;;;;;;;;;;;;;;;;
;;;;;;;;;;;;;;;;;;;;;;;;;;;
;;;;;;;;;;;;;;;;;;;;;;;;;;;
;;;;;;;;;;;;;;;;;;;;;;;;;;;
;;;;;;;;;;;;;;;;;;;;;;;;;;;
;;;;;;;;;;;;;;;;;;;;;;;;;;;
;;;;;;;;;;;;;;;;;;;;;;;;;;;
;;;;;;;;;;;;;;;;;;;;;;;;;;;
;;;;;;;;;;;;;;;;;;;;;;;;;;;
;;;;;;;;;;;;;;;;;;;;;;;;;;;
;;;;;;;;;;;;;;;;;;;;;;;;;;;
;;;;;;;;;;;;;;;;;;;;;;;;;;;
;;;;;;;;;;;;;;;;;;;;;;;;;;;
;;;;;;;;;;;;;;;;;;;;;;;;;;;
;;;;;;;;;;;;;;;;;;;;;;;;;;;
;;;;;;;;;;;;;;;;;;;;;;;;;;;
;;;;;;;;;;;;;;;;;;;;;;;;;;;
;;;;;;;;;;;;;;;;;;;;;;;;;;;
;;;;;;;;;;;;;;;;;;;;;;;;;;;
;;;;;;;;;;;;;;;;;;;;;;;;;;;
;;;;;;;;;;;;;;;;;;;;;;;;;;;
;;;;;;;;;;;;;;;;;;;;;;;;;;;
;;;;;;;;;;;;;;;;;;;;;;;;;;;
;;;;;;;;;;;;;;;;;;;;;;;;;;;
;;;;;;;;;;;;;;;;;;;;;;;;;;;
;;;;;;;;;;;;;;;;;;;;;;;;;;;
;;;;;;;;;;;;;;;;;;;;;;;;;;;
;;;;;;;;;;;;;;;;;;;;;;;;;;;
;;;;;;;;;;;;;;;;;;;;;;;;;;;
;;;;;;;;;;;;;;;;;;;;;;;;;;;
;;;;;;;;;;;;;;;;;;;;;;;;;;;
;;;;;;;;;;;;;;;;;;;;;;;;;;;
;;;;;;;;;;;;;;;;;;;;;;;;;;;
;;;;;;;;;;;;;;;;;;;;;;;;;;;
;;;;;;;;;;;;;;;;;;;;;;;;;;;
;;;;;;;;;;;;;;;;;;;;;;;;;;;
;;;;;;;;;;;;;;;;;;;;;;;;;;;
;;;;;;;;;;;;;;;;;;;;;;;;;;;
;;;;;;;;;;;;;;;;;;;;;;;;;;;
;;;;;;;;;;;;;;;;;;;;;;;;;;;
;;;;;;;;;;;;;;;;;;;;;;;;;;;
;;;;;;;;;;;;;;;;;;;;;;;;;;;
;;;;;;;;;;;;;;;;;;;;;;;;;;;
;;;;;;;;;;;;;;;;;;;;;;;;;;;
;;;;;;;;;;;;;;;;;;;;;;;;;;;
;;;;;;;;;;;;;;;;;;;;;;;;;;;
;;;;;;;;;;;;;;;;;;;;;;;;;;;
;;;;;;;;;;;;;;;;;;;;;;;;;;;
;;;;;;;;;;;;;;;;;;;;;;;;;;;
;;;;;;;;;;;;;;;;;;;;;;;;;;;
;;;;;;;;;;;;;;;;;;;;;;;;;;;
;;;;;;;;;;;;;;;;;;;;;;;;;;;
;;;;;;;;;;;;;;;;;;;;;;;;;;;
;;;;;;;;;;;;;;;;;;;;;;;;;;;
;;;;;;;;;;;;;;;;;;;;;;;;;;;
;;;;;;;;;;;;;;;;;;;;;;;;;;;
;;;;;;;;;;;;;;;;;;;;;;;;;;;
;;;;;;;;;;;;;;;;;;;;;;;;;;;
;;;;;;;;;;;;;;;;;;;;;;;;;;;
;;;;;;;;;;;;;;;;;;;;;;;;;;;
;;;;;;;;;;;;;;;;;;;;;;;;;;;
;;;;;;;;;;;;;;;;;;;;;;;;;;;
;;;;;;;;;;;;;;;;;;;;;;;;;;;
;;;;;;;;;;;;;;;;;;;;;;;;;;;
;;;;;;;;;;;;;;;;;;;;;;;;;;;
;;;;;;;;;;;;;;;;;;;;;;;;;;;
;;;;;;;;;;;;;;;;;;;;;;;;;;;
;;;;;;;;;;;;;;;;;;;;;;;;;;;
;;;;;;;;;;;;;;;;;;;;;;;;;;;
;;;;;;;;;;;;;;;;;;;;;;;;;;;
;;;;;;;;;;;;;;;;;;;;;;;;;;;
;;;;;;;;;;;;;;;;;;;;;;;;;;;
;;;;;;;;;;;;;;;;;;;;;;;;;;;
;;;;;;;;;;;;;;;;;;;;;;;;;;;
;;;;;;;;;;;;;;;;;;;;;;;;;;;
;;;;;;;;;;;;;;;;;;;;;;;;;;;
;;;;;;;;;;;;;;;;;;;;;;;;;;;
;;;;;;;;;;;;;;;;;;;;;;;;;;;
;;;;;;;;;;;;;;;;;;;;;;;;;;;
;;;;;;;;;;;;;;;;;;;;;;;;;;;
;;;;;;;;;;;;;;;;;;;;;;;;;;;
;;;;;;;;;;;;;;;;;;;;;;;;;;;
;;;;;;;;;;;;;;;;;;;;;;;;;;;
;;;;;;;;;;;;;;;;;;;;;;;;;;;
;;;;;;;;;;;;;;;;;;;;;;;;;;;
;;;;;;;;;;;;;;;;;;;;;;;;;;;
;;;;;;;;;;;;;;;;;;;;;;;;;;;
;;;;;;;;;;;;;;;;;;;;;;;;;;;
;;;;;;;;;;;;;;;;;;;;;;;;;;;
;;;;;;;;;;;;;;;;;;;;;;;;;;;
;;;;;;;;;;;;;;;;;;;;;;;;;;;
;;;;;;;;;;;;;;;;;;;;;;;;;;;
;;;;;;;;;;;;;;;;;;;;;;;;;;;
;;;;;;;;;;;;;;;;;;;;;;;;;;;
;;;;;;;;;;;;;;;;;;;;;;;;;;;
;;;;;;;;;;;;;;;;;;;;;;;;;;;
;;;;;;;;;;;;;;;;;;;;;;;;;;;
;;;;;;;;;;;;;;;;;;;;;;;;;;;
;;;;;;;;;;;;;;;;;;;;;;;;;;;
;;;;;;;;;;;;;;;;;;;;;;;;;;;
;;;;;;;;;;;;;;;;;;;;;;;;;;;
;;;;;;;;;;;;;;;;;;;;;;;;;;;
;;;;;;;;;;;;;;;;;;;;;;;;;;;
;;;;;;;;;;;;;;;;;;;;;;;;;;;
;;;;;;;;;;;;;;;;;;;;;;;;;;;
;;;;;;;;;;;;;;;;;;;;;;;;;;;
;;;;;;;;;;;;;;;;;;;;;;;;;;;
;;;;;;;;;;;;;;;;;;;;;;;;;;;
;;;;;;;;;;;;;;;;;;;;;;;;;;;
;;;;;;;;;;;;;;;;;;;;;;;;;;;
;;;;;;;;;;;;;;;;;;;;;;;;;;;
;;;;;;;;;;;;;;;;;;;;;;;;;;;
;;;;;;;;;;;;;;;;;;;;;;;;;;;
;;;;;;;;;;;;;;;;;;;;;;;;;;;
;;;;;;;;;;;;;;;;;;;;;;;;;;;
;;;;;;;;;;;;;;;;;;;;;;;;;;;
;;;;;;;;;;;;;;;;;;;;;;;;;;;
;;;;;;;;;;;;;;;;;;;;;;;;;;;
;;;;;;;;;;;;;;;;;;;;;;;;;;;
;;;;;;;;;;;;;;;;;;;;;;;;;;;
;;;;;;;;;;;;;;;;;;;;;;;;;;;
;;;;;;;;;;;;;;;;;;;;;;;;;;;
;;;;;;;;;;;;;;;;;;;;;;;;;;;
;;;;;;;;;;;;;;;;;;;;;;;;;;;
;;;;;;;;;;;;;;;;;;;;;;;;;;;
;;;;;;;;;;;;;;;;;;;;;;;;;;;
;;;;;;;;;;;;;;;;;;;;;;;;;;;
;;;;;;;;;;;;;;;;;;;;;;;;;;;
;;;;;;;;;;;;;;;;;;;;;;;;;;;
;;;;;;;;;;;;;;;;;;;;;;;;;;;
;;;;;;;;;;;;;;;;;;;;;;;;;;;
;;;;;;;;;;;;;;;;;;;;;;;;;;;
;;;;;;;;;;;;;;;;;;;;;;;;;;;
;;;;;;;;;;;;;;;;;;;;;;;;;;;
;;;;;;;;;;;;;;;;;;;;;;;;;;;
;;;;;;;;;;;;;;;;;;;;;;;;;;;
;;;;;;;;;;;;;;;;;;;;;;;;;;;
;;;;;;;;;;;;;;;;;;;;;;;;;;;
;;;;;;;;;;;;;;;;;;;;;;;;;;;
;;;;;;;;;;;;;;;;;;;;;;;;;;;
;;;;;;;;;;;;;;;;;;;;;;;;;;;
;;;;;;;;;;;;;;;;;;;;;;;;;;;
;;;;;;;;;;;;;;;;;;;;;;;;;;;
;;;;;;;;;;;;;;;;;;;;;;;;;;;
;;;;;;;;;;;;;;;;;;;;;;;;;;;
;;;;;;;;;;;;;;;;;;;;;;;;;;;
;;;;;;;;;;;;;;;;;;;;;;;;;;;
;;;;;;;;;;;;;;;;;;;;;;;;;;;
;;;;;;;;;;;;;;;;;;;;;;;;;;;
;;;;;;;;;;;;;;;;;;;;;;;;;;;
;;;;;;;;;;;;;;;;;;;;;;;;;;;
;;;;;;;;;;;;;;;;;;;;;;;;;;;
;;;;;;;;;;;;;;;;;;;;;;;;;;;
;;;;;;;;;;;;;;;;;;;;;;;;;;;
;;;;;;;;;;;;;;;;;;;;;;;;;;;
;;;;;;;;;;;;;;;;;;;;;;;;;;;
;;;;;;;;;;;;;;;;;;;;;;;;;;;
;;;;;;;;;;;;;;;;;;;;;;;;;;;
;;;;;;;;;;;;;;;;;;;;;;;;;;;
;;;;;;;;;;;;;;;;;;;;;;;;;;;
;;;;;;;;;;;;;;;;;;;;;;;;;;;
;;;;;;;;;;;;;;;;;;;;;;;;;;;
;;;;;;;;;;;;;;;;;;;;;;;;;;;
;;;;;;;;;;;;;;;;;;;;;;;;;;;
;;;;;;;;;;;;;;;;;;;;;;;;;;;
;;;;;;;;;;;;;;;;;;;;;;;;;;;
;;;;;;;;;;;;;;;;;;;;;;;;;;;
;;;;;;;;;;;;;;;;;;;;;;;;;;;
;;;;;;;;;;;;;;;;;;;;;;;;;;;
;;;;;;;;;;;;;;;;;;;;;;;;;;;
;;;;;;;;;;;;;;;;;;;;;;;;;;;
;;;;;;;;;;;;;;;;;;;;;;;;;;;
;;;;;;;;;;;;;;;;;;;;;;;;;;;
;;;;;;;;;;;;;;;;;;;;;;;;;;;
;;;;;;;;;;;;;;;;;;;;;;;;;;;
;;;;;;;;;;;;;;;;;;;;;;;;;;;
;;;;;;;;;;;;;;;;;;;;;;;;;;;
;;;;;;;;;;;;;;;;;;;;;;;;;;;
;;;;;;;;;;;;;;;;;;;;;;;;;;;
;;;;;;;;;;;;;;;;;;;;;;;;;;;
;;;;;;;;;;;;;;;;;;;;;;;;;;;
;;;;;;;;;;;;;;;;;;;;;;;;;;;
;;;;;;;;;;;;;;;;;;;;;;;;;;;
;;;;;;;;;;;;;;;;;;;;;;;;;;;
;;;;;;;;;;;;;;;;;;;;;;;;;;;
;;;;;;;;;;;;;;;;;;;;;;;;;;;
;;;;;;;;;;;;;;;;;;;;;;;;;;;
;;;;;;;;;;;;;;;;;;;;;;;;;;;
;;;;;;;;;;;;;;;;;;;;;;;;;;;
;;;;;;;;;;;;;;;;;;;;;;;;;;;
;;;;;;;;;;;;;;;;;;;;;;;;;;;
;;;;;;;;;;;;;;;;;;;;;;;;;;;
;;;;;;;;;;;;;;;;;;;;;;;;;;;
;;;;;;;;;;;;;;;;;;;;;;;;;;;
;;;;;;;;;;;;;;;;;;;;;;;;;;;
;;;;;;;;;;;;;;;;;;;;;;;;;;;
;;;;;;;;;;;;;;;;;;;;;;;;;;;
;;;;;;;;;;;;;;;;;;;;;;;;;;;
;;;;;;;;;;;;;;;;;;;;;;;;;;;
;;;;;;;;;;;;;;;;;;;;;;;;;;;
;;;;;;;;;;;;;;;;;;;;;;;;;;;
;;;;;;;;;;;;;;;;;;;;;;;;;;;
;;;;;;;;;;;;;;;;;;;;;;;;;;;
;;;;;;;;;;;;;;;;;;;;;;;;;;;
;;;;;;;;;;;;;;;;;;;;;;;;;;;
;;;;;;;;;;;;;;;;;;;;;;;;;;;
;;;;;;;;;;;;;;;;;;;;;;;;;;;
;;;;;;;;;;;;;;;;;;;;;;;;;;;
;;;;;;;;;;;;;;;;;;;;;;;;;;;
;;;;;;;;;;;;;;;;;;;;;;;;;;;
;;;;;;;;;;;;;;;;;;;;;;;;;;;
;;;;;;;;;;;;;;;;;;;;;;;;;;;
;;;;;;;;;;;;;;;;;;;;;;;;;;;
;;;;;;;;;;;;;;;;;;;;;;;;;;;
;;;;;;;;;;;;;;;;;;;;;;;;;;;
;;;;;;;;;;;;;;;;;;;;;;;;;;;
;;;;;;;;;;;;;;;;;;;;;;;;;;;
;;;;;;;;;;;;;;;;;;;;;;;;;;;
;;;;;;;;;;;;;;;;;;;;;;;;;;;
;;;;;;;;;;;;;;;;;;;;;;;;;;;
;;;;;;;;;;;;;;;;;;;;;;;;;;;
;;;;;;;;;;;;;;;;;;;;;;;;;;;
;;;;;;;;;;;;;;;;;;;;;;;;;;;
;;;;;;;;;;;;;;;;;;;;;;;;;;;
;;;;;;;;;;;;;;;;;;;;;;;;;;;
;;;;;;;;;;;;;;;;;;;;;;;;;;;
;;;;;;;;;;;;;;;;;;;;;;;;;;;
;;;;;;;;;;;;;;;;;;;;;;;;;;;
;;;;;;;;;;;;;;;;;;;;;;;;;;;
