IE_CODE;IE_NAME;IP_PROP39;IP_PROP4;IE_PREVIEW_PICTURE;IE_PREVIEW_TEXT;IE_DETAIL_PICTURE;IE_DETAIL_TEXT;IP_PROP41;IP_PROP9;IP_PROP14;IP_PROP43;IP_PROP46;IP_PROP44;IP_PROP25;IP_PROP12;IP_PROP45;IC_GROUP0;IC_GROUP1;IC_GROUP2
;34-35-010 Втулка резьбовая приварная алюминиевая М 3 длиной 10 мм, с наружным диаметром 5 мм;a45be538-4f86-4c25-a937-be7e6bde7293;34-35-010;vtulka_rezbovaya_privarnaya_aluminevaya.png;;vtulka_rezbovaya_privarnaya_aluminevaya.png;;Резьбовая втулка;Конденсаторная сварка крепежа CD;Алюминий;3;3;5;10;Да;1000 шт;Крепеж;Приварной крепёж;Крепеж для конденсаторной сварки CD
;34-35-012 Втулка резьбовая приварная алюминиевая М 3 длиной 12 мм, с наружным диаметром 5 мм;8af243fa-f8c7-4a28-8120-4f1c86ac1165;34-35-12;vtulka_rezbovaya_privarnaya_aluminevaya.png;;vtulka_rezbovaya_privarnaya_aluminevaya.png;;Резьбовая втулка;Конденсаторная сварка крепежа CD;Алюминий;3;3;5;12;Да;1000 шт;Крепеж;Приварной крепёж;Крепеж для конденсаторной сварки CD
;34-35-015 Втулка резьбовая приварная алюминиевая М 3 длиной 15 мм, с наружным диаметром 5 мм;b97822bb-f1d7-4a79-aeae-f9bc3a526a19;34-35-015;vtulka_rezbovaya_privarnaya_aluminevaya.png;;vtulka_rezbovaya_privarnaya_aluminevaya.png;;Резьбовая втулка;Конденсаторная сварка крепежа CD;Алюминий;3;3;5;15;Да;1000 шт;Крепеж;Приварной крепёж;Крепеж для конденсаторной сварки CD
;34-35-016 Втулка резьбовая приварная алюминиевая М 3 длиной 16 мм, с наружным диаметром 5 мм;ceb3afd9-0529-4e20-9c12-0d3305edd674;34-35-016;vtulka_rezbovaya_privarnaya_aluminevaya.png;;vtulka_rezbovaya_privarnaya_aluminevaya.png;;Резьбовая втулка;Конденсаторная сварка крепежа CD;Алюминий;3;3;5;16;Да;1000 шт;Крепеж;Приварной крепёж;Крепеж для конденсаторной сварки CD
;34-35-020 Втулка резьбовая приварная алюминиевая М 3 длиной 20 мм, с наружным диаметром 5 мм;c164909e-a7db-4d82-93c1-847249a08550;34-35-020;vtulka_rezbovaya_privarnaya_aluminevaya.png;;vtulka_rezbovaya_privarnaya_aluminevaya.png;;Резьбовая втулка;Конденсаторная сварка крепежа CD;Алюминий;3;3;5;20;Да;1000 шт;Крепеж;Приварной крепёж;Крепеж для конденсаторной сварки CD
;34-57-020 Втулка резьбовая приварная алюминиевая М 5 длиной 20 мм, с наружным диаметром 7,1 мм;82ccfe51-e7a8-4e37-8a42-3f1e6b66d741;34-57-020;vtulka_rezbovaya_privarnaya_aluminevaya.png;;vtulka_rezbovaya_privarnaya_aluminevaya.png;;Резьбовая втулка;Конденсаторная сварка крепежа CD;Алюминий;5;5;7;20;Да;1000 шт;Крепеж;Приварной крепёж;Крепеж для конденсаторной сварки CD
;34-57-025 Втулка резьбовая приварная алюминиевая М 5 длиной 25 мм, с наружным диаметром 7,1 мм;224f36db-b39b-49cd-813f-c65ec2a06924;34-57-025;vtulka_rezbovaya_privarnaya_aluminevaya.png;;vtulka_rezbovaya_privarnaya_aluminevaya.png;;Резьбовая втулка;Конденсаторная сварка крепежа CD;Алюминий;5;5;7;25;Да;1000 шт;Крепеж;Приварной крепёж;Крепеж для конденсаторной сварки CD
;34-57-030 Втулка резьбовая приварная алюминиевая М 5 длиной 30 мм, с наружным диаметром 7,1 мм;5ed55d10-991c-4761-bc00-c90cd844edb2;34-57-030;vtulka_rezbovaya_privarnaya_aluminevaya.png;;vtulka_rezbovaya_privarnaya_aluminevaya.png;;Резьбовая втулка;Конденсаторная сварка крепежа CD;Алюминий;5;5;7;30;Да;1000 шт;Крепеж;Приварной крепёж;Крепеж для конденсаторной сварки CD
;32-35-010 Втулка резьбовая приварная нержавеющая сталь А2 М 3 длиной 10 мм, с наружным диаметром 5 мм;d408618e-c977-400b-a543-25e8da18f030;34-46-012 / KWBSAM4-12;vtulka_rezbovaya_privarnaya_nerzh_stal.png;;vtulka_rezbovaya_privarnaya_nerzh_stal.png;;Резьбовая втулка;Конденсаторная сварка крепежа CD;Нержавеющая сталь;3;3;5;10;Да;1000 шт;Крепеж;Приварной крепёж;Крепеж для конденсаторной сварки CD
;32-35-012 Втулка резьбовая приварная нержавеющая сталь А2 М 3 длиной 12 мм, с наружным диаметром 5 мм;147bfcef-adb9-45d9-9c1c-e03026c64879;32-35-012;vtulka_rezbovaya_privarnaya_nerzh_stal.png;;vtulka_rezbovaya_privarnaya_nerzh_stal.png;;Резьбовая втулка;Конденсаторная сварка крепежа CD;Нержавеющая сталь;3;3;5;12;Да;1000 шт;Крепеж;Приварной крепёж;Крепеж для конденсаторной сварки CD
;32-35-015 Втулка резьбовая приварная нержавеющая сталь А2 М 3 длиной 15 мм, с наружным диаметром 5 мм;d7e30fe3-821b-470e-887b-9a7b98791413;32-35-015;vtulka_rezbovaya_privarnaya_nerzh_stal.png;;vtulka_rezbovaya_privarnaya_nerzh_stal.png;;Резьбовая втулка;Конденсаторная сварка крепежа CD;Нержавеющая сталь;3;3;5;15;Да;1000 шт;Крепеж;Приварной крепёж;Крепеж для конденсаторной сварки CD
;32-35-016 Втулка резьбовая приварная нержавеющая сталь А2 М 3 длиной 16 мм, с наружным диаметром 5 мм;d5716a16-37c5-41d3-af20-b58f66a0da73;32-35-016;vtulka_rezbovaya_privarnaya_nerzh_stal.png;;vtulka_rezbovaya_privarnaya_nerzh_stal.png;;Резьбовая втулка;Конденсаторная сварка крепежа CD;Нержавеющая сталь;3;3;5;16;Да;1000 шт;Крепеж;Приварной крепёж;Крепеж для конденсаторной сварки CD
;32-35-020 Втулка резьбовая приварная нержавеющая сталь А2 М 3 длиной 20 мм, с наружным диаметром 5 мм;e9d244df-ff9f-42fb-9738-c3296b49689c;32-35-020;vtulka_rezbovaya_privarnaya_nerzh_stal.png;;vtulka_rezbovaya_privarnaya_nerzh_stal.png;;Резьбовая втулка;Конденсаторная сварка крепежа CD;Нержавеющая сталь;3;3;5;20;Да;1000 шт;Крепеж;Приварной крепёж;Крепеж для конденсаторной сварки CD
;32-35-025 Втулка резьбовая приварная нержавеющая сталь А2 М 3 длиной 25 мм, с наружным диаметром 5 мм;8a7ba4ca-6ab3-4180-82f0-fdfd48f1ff50;32-35-025;vtulka_rezbovaya_privarnaya_nerzh_stal.png;;vtulka_rezbovaya_privarnaya_nerzh_stal.png;;Резьбовая втулка;Конденсаторная сварка крепежа CD;Нержавеющая сталь;3;3;5;25;Да;1000 шт;Крепеж;Приварной крепёж;Крепеж для конденсаторной сварки CD
;32-35-030 Втулка резьбовая приварная нержавеющая сталь А2 М 3 длиной 30 мм, с наружным диаметром 5 мм;9a90ce54-8508-4ed0-8117-de906308009f;32-35-030;vtulka_rezbovaya_privarnaya_nerzh_stal.png;;vtulka_rezbovaya_privarnaya_nerzh_stal.png;;Резьбовая втулка;Конденсаторная сварка крепежа CD;Нержавеющая сталь;3;3;5;30;Да;1000 шт;Крепеж;Приварной крепёж;Крепеж для конденсаторной сварки CD
;32-35-006 Втулка резьбовая приварная нержавеющая сталь А2 М 3 длиной 6 мм, с наружным диаметром 5 мм;a1347f56-89f4-11e6-88bd-001e6754e0a4;32-35-006;vtulka_rezbovaya_privarnaya_nerzh_stal.png;;vtulka_rezbovaya_privarnaya_nerzh_stal.png;;Резьбовая втулка;Конденсаторная сварка крепежа CD;Нержавеющая сталь;3;3;5;6;Да;1000 шт;Крепеж;Приварной крепёж;Крепеж для конденсаторной сварки CD
;32-35-007 Втулка резьбовая приварная нержавеющая сталь А2 М 3 длиной 7 мм, с наружным диаметром 5 мм;5667cd7e-1910-4cb0-9b83-4e68d2546e17;32-35-007;vtulka_rezbovaya_privarnaya_nerzh_stal.png;;vtulka_rezbovaya_privarnaya_nerzh_stal.png;;Резьбовая втулка;Конденсаторная сварка крепежа CD;Нержавеющая сталь;3;3;5;7;Да;1000 шт;Крепеж;Приварной крепёж;Крепеж для конденсаторной сварки CD
;32-35-008 Втулка резьбовая приварная нержавеющая сталь А2 М 3 длиной 8 мм, с наружным диаметром 5 мм;5765410c-030e-475e-8719-f6ac87248bf0;32-35-008 / 340303008;vtulka_rezbovaya_privarnaya_nerzh_stal.png;;vtulka_rezbovaya_privarnaya_nerzh_stal.png;;Резьбовая втулка;Конденсаторная сварка крепежа CD;Нержавеющая сталь;3;3;5;8;Да;1000 шт;Крепеж;Приварной крепёж;Крепеж для конденсаторной сварки CD
;32-46-010 Втулка резьбовая приварная нержавеющая сталь А2 М 4 длиной 10 мм, с наружным диаметром 6 мм;feff9917-36fe-410d-92ac-f692a2a095cf;32-46-010;vtulka_rezbovaya_privarnaya_nerzh_stal.png;;vtulka_rezbovaya_privarnaya_nerzh_stal.png;;Резьбовая втулка;Конденсаторная сварка крепежа CD;Нержавеющая сталь;4;4;6;10;Да;1000 шт;Крепеж;Приварной крепёж;Крепеж для конденсаторной сварки CD
;32-46-012 Втулка резьбовая приварная нержавеющая сталь А2 М 4 длиной 12 мм, с наружным диаметром 6 мм;9305d0ba-0784-4259-a6bf-b9a97e5a66b4;32-46-012;vtulka_rezbovaya_privarnaya_nerzh_stal.png;;vtulka_rezbovaya_privarnaya_nerzh_stal.png;;Резьбовая втулка;Конденсаторная сварка крепежа CD;Нержавеющая сталь;4;4;6;12;Да;1000 шт;Крепеж;Приварной крепёж;Крепеж для конденсаторной сварки CD
;32-46-015 Втулка резьбовая приварная нержавеющая сталь А2 М 4 длиной 15 мм, с наружным диаметром 6 мм;f908f0ed-a44f-4735-9569-924f031bc2e7;32-46-015;vtulka_rezbovaya_privarnaya_nerzh_stal.png;;vtulka_rezbovaya_privarnaya_nerzh_stal.png;;Резьбовая втулка;Конденсаторная сварка крепежа CD;Нержавеющая сталь;4;4;6;15;Да;1000 шт;Крепеж;Приварной крепёж;Крепеж для конденсаторной сварки CD
;32-46-016 Втулка резьбовая приварная нержавеющая сталь А2 М 4 длиной 16 мм, с наружным диаметром 6 мм;c4c830e2-68d9-4ead-97c5-41520a7d4328;32-46-016;vtulka_rezbovaya_privarnaya_nerzh_stal.png;;vtulka_rezbovaya_privarnaya_nerzh_stal.png;;Резьбовая втулка;Конденсаторная сварка крепежа CD;Нержавеющая сталь;4;4;6;16;Да;1000 шт;Крепеж;Приварной крепёж;Крепеж для конденсаторной сварки CD
;32-46-020 Втулка резьбовая приварная нержавеющая сталь А2 М 4 длиной 20 мм, с наружным диаметром 6 мм;61a6ef19-749a-42a1-88bb-664e40b95a0f;32-46-020;vtulka_rezbovaya_privarnaya_nerzh_stal.png;;vtulka_rezbovaya_privarnaya_nerzh_stal.png;;Резьбовая втулка;Конденсаторная сварка крепежа CD;Нержавеющая сталь;4;4;6;20;Да;1000 шт;Крепеж;Приварной крепёж;Крепеж для конденсаторной сварки CD
;32-46-025 Втулка резьбовая приварная нержавеющая сталь А2 М 4 длиной 25 мм, с наружным диаметром 6 мм;a2b2b422-c455-430d-9683-603e3a756b25;32-46-025 / KWBSSM4-25;vtulka_rezbovaya_privarnaya_nerzh_stal.png;;vtulka_rezbovaya_privarnaya_nerzh_stal.png;;Резьбовая втулка;Конденсаторная сварка крепежа CD;Нержавеющая сталь;4;4;6;25;Да;1000 шт;Крепеж;Приварной крепёж;Крепеж для конденсаторной сварки CD
;32-46-030 Втулка резьбовая приварная нержавеющая сталь А2 М 4 длиной 30 мм, с наружным диаметром 6 мм;7d32fc10-0d86-46b7-a751-76e027c665bc;32-46-030;vtulka_rezbovaya_privarnaya_nerzh_stal.png;;vtulka_rezbovaya_privarnaya_nerzh_stal.png;;Резьбовая втулка;Конденсаторная сварка крепежа CD;Нержавеющая сталь;4;4;6;30;Да;1000 шт;Крепеж;Приварной крепёж;Крепеж для конденсаторной сварки CD
;32-46-035 Втулка резьбовая приварная нержавеющая сталь А2 М 4 длиной 35 мм, с наружным диаметром 6 мм;7fbee1bd-ce01-11e7-ae74-001e6754e0a4;32-46-035;vtulka_rezbovaya_privarnaya_nerzh_stal.png;;vtulka_rezbovaya_privarnaya_nerzh_stal.png;;Резьбовая втулка;Конденсаторная сварка крепежа CD;Нержавеющая сталь;4;4;6;35;Да;1000 шт;Крепеж;Приварной крепёж;Крепеж для конденсаторной сварки CD
;32-46-008 Втулка резьбовая приварная нержавеющая сталь А2 М 4 длиной 8 мм, с наружным диаметром 6 мм;dc9ca6e7-cc8a-4eb7-8092-386f205fed80;32-46-008 / 340304008;vtulka_rezbovaya_privarnaya_nerzh_stal.png;;vtulka_rezbovaya_privarnaya_nerzh_stal.png;;Резьбовая втулка;Конденсаторная сварка крепежа CD;Нержавеющая сталь;4;4;6;8;Да;1000 шт;Крепеж;Приварной крепёж;Крепеж для конденсаторной сварки CD
;32-57-010  Втулка резьбовая приварная нержавеющая сталь А2 М 5 длиной 10 мм, с наружным диаметром 7,1 мм;e7541619-d188-433a-bc90-59eca6a1dac6;32-57-010;vtulka_rezbovaya_privarnaya_nerzh_stal.png;;vtulka_rezbovaya_privarnaya_nerzh_stal.png;;Резьбовая втулка;Конденсаторная сварка крепежа CD;Нержавеющая сталь;5;5;7;10;Да;1000 шт;Крепеж;Приварной крепёж;Крепеж для конденсаторной сварки CD
;32-57-012  Втулка резьбовая приварная нержавеющая сталь А2 М 5 длиной 12 мм, с наружным диаметром 7,1 мм;76ea008e-7ced-40f6-89c1-cd6948dccd94;32-57-012;vtulka_rezbovaya_privarnaya_nerzh_stal.png;;vtulka_rezbovaya_privarnaya_nerzh_stal.png;;Резьбовая втулка;Конденсаторная сварка крепежа CD;Нержавеющая сталь;5;5;7;12;Да;1000 шт;Крепеж;Приварной крепёж;Крепеж для конденсаторной сварки CD
;32-57-015  Втулка резьбовая приварная нержавеющая сталь А2 М 5 длиной 15 мм, с наружным диаметром 7,1 мм;34feb2c2-145b-4c4d-b93b-72dd3187c234;32-57-015;vtulka_rezbovaya_privarnaya_nerzh_stal.png;;vtulka_rezbovaya_privarnaya_nerzh_stal.png;;Резьбовая втулка;Конденсаторная сварка крепежа CD;Нержавеющая сталь;5;5;7;15;Да;1000 шт;Крепеж;Приварной крепёж;Крепеж для конденсаторной сварки CD
;32-57-016  Втулка резьбовая приварная нержавеющая сталь А2 М 5 длиной 16 мм, с наружным диаметром 7,1 мм;5423a6cb-a9eb-4b4e-8ce2-103ac4b30a68;32-57-016;vtulka_rezbovaya_privarnaya_nerzh_stal.png;;vtulka_rezbovaya_privarnaya_nerzh_stal.png;;Резьбовая втулка;Конденсаторная сварка крепежа CD;Нержавеющая сталь;5;5;7;16;Да;1000 шт;Крепеж;Приварной крепёж;Крепеж для конденсаторной сварки CD
;32-57-020  Втулка резьбовая приварная нержавеющая сталь А2 М 5 длиной 20 мм, с наружным диаметром 7,1 мм;6f2353af-cb69-4c1e-aba9-ab8a765078c0;32-57-020;vtulka_rezbovaya_privarnaya_nerzh_stal.png;;vtulka_rezbovaya_privarnaya_nerzh_stal.png;;Резьбовая втулка;Конденсаторная сварка крепежа CD;Нержавеющая сталь;5;5;7;20;Да;1000 шт;Крепеж;Приварной крепёж;Крепеж для конденсаторной сварки CD
;32-57-025  Втулка резьбовая приварная нержавеющая сталь А2 М 5 длиной 25 мм, с наружным диаметром 7,1 мм;336ce7fd-4fd6-45a1-b87b-6231efd60419;32-57-025;vtulka_rezbovaya_privarnaya_nerzh_stal.png;;vtulka_rezbovaya_privarnaya_nerzh_stal.png;;Резьбовая втулка;Конденсаторная сварка крепежа CD;Нержавеющая сталь;5;5;7;25;Да;1000 шт;Крепеж;Приварной крепёж;Крепеж для конденсаторной сварки CD
;32-57-030  Втулка резьбовая приварная нержавеющая сталь А2 М 5 длиной 30 мм, с наружным диаметром 7,1 мм;f32098b1-1722-4e6c-a62d-1fc1d8f6daa1;32-57-030/KWBSSM5-30;vtulka_rezbovaya_privarnaya_nerzh_stal.png;;vtulka_rezbovaya_privarnaya_nerzh_stal.png;;Резьбовая втулка;Конденсаторная сварка крепежа CD;Нержавеющая сталь;5;5;7;30;Да;1000 шт;Крепеж;Приварной крепёж;Крепеж для конденсаторной сварки CD
;32-57-040  Втулка резьбовая приварная нержавеющая сталь А2 М 5 длиной 40 мм, с наружным диаметром 7,1 мм;47887d78-9ff3-11e5-8a9a-001e6754e0a4;32-57-040;vtulka_rezbovaya_privarnaya_nerzh_stal.png;;vtulka_rezbovaya_privarnaya_nerzh_stal.png;;Резьбовая втулка;Конденсаторная сварка крепежа CD;Нержавеющая сталь;5;5;7;40;Да;1000 шт;Крепеж;Приварной крепёж;Крепеж для конденсаторной сварки CD
;32-86-010 Втулка резьбовая приварная нержавеющая сталь А2 М 6 длиной 10 мм, с наружным диаметром 8 мм;568baecc-3b0a-4c9a-90a3-684ea121653b;32-86-010;vtulka_rezbovaya_privarnaya_nerzh_stal.png;;vtulka_rezbovaya_privarnaya_nerzh_stal.png;;Резьбовая втулка;Конденсаторная сварка крепежа CD;Нержавеющая сталь;6;6;6;10;Да;1000 шт;Крепеж;Приварной крепёж;Крепеж для конденсаторной сварки CD
;32-86-025 Втулка резьбовая приварная нержавеющая сталь А2 М 6 длиной 25 мм, с наружным диаметром 8 мм;15f03197-a498-4a67-9622-d3ea472ae6be;32-86-025;vtulka_rezbovaya_privarnaya_nerzh_stal.png;;vtulka_rezbovaya_privarnaya_nerzh_stal.png;;Резьбовая втулка;Конденсаторная сварка крепежа CD;Нержавеющая сталь;6;6;6;25;Да;1000 шт;Крепеж;Приварной крепёж;Крепеж для конденсаторной сварки CD
;32-86-030 Втулка резьбовая приварная нержавеющая сталь А2 М 6 длиной 30 мм, с наружным диаметром 8 мм;3cd23e48-4ba1-11e9-86df-001e6754e0a5;32-68-030;vtulka_rezbovaya_privarnaya_nerzh_stal.png;;vtulka_rezbovaya_privarnaya_nerzh_stal.png;;Резьбовая втулка;Конденсаторная сварка крепежа CD;Нержавеющая сталь;6;6;8;30;Да;1000 шт;Крепеж;Приварной крепёж;Крепеж для конденсаторной сварки CD
;31-35-010 Втулка резьбовая приварная сталь омедненная M 3 длиной 10 мм, с наружным диаметром 5 мм ;b4168eaf-434f-4bf6-920d-b38f486d34fe;31-35-010 / KWBSRM3-10;vtulka_rezbovaya_privarnaya_omednen_stal.png;;vtulka_rezbovaya_privarnaya_omednen_stal.png;;Резьбовая втулка;Конденсаторная сварка крепежа CD;Омедненная сталь;3;3;5;10;Да;1000 шт;Крепеж;Приварной крепёж;Крепеж для конденсаторной сварки CD
;31-35-012 Втулка резьбовая приварная сталь омедненная M 3 длиной 12 мм, с наружным диаметром 5 мм ;9144766b-1a39-4b63-b038-053394f33aaf;31-35-012 / KWBSRM3-12;vtulka_rezbovaya_privarnaya_omednen_stal.png;;vtulka_rezbovaya_privarnaya_omednen_stal.png;;Резьбовая втулка;Конденсаторная сварка крепежа CD;Омедненная сталь;3;3;5;12;Да;1000 шт;Крепеж;Приварной крепёж;Крепеж для конденсаторной сварки CD
;31-35-015 Втулка резьбовая приварная сталь омедненная M 3 длиной 15 мм, с наружным диаметром 5 мм ;a3ad2432-32e0-494e-9bc0-4e5a7b86f87d;31-35-015 / 320303015;vtulka_rezbovaya_privarnaya_omednen_stal.png;;vtulka_rezbovaya_privarnaya_omednen_stal.png;;Резьбовая втулка;Конденсаторная сварка крепежа CD;Омедненная сталь;3;3;5;15;Да;1000 шт;Крепеж;Приварной крепёж;Крепеж для конденсаторной сварки CD
;31-35-016 Втулка резьбовая приварная сталь омедненная M 3 длиной 16 мм, с наружным диаметром 5 мм ;9614f97d-e0f7-4bc8-83aa-9bbd3ffcec0b;31-35-016 / KWBSRM3-16;vtulka_rezbovaya_privarnaya_omednen_stal.png;;vtulka_rezbovaya_privarnaya_omednen_stal.png;;Резьбовая втулка;Конденсаторная сварка крепежа CD;Омедненная сталь;3;3;5;16;Да;1000 шт;Крепеж;Приварной крепёж;Крепеж для конденсаторной сварки CD
;31-35-020 Втулка резьбовая приварная сталь омедненная M 3 длиной 20 мм, с наружным диаметром 5 мм ;66e9b926-3ff4-486d-b4d4-b2768f8988d4;31-35-020 /  KWBSRM3-20;vtulka_rezbovaya_privarnaya_omednen_stal.png;;vtulka_rezbovaya_privarnaya_omednen_stal.png;;Резьбовая втулка;Конденсаторная сварка крепежа CD;Омедненная сталь;3;3;5;20;Да;1000 шт;Крепеж;Приварной крепёж;Крепеж для конденсаторной сварки CD
;31-35-025 Втулка резьбовая приварная сталь омедненная M 3 длиной 25 мм, с наружным диаметром 5 мм ;b9c6d393-d08f-45d2-b083-8e67276533e7;31-35-025 / 320303025;vtulka_rezbovaya_privarnaya_omednen_stal.png;;vtulka_rezbovaya_privarnaya_omednen_stal.png;;Резьбовая втулка;Конденсаторная сварка крепежа CD;Омедненная сталь;3;3;5;25;Да;1000 шт;Крепеж;Приварной крепёж;Крепеж для конденсаторной сварки CD
;31-35-030 Втулка резьбовая приварная сталь омедненная M 3 длиной 30 мм, с наружным диаметром 5 мм ;19dc0d8d-8970-45ca-b504-fd317376a0f4;31-35-030;vtulka_rezbovaya_privarnaya_omednen_stal.png;;vtulka_rezbovaya_privarnaya_omednen_stal.png;;Резьбовая втулка;Конденсаторная сварка крепежа CD;Омедненная сталь;3;3;5;30;Да;1000 шт;Крепеж;Приварной крепёж;Крепеж для конденсаторной сварки CD
;31-35-050 Втулка резьбовая приварная сталь омедненная M 3 длиной 50 мм, с наружным диаметром 5 мм ;ad1ceeba-40f3-41fd-bb7e-f58a3c4f6544;31-35-050;vtulka_rezbovaya_privarnaya_omednen_stal.png;;vtulka_rezbovaya_privarnaya_omednen_stal.png;;Резьбовая втулка;Конденсаторная сварка крепежа CD;Омедненная сталь;3;3;5;50;Да;1000 шт;Крепеж;Приварной крепёж;Крепеж для конденсаторной сварки CD
;31-35-006 Втулка резьбовая приварная сталь омедненная M 3 длиной 6 мм, с наружным диаметром 5 мм ;72e2a598-edaa-4eed-b5e2-7af8fa27dcd1;31-35-006 / KWBSRM3-6;vtulka_rezbovaya_privarnaya_omednen_stal.png;;vtulka_rezbovaya_privarnaya_omednen_stal.png;;Резьбовая втулка;Конденсаторная сварка крепежа CD;Омедненная сталь;3;3;6;6;Да;1000 шт;Крепеж;Приварной крепёж;Крепеж для конденсаторной сварки CD
;31-35-007 Втулка резьбовая приварная сталь омедненная M 3 длиной 7 мм, с наружным диаметром 5 мм ;ae3d319d-9f76-4301-97e6-f324516cd7ba;31-35-007;vtulka_rezbovaya_privarnaya_omednen_stal.png;;vtulka_rezbovaya_privarnaya_omednen_stal.png;;Резьбовая втулка;Конденсаторная сварка крепежа CD;Омедненная сталь;3;3;6;7;Да;1000 шт;Крепеж;Приварной крепёж;Крепеж для конденсаторной сварки CD
;31-35-008 Втулка резьбовая приварная сталь омедненная M 3 длиной 8 мм, с наружным диаметром 5 мм ;323ea798-ecc2-4089-ac87-f06045d32f09;31-35-008 / KWBSRM3-8;vtulka_rezbovaya_privarnaya_omednen_stal.png;;vtulka_rezbovaya_privarnaya_omednen_stal.png;;Резьбовая втулка;Конденсаторная сварка крепежа CD;Омедненная сталь;3;3;5;8;Да;1000 шт;Крепеж;Приварной крепёж;Крепеж для конденсаторной сварки CD
;31-36-010 Втулка резьбовая приварная сталь омедненная M 3 длиной 10 мм, с наружным диаметром 6 мм ;ce87f28a-e67c-4e50-a02a-32e5f8ac0415;31-36-010;vtulka_rezbovaya_privarnaya_omednen_stal.png;;vtulka_rezbovaya_privarnaya_omednen_stal.png;;Резьбовая втулка;Конденсаторная сварка крепежа CD;Омедненная сталь;3;3;6;10;Да;1000 шт;Крепеж;Приварной крепёж;Крепеж для конденсаторной сварки CD
;31-46-010 Втулка резьбовая приварная сталь омедненная M 4 длиной 10 мм, с наружным диаметром 6 мм ;e089a2b0-58c1-4a25-b5e7-4caa06b8e5e9;31-46-010;vtulka_rezbovaya_privarnaya_omednen_stal.png;;vtulka_rezbovaya_privarnaya_omednen_stal.png;;Резьбовая втулка;Конденсаторная сварка крепежа CD;Омедненная сталь;4;4;6;10;Да;1000 шт;Крепеж;Приварной крепёж;Крепеж для конденсаторной сварки CD
;31-36-012 Втулка резьбовая приварная сталь омедненная M 3 длиной 12 мм, с наружным диаметром 6 мм ;60da332f-a639-4772-9f78-a2a4af2842f0;31-36-012;vtulka_rezbovaya_privarnaya_omednen_stal.png;;vtulka_rezbovaya_privarnaya_omednen_stal.png;;Резьбовая втулка;Конденсаторная сварка крепежа CD;Омедненная сталь;3;3;6;12;Да;1000 шт;Крепеж;Приварной крепёж;Крепеж для конденсаторной сварки CD
;31-46-012 Втулка резьбовая приварная сталь омедненная M 4 длиной 12 мм, с наружным диаметром 6 мм ;303cbef0-0eb9-478e-9bb5-3fe4f1e49003;31-46-012 / KWBSRM4-12;vtulka_rezbovaya_privarnaya_omednen_stal.png;;vtulka_rezbovaya_privarnaya_omednen_stal.png;;Резьбовая втулка;Конденсаторная сварка крепежа CD;Омедненная сталь;4;4;6;12;Да;1000 шт;Крепеж;Приварной крепёж;Крепеж для конденсаторной сварки CD
;31-36-015 Втулка резьбовая приварная сталь омедненная M 3 длиной 15 мм, с наружным диаметром 6 мм ;04576364-dda7-468f-acde-df95fe5d58fb;31-36-015;vtulka_rezbovaya_privarnaya_omednen_stal.png;;vtulka_rezbovaya_privarnaya_omednen_stal.png;;Резьбовая втулка;Конденсаторная сварка крепежа CD;Омедненная сталь;3;3;6;15;Да;1000 шт;Крепеж;Приварной крепёж;Крепеж для конденсаторной сварки CD
;31-46-015 Втулка резьбовая приварная сталь омедненная M 4 длиной 15 мм, с наружным диаметром 6 мм ;e946480a-2464-4be2-ba44-2260a0764457;31-46-015 / 320304015;vtulka_rezbovaya_privarnaya_omednen_stal.png;;vtulka_rezbovaya_privarnaya_omednen_stal.png;;Резьбовая втулка;Конденсаторная сварка крепежа CD;Омедненная сталь;4;4;6;15;Да;1000 шт;Крепеж;Приварной крепёж;Крепеж для конденсаторной сварки CD
;31-36-016 Втулка резьбовая приварная сталь омедненная M 3 длиной 16 мм, с наружным диаметром 6 мм ;499ffc06-7ce0-4af2-88e8-257e1b8b5977;31-36-016;vtulka_rezbovaya_privarnaya_omednen_stal.png;;vtulka_rezbovaya_privarnaya_omednen_stal.png;;Резьбовая втулка;Конденсаторная сварка крепежа CD;Омедненная сталь;3;3;6;16;Да;1000 шт;Крепеж;Приварной крепёж;Крепеж для конденсаторной сварки CD
;31-46-016 Втулка резьбовая приварная сталь омедненная M 4 длиной 16 мм, с наружным диаметром 6 мм ;9495a001-a4af-44f2-b8b7-49a0d15f9878;31-46-016;vtulka_rezbovaya_privarnaya_omednen_stal.png;;vtulka_rezbovaya_privarnaya_omednen_stal.png;;Резьбовая втулка;Конденсаторная сварка крепежа CD;Омедненная сталь;4;4;6;16;Да;1000 шт;Крепеж;Приварной крепёж;Крепеж для конденсаторной сварки CD
;31-36-020 Втулка резьбовая приварная сталь омедненная M 3 длиной 20 мм, с наружным диаметром 6 мм ;bd79936e-b843-49f0-81f7-086e1a3e315e;31-36-020;vtulka_rezbovaya_privarnaya_omednen_stal.png;;vtulka_rezbovaya_privarnaya_omednen_stal.png;;Резьбовая втулка;Конденсаторная сварка крепежа CD;Омедненная сталь;3;3;6;20;Да;1000 шт;Крепеж;Приварной крепёж;Крепеж для конденсаторной сварки CD
;31-46-020 Втулка резьбовая приварная сталь омедненная M 4 длиной 20 мм, с наружным диаметром 6 мм ;b44203b4-0b5d-42e6-94dc-ece5e8bb75d4;31-46-020;vtulka_rezbovaya_privarnaya_omednen_stal.png;;vtulka_rezbovaya_privarnaya_omednen_stal.png;;Резьбовая втулка;Конденсаторная сварка крепежа CD;Омедненная сталь;4;4;6;20;Да;1000 шт;Крепеж;Приварной крепёж;Крепеж для конденсаторной сварки CD
;31-36-025 Втулка резьбовая приварная сталь омедненная M 3 длиной 25 мм, с наружным диаметром 6 мм ;4930ad97-9c1c-406e-869f-5c9a429eb87f;31-36-025;vtulka_rezbovaya_privarnaya_omednen_stal.png;;vtulka_rezbovaya_privarnaya_omednen_stal.png;;Резьбовая втулка;Конденсаторная сварка крепежа CD;Омедненная сталь;3;3;6;25;Да;1000 шт;Крепеж;Приварной крепёж;Крепеж для конденсаторной сварки CD
;31-46-025 Втулка резьбовая приварная сталь омедненная M 4 длиной 25 мм, с наружным диаметром 6 мм ;c7e3fce4-c1ea-44a2-ba2b-802ca4fe00c7;31-46-025 / 320304025;vtulka_rezbovaya_privarnaya_omednen_stal.png;;vtulka_rezbovaya_privarnaya_omednen_stal.png;;Резьбовая втулка;Конденсаторная сварка крепежа CD;Омедненная сталь;4;4;6;25;Да;1000 шт;Крепеж;Приварной крепёж;Крепеж для конденсаторной сварки CD
;31-36-030Втулка резьбовая приварная сталь омедненная M 3 длиной 30 мм, с наружным диаметром 6 мм ;ba07b1dc-3556-40cd-a28e-e2c20b3f3034;31-36-030;vtulka_rezbovaya_privarnaya_omednen_stal.png;;vtulka_rezbovaya_privarnaya_omednen_stal.png;;Резьбовая втулка;Конденсаторная сварка крепежа CD;Омедненная сталь;3;3;6;30;Да;1000 шт;Крепеж;Приварной крепёж;Крепеж для конденсаторной сварки CD
;31-46-030 Втулка резьбовая приварная сталь омедненная M 4 длиной 30 мм, с наружным диаметром 6 мм ;10efcb60-1d31-4916-b19e-5fe77271468b;31-46-030;vtulka_rezbovaya_privarnaya_omednen_stal.png;;vtulka_rezbovaya_privarnaya_omednen_stal.png;;Резьбовая втулка;Конденсаторная сварка крепежа CD;Омедненная сталь;4;4;6;30;Да;1000 шт;Крепеж;Приварной крепёж;Крепеж для конденсаторной сварки CD
;31-46-035 Втулка резьбовая приварная сталь омедненная M 4 длиной 35 мм, с наружным диаметром 6 мм ;a4d1f87a-1749-11e6-9f26-001e6754e0a4;31-46-035;vtulka_rezbovaya_privarnaya_omednen_stal.png;;vtulka_rezbovaya_privarnaya_omednen_stal.png;;Резьбовая втулка;Конденсаторная сварка крепежа CD;Омедненная сталь;4;4;6;35;Да;1000 шт;Крепеж;Приварной крепёж;Крепеж для конденсаторной сварки CD
;31-46-040 Втулка резьбовая приварная сталь омедненная M 4 длиной 40 мм, с наружным диаметром 6 мм ;d40a0d86-e85a-11e2-a381-000423dd84e7;31-46-040 / 320304040;vtulka_rezbovaya_privarnaya_omednen_stal.png;;vtulka_rezbovaya_privarnaya_omednen_stal.png;;Резьбовая втулка;Конденсаторная сварка крепежа CD;Омедненная сталь;4;4;6;40;Да;1000 шт;Крепеж;Приварной крепёж;Крепеж для конденсаторной сварки CD
;31-36-008 Втулка резьбовая приварная сталь омедненная M 3 длиной 8 мм, с наружным диаметром 6 мм ;bd1acb5c-76c4-4670-8a00-b25495659ee4;31-36-008;vtulka_rezbovaya_privarnaya_omednen_stal.png;;vtulka_rezbovaya_privarnaya_omednen_stal.png;;Резьбовая втулка;Конденсаторная сварка крепежа CD;Омедненная сталь;3;3;6;8;Да;1000 шт;Крепеж;Приварной крепёж;Крепеж для конденсаторной сварки CD
;31-46-008 Втулка резьбовая приварная сталь омедненная M 4 длиной 8 мм, с наружным диаметром 6 мм ;01d2ae1f-42ae-42c7-b938-f1d62ffd1337;31-46-008 / 320304008 / KWBSRM4-8;vtulka_rezbovaya_privarnaya_omednen_stal.png;;vtulka_rezbovaya_privarnaya_omednen_stal.png;;Резьбовая втулка;Конденсаторная сварка крепежа CD;Омедненная сталь;4;4;6;8;Да;1000 шт;Крепеж;Приварной крепёж;Крепеж для конденсаторной сварки CD
;31-57-010 Втулка резьбовая приварная сталь омедненная M 5 длиной 10 мм, с наружным диаметром 7,1 мм ;bf6f027a-c9e3-4942-8403-dfa8796fba75;31-57-010;vtulka_rezbovaya_privarnaya_omednen_stal.png;;vtulka_rezbovaya_privarnaya_omednen_stal.png;;Резьбовая втулка;Конденсаторная сварка крепежа CD;Омедненная сталь;5;5;7;10;Да;1000 шт;Крепеж;Приварной крепёж;Крепеж для конденсаторной сварки CD
;31-57-012 Втулка резьбовая приварная сталь омедненная M 5 длиной 12 мм, с наружным диаметром 7,1 мм ;1300aa7a-0b6b-42a3-b437-ceb267c73b7b;31-57-012;vtulka_rezbovaya_privarnaya_omednen_stal.png;;vtulka_rezbovaya_privarnaya_omednen_stal.png;;Резьбовая втулка;Конденсаторная сварка крепежа CD;Омедненная сталь;5;5;7;12;Да;1000 шт;Крепеж;Приварной крепёж;Крепеж для конденсаторной сварки CD
;31-57-015 Втулка резьбовая приварная сталь омедненная M 5 длиной 15 мм, с наружным диаметром 7,1 мм ;f699328e-c932-4a99-95e8-6fb91435f256;31-57-015 / 320305015;vtulka_rezbovaya_privarnaya_omednen_stal.png;;vtulka_rezbovaya_privarnaya_omednen_stal.png;;Резьбовая втулка;Конденсаторная сварка крепежа CD;Омедненная сталь;5;5;7;15;Да;1000 шт;Крепеж;Приварной крепёж;Крепеж для конденсаторной сварки CD
;31-57-016 Втулка резьбовая приварная сталь омедненная M 5 длиной 16 мм, с наружным диаметром 7,1 мм ;6cd5dd1b-e878-446c-b00a-9e5d98e26f13;31-57-016;vtulka_rezbovaya_privarnaya_omednen_stal.png;;vtulka_rezbovaya_privarnaya_omednen_stal.png;;Резьбовая втулка;Конденсаторная сварка крепежа CD;Омедненная сталь;5;5;7;16;Да;1000 шт;Крепеж;Приварной крепёж;Крепеж для конденсаторной сварки CD
;31-57-020 Втулка резьбовая приварная сталь омедненная M 5 длиной 20 мм, с наружным диаметром 7,1 мм ;54ab2064-6a99-4f00-bbd2-50db599eeb3a;31-57-020;vtulka_rezbovaya_privarnaya_omednen_stal.png;;vtulka_rezbovaya_privarnaya_omednen_stal.png;;Резьбовая втулка;Конденсаторная сварка крепежа CD;Омедненная сталь;5;5;7;20;Да;1000 шт;Крепеж;Приварной крепёж;Крепеж для конденсаторной сварки CD
;31-57-025 Втулка резьбовая приварная сталь омедненная M 5 длиной 25 мм, с наружным диаметром 7,1 мм ;e1424548-164c-4275-af96-b1e10a200914;31-57-025;vtulka_rezbovaya_privarnaya_omednen_stal.png;;vtulka_rezbovaya_privarnaya_omednen_stal.png;;Резьбовая втулка;Конденсаторная сварка крепежа CD;Омедненная сталь;5;5;7;25;Да;1000 шт;Крепеж;Приварной крепёж;Крепеж для конденсаторной сварки CD
;31-57-030 Втулка резьбовая приварная сталь омедненная M 5 длиной 30 мм, с наружным диаметром 7,1 мм ;311ec32c-8eb5-4a5a-8478-d787c4e72252;31-57-030;vtulka_rezbovaya_privarnaya_omednen_stal.png;;vtulka_rezbovaya_privarnaya_omednen_stal.png;;Резьбовая втулка;Конденсаторная сварка крепежа CD;Омедненная сталь;5;5;7;30;Да;1000 шт;Крепеж;Приварной крепёж;Крепеж для конденсаторной сварки CD
;31-57-035 Втулка резьбовая приварная сталь омедненная M 5 длиной 35 мм, с наружным диаметром 7,1 мм ;ae06a50a-8840-11e5-8a9a-001e6754e0a4;31-57-035;vtulka_rezbovaya_privarnaya_omednen_stal.png;;vtulka_rezbovaya_privarnaya_omednen_stal.png;;Резьбовая втулка;Конденсаторная сварка крепежа CD;Омедненная сталь;5;5;7;35;Да;1000 шт;Крепеж;Приварной крепёж;Крепеж для конденсаторной сварки CD
;31-68-010 Втулка резьбовая приварная сталь омедненная M 6 длиной 10 мм, с наружным диаметром 8 мм ;d72c06bd-8383-4750-878d-6a388817ffbc;31-68-010;vtulka_rezbovaya_privarnaya_omednen_stal.png;;vtulka_rezbovaya_privarnaya_omednen_stal.png;;Резьбовая втулка;Конденсаторная сварка крепежа CD;Омедненная сталь;6;6;8;10;Да;1000 шт;Крепеж;Приварной крепёж;Крепеж для конденсаторной сварки CD
;31-68-012 Втулка резьбовая приварная сталь омедненная M 6 длиной 12 мм, с наружным диаметром 8 мм ;726d505b-fed6-11e0-882f-000423dd84e7;31-68-012;vtulka_rezbovaya_privarnaya_omednen_stal.png;;vtulka_rezbovaya_privarnaya_omednen_stal.png;;Резьбовая втулка;Конденсаторная сварка крепежа CD;Омедненная сталь;6;6;8;12;Да;1000 шт;Крепеж;Приварной крепёж;Крепеж для конденсаторной сварки CD
;31-68-015 Втулка резьбовая приварная сталь омедненная M 6 длиной 15 мм, с наружным диаметром 8 мм ;4f19d5b1-060e-11e2-bb18-000423dd84e7;31-68-015;vtulka_rezbovaya_privarnaya_omednen_stal.png;;vtulka_rezbovaya_privarnaya_omednen_stal.png;;Резьбовая втулка;Конденсаторная сварка крепежа CD;Омедненная сталь;6;6;8;15;Да;1000 шт;Крепеж;Приварной крепёж;Крепеж для конденсаторной сварки CD
;31-68-016 Втулка резьбовая приварная сталь омедненная M 6 длиной 16 мм, с наружным диаметром 8 мм ;193e1430-da8b-44dc-bbb4-e9599ce36b00;31-68-016;vtulka_rezbovaya_privarnaya_omednen_stal.png;;vtulka_rezbovaya_privarnaya_omednen_stal.png;;Резьбовая втулка;Конденсаторная сварка крепежа CD;Омедненная сталь;6;6;8;16;Да;1000 шт;Крепеж;Приварной крепёж;Крепеж для конденсаторной сварки CD
;31-68-020 Втулка резьбовая приварная сталь омедненная M 6 длиной 20 мм, с наружным диаметром 8 мм ;d84cd177-b998-11e3-aec9-001e6754e0a7;31-68-020;vtulka_rezbovaya_privarnaya_omednen_stal.png;;vtulka_rezbovaya_privarnaya_omednen_stal.png;;Резьбовая втулка;Конденсаторная сварка крепежа CD;Омедненная сталь;6;6;8;20;Да;1000 шт;Крепеж;Приварной крепёж;Крепеж для конденсаторной сварки CD
;31-68-025 Втулка резьбовая приварная сталь омедненная M 6 длиной 25 мм, с наружным диаметром 8 мм ;68e68ac9-6d95-11e1-8ffb-000423dd84e7;31-68-025;vtulka_rezbovaya_privarnaya_omednen_stal.png;;vtulka_rezbovaya_privarnaya_omednen_stal.png;;Резьбовая втулка;Конденсаторная сварка крепежа CD;Омедненная сталь;6;6;8;25;Да;1000 шт;Крепеж;Приварной крепёж;Крепеж для конденсаторной сварки CD
;31-68-030 Втулка резьбовая приварная сталь омедненная M 6 длиной 30 мм, с наружным диаметром 8 мм ;098c6806-e2d9-11e2-a381-000423dd84e7;31-68-030;vtulka_rezbovaya_privarnaya_omednen_stal.png;;vtulka_rezbovaya_privarnaya_omednen_stal.png;;Резьбовая втулка;Конденсаторная сварка крепежа CD;Омедненная сталь;6;6;8;30;Да;1000 шт;Крепеж;Приварной крепёж;Крепеж для конденсаторной сварки CD
;32-68-010 Втулка резьбовая приварная сталь нержавеющая M 6 длиной 10 мм, с наружным диаметром 8 мм ;11d1e194-6f55-11e2-aba5-000423dd84e7;32-68-010 / KWBSSM6-10;vtulka_rezbovaya_privarnaya_nerzh_stal.png;;vtulka_rezbovaya_privarnaya_nerzh_stal.png;;Резьбовая втулка;Конденсаторная сварка крепежа CD;Нержавеющая сталь;6;6;8;10;Да;1000 шт;Крепеж;Приварной крепёж;Крепеж для конденсаторной сварки CD
;32-68-015 Втулка резьбовая приварная сталь нержавеющая M 6 длиной 15 мм, с наружным диаметром 8 мм ;144d6a6c-3ee4-11e7-963a-001e6754e0a4;32-68-015;vtulka_rezbovaya_privarnaya_nerzh_stal.png;;vtulka_rezbovaya_privarnaya_nerzh_stal.png;;Резьбовая втулка;Конденсаторная сварка крепежа CD;Нержавеющая сталь;6;6;8;15;Да;1000 шт;Крепеж;Приварной крепёж;Крепеж для конденсаторной сварки CD
;32-68-020 Втулка резьбовая приварная сталь нержавеющая M 6 длиной 20 мм, с наружным диаметром 8 мм ;6ed02e40-0964-11e7-87f2-001e6754e0a4;32-68-020;vtulka_rezbovaya_privarnaya_nerzh_stal.png;;vtulka_rezbovaya_privarnaya_nerzh_stal.png;;Резьбовая втулка;Конденсаторная сварка крепежа CD;Нержавеющая сталь;6;6;8;20;Да;1000 шт;Крепеж;Приварной крепёж;Крепеж для конденсаторной сварки CD
;32-68-025 Втулка резьбовая приварная сталь нержавеющая M 6 длиной 25 мм, с наружным диаметром 8 мм ;09387aee-ed03-11e5-a42d-001e6754e0a4;32-68-025;vtulka_rezbovaya_privarnaya_nerzh_stal.png;;vtulka_rezbovaya_privarnaya_nerzh_stal.png;;Резьбовая втулка;Конденсаторная сварка крепежа CD;Нержавеющая сталь;6;6;8;25;Да;1000 шт;Крепеж;Приварной крепёж;Крепеж для конденсаторной сварки CD
;30-42-063 Контакт заземления двух-лепестковый алюминий CD;e31a5936-81e8-493c-aaaf-a281d2875fef;30-42-063/30-44-063-PA;2-lepestkoviy_kontakt_aluminii.png;;2-lepestkoviy_kontakt_aluminii.png;"Рекомендуемые блоки питания: CD 1501, CD 2301, CD 3101, CDM 1601, CDM 2401, CDM 3201, SCD 3201.
Рекомендуемые сварочные пистолеты: C 08, CA 08.
Материалы: Сталь (4.8) с медным покрытием, 1.4301/03 (A2-50), CuZn37 (Ms63*), EN AW-AIMg3.";Контакт заземления;Конденсаторная сварка крепежа CD;Алюминий;нет;;;;Нет;1000 шт;Крепеж;Приварной крепёж;Крепеж для конденсаторной сварки CD
;30-33-063 Контакт заземления одно-лепестковый латунь CD;b5c852a3-65ca-11e9-a29e-001e6754e0a5;30-33-063/30-33-063-PA;1-lepestkoviy_kontakt_latun.png;;1-lepestkoviy_kontakt_latun.png;"Рекомендуемые блоки питания: CD 1501, CD 2301, CD 3101, CDM 1601, CDM 2401, CDM 3201, SCD 3201.
Рекомендуемые сварочные пистолеты: C 08, CA 08.
Материалы: Сталь (4.8) с медным покрытием, 1.4301/03 (A2-50), CuZn37 (Ms63*), EN AW-AIMg3.";Контакт заземления;Конденсаторная сварка крепежа CD;Латунь;нет;;;;Нет;1000 шт;Крепеж;Приварной крепёж;Крепеж для конденсаторной сварки CD
;30-22-063 Контакт заземления двух-лепестковый сталь нержавеющая CD;0e376adc-9fd1-4443-a486-fb7d8b26be44;30-22-063;2-lepestkoviy_kontakt_nerzh_stal.png;;2-lepestkoviy_kontakt_nerzh_stal.png;"Рекомендуемые блоки питания: CD 1501, CD 2301, CD 3101, CDM 1601, CDM 2401, CDM 3201, SCD 3201.
Рекомендуемые сварочные пистолеты: C 08, CA 08.
Материалы: Сталь (4.8) с медным покрытием, 1.4301/03 (A2-50), CuZn37 (Ms63*), EN AW-AIMg3.";Контакт заземления;Конденсаторная сварка крепежа CD;Нержавеющая сталь;нет;;;;Нет;1000 шт;Крепеж;Приварной крепёж;Крепеж для конденсаторной сварки CD
;30-12-063 Контакт заземления двух-лепестковый сталь омедненная CD;1f6943ad-29bd-4c37-a41d-3055b3e83410;30-12-063;2-lepestkoviy_kontakt_om_stal.png;;2-lepestkoviy_kontakt_om_stal.png;"Рекомендуемые блоки питания: CD 1501, CD 2301, CD 3101, CDM 1601, CDM 2401, CDM 3201, SCD 3201.
Рекомендуемые сварочные пистолеты: C 08, CA 08.
Материалы: Сталь (4.8) с медным покрытием, 1.4301/03 (A2-50), CuZn37 (Ms63*), EN AW-AIMg3.";Контакт заземления;Конденсаторная сварка крепежа CD;Омедненная сталь;нет;;;;Нет;1000 шт;Крепеж;Приварной крепёж;Крепеж для конденсаторной сварки CD
;30-12-063/KFR2 Контакт заземления двух-лепестковый сталь омедненная CD;5d865a12-d3cb-11e9-affe-001e6754e0a5;30-12-063 / KFR2;2-lepestkoviy_kontakt_om_stal.png;;2-lepestkoviy_kontakt_om_stal.png;"Рекомендуемые блоки питания: CD 1501, CD 2301, CD 3101, CDM 1601, CDM 2401, CDM 3201, SCD 3201.
Рекомендуемые сварочные пистолеты: C 08, CA 08.
Материалы: Сталь (4.8) с медным покрытием, 1.4301/03 (A2-50), CuZn37 (Ms63*), EN AW-AIMg3.";Контакт заземления;Конденсаторная сварка крепежа CD;Омедненная сталь;нет;;;;Нет;1000 шт;Крепеж;Приварной крепёж;Крепеж для конденсаторной сварки CD
;30-40-063 Контакт заземления одно-лепестковый алюминий CD;3b65ad28-5a1f-4627-a7c3-2efdfc3018cc;30-40-063/30-40-063-PA/KFSA1;1-lepestkoviy_kontakt_aluminii.png;;1-lepestkoviy_kontakt_aluminii.png;"Рекомендуемые блоки питания: CD 1501, CD 2301, CD 3101, CDM 1601, CDM 2401, CDM 3201, SCD 3201.
Рекомендуемые сварочные пистолеты: C 08, CA 08.
Материалы: Сталь (4.8) с медным покрытием, 1.4301/03 (A2-50), CuZn37 (Ms63*), EN AW-AIMg3.";Контакт заземления;Конденсаторная сварка крепежа CD;Алюминий;нет;;;;Нет;1000 шт;Крепеж;Приварной крепёж;Крепеж для конденсаторной сварки CD
;30-30-063 Контакт заземления одно-лепестковый латунь CD;3820dd44-b0a2-474b-82b6-e29990d55d0c;30-30-063;1-lepestkoviy_kontakt_latun.png;;1-lepestkoviy_kontakt_latun.png;"Рекомендуемые блоки питания: CD 1501, CD 2301, CD 3101, CDM 1601, CDM 2401, CDM 3201, SCD 3201.
Рекомендуемые сварочные пистолеты: C 08, CA 08.
Материалы: Сталь (4.8) с медным покрытием, 1.4301/03 (A2-50), CuZn37 (Ms63*), EN AW-AIMg3.";Контакт заземления;Конденсаторная сварка крепежа CD;Латунь;нет;;;;Нет;1000 шт;Крепеж;Приварной крепёж;Крепеж для конденсаторной сварки CD
;30-20-063 Контакт заземления одно-лепестковый сталь нержавеющая CD;7cae2894-bd7c-4dc3-b960-f5b4c999a968;30-20-063/30-20-063-PA;1-lepestkoviy_kontakt_nerzh_stal.png;;1-lepestkoviy_kontakt_nerzh_stal.png;"Рекомендуемые блоки питания: CD 1501, CD 2301, CD 3101, CDM 1601, CDM 2401, CDM 3201, SCD 3201.
Рекомендуемые сварочные пистолеты: C 08, CA 08.
Материалы: Сталь (4.8) с медным покрытием, 1.4301/03 (A2-50), CuZn37 (Ms63*), EN AW-AIMg3.";Контакт заземления;Конденсаторная сварка крепежа CD;Нержавеющая сталь;нет;;;;Нет;1000 шт;Крепеж;Приварной крепёж;Крепеж для конденсаторной сварки CD
;30-20-063/KFSS R1 Контакт заземления одно-лепестковый сталь нержавеющая CD/KFSS R1;7b244f6a-d3de-11e9-affe-001e6754e0a5;30-20-063/KFSS R1;1-lepestkoviy_kontakt_nerzh_stal.png;;1-lepestkoviy_kontakt_nerzh_stal.png;"Рекомендуемые блоки питания: CD 1501, CD 2301, CD 3101, CDM 1601, CDM 2401, CDM 3201, SCD 3201.
Рекомендуемые сварочные пистолеты: C 08, CA 08.
Материалы: Сталь (4.8) с медным покрытием, 1.4301/03 (A2-50), CuZn37 (Ms63*), EN AW-AIMg3.";Контакт заземления;Конденсаторная сварка крепежа CD;Нержавеющая сталь;нет;;;;Нет;1000 шт;Крепеж;Приварной крепёж;Крепеж для конденсаторной сварки CD
;30-10-063 Контакт заземления одно-лепестковый сталь омедненная CD;6ddae072-a373-4b1f-9ca9-81b43adccb41;30-10-063;1-lepestkoviy_kontakt_omedn_stal.png;;1-lepestkoviy_kontakt_omedn_stal.png;"Рекомендуемые блоки питания: CD 1501, CD 2301, CD 3101, CDM 1601, CDM 2401, CDM 3201, SCD 3201.
Рекомендуемые сварочные пистолеты: C 08, CA 08.
Материалы: Сталь (4.8) с медным покрытием, 1.4301/03 (A2-50), CuZn37 (Ms63*), EN AW-AIMg3.";Контакт заземления;Конденсаторная сварка крепежа CD;Омедненная сталь;нет;;;;Нет;1000 шт;Крепеж;Приварной крепёж;Крепеж для конденсаторной сварки CD
;30-10-063/KFR1 Контакт заземления одно-лепестковый сталь омедненная CD;048c897e-d3cb-11e9-affe-001e6754e0a5;30-10-063 / KFR1;1-lepestkoviy_kontakt_omedn_stal.png;;1-lepestkoviy_kontakt_omedn_stal.png;"Рекомендуемые блоки питания: CD 1501, CD 2301, CD 3101, CDM 1601, CDM 2401, CDM 3201, SCD 3201.
Рекомендуемые сварочные пистолеты: C 08, CA 08.
Материалы: Сталь (4.8) с медным покрытием, 1.4301/03 (A2-50), CuZn37 (Ms63*), EN AW-AIMg3.";Контакт заземления;Конденсаторная сварка крепежа CD;Омедненная сталь;нет;;;;Нет;1000 шт;Крепеж;Приварной крепёж;Крепеж для конденсаторной сварки CD
;"10-15-014 Шпилька ""елка"" сталь омедненная CDS 5 x 14,2";1f621f29-7dea-435e-923d-9509626ff885;10-15-014;shpilka_elka_om_stal.png;;shpilka_elka_om_stal.png;;Резьбовая шпилька;Конденсаторная сварка крепежа CD;Омедненная сталь;5;;5;14;Да;1000 шт;Крепеж;Приварной крепёж;Крепеж для конденсаторной сварки CD
;"10-15-018 Шпилька ""елка"" сталь омедненная CDS 5 x 18";4f167b69-1557-4871-9676-349d0d0f4544;10-15-018;shpilka_elka_om_stal.png;;shpilka_elka_om_stal.png;;Резьбовая шпилька;Конденсаторная сварка крепежа CD;Омедненная сталь;5;;5;18;Да;1000 шт;Крепеж;Приварной крепёж;Крепеж для конденсаторной сварки CD
;"10-15-025 Шпилька ""елка""  сталь омедненная CDS 5 x 25";7db3d360-7916-46dc-a2a1-99376ba7c6b3;10-15-025;shpilka_elka_om_stal.png;;shpilka_elka_om_stal.png;;Резьбовая шпилька;Конденсаторная сварка крепежа CD;Омедненная сталь;5;;5;25;Да;1000 шт;Крепеж;Приварной крепёж;Крепеж для конденсаторной сварки CD
;"10-15-009 Шпилька ""елка""  сталь омедненная CDS 5 x 9";edb87aea-5ac6-4996-9042-2d5e4e422f21;10-15-009;shpilka_elka_om_stal.png;;shpilka_elka_om_stal.png;;Резьбовая шпилька;Конденсаторная сварка крепежа CD;Омедненная сталь;5;;5;9;Да;1000 шт;Крепеж;Приварной крепёж;Крепеж для конденсаторной сварки CD
;24-03-010 Шпилька нерезьбовая алюминиевая CD 3 x 10;0acfd88e-b8ba-4093-8182-b0fb3a1979c6;24-03-010;shpilka_nerezbovaya_aluminevaya.png;;shpilka_nerezbovaya_aluminevaya.png;;Нерезьбовая шпилька;Конденсаторная сварка крепежа CD;Алюминий;нет;;3;10;Нет;1000 шт;Крепеж;Приварной крепёж;Крепеж для конденсаторной сварки CD
;24-03-012 Шпилька нерезьбовая алюминиевая CD 3 x 12;7ca804f8-9f0b-4c37-b706-bbf1e35218fa;24-03-012;shpilka_nerezbovaya_aluminevaya.png;;shpilka_nerezbovaya_aluminevaya.png;;Нерезьбовая шпилька;Конденсаторная сварка крепежа CD;Алюминий;нет;;3;12;Нет;1000 шт;Крепеж;Приварной крепёж;Крепеж для конденсаторной сварки CD
;24-03-015 Шпилька нерезьбовая алюминиевая CD 3 x 15;c415def4-8340-4209-b28d-eaa11a6ca11c;24-03-015;shpilka_nerezbovaya_aluminevaya.png;;shpilka_nerezbovaya_aluminevaya.png;;Нерезьбовая шпилька;Конденсаторная сварка крепежа CD;Алюминий;нет;;3;15;Нет;1000 шт;Крепеж;Приварной крепёж;Крепеж для конденсаторной сварки CD
;24-03-016 Шпилька нерезьбовая алюминиевая CD 3 x 16;3cf03c03-641d-4faf-82ee-7124efbdd420;24-03-016;shpilka_nerezbovaya_aluminevaya.png;;shpilka_nerezbovaya_aluminevaya.png;;Нерезьбовая шпилька;Конденсаторная сварка крепежа CD;Алюминий;нет;;3;16;Нет;1000 шт;Крепеж;Приварной крепёж;Крепеж для конденсаторной сварки CD
;24-03-020 Шпилька нерезьбовая алюминиевая CD 3 x 20;43248db0-3bf2-4d70-b4c5-c03172c79ffc;24-03-020;shpilka_nerezbovaya_aluminevaya.png;;shpilka_nerezbovaya_aluminevaya.png;;Нерезьбовая шпилька;Конденсаторная сварка крепежа CD;Алюминий;нет;;3;20;Нет;1000 шт;Крепеж;Приварной крепёж;Крепеж для конденсаторной сварки CD
;24-03-025 Шпилька нерезьбовая алюминиевая CD 3 x 25;ecf12f3f-d2ed-4b22-bfc4-2ac95e413f01;24-03-025;shpilka_nerezbovaya_aluminevaya.png;;shpilka_nerezbovaya_aluminevaya.png;;Нерезьбовая шпилька;Конденсаторная сварка крепежа CD;Алюминий;нет;;3;25;Нет;1000 шт;Крепеж;Приварной крепёж;Крепеж для конденсаторной сварки CD
;24-03-030 Шпилька нерезьбовая алюминиевая CD 3 x 30;16c5d9df-4596-4ecc-968b-0e85f8464062;24-03-030;shpilka_nerezbovaya_aluminevaya.png;;shpilka_nerezbovaya_aluminevaya.png;;Нерезьбовая шпилька;Конденсаторная сварка крепежа CD;Алюминий;нет;;3;30;Нет;1000 шт;Крепеж;Приварной крепёж;Крепеж для конденсаторной сварки CD
;24-03-006 Шпилька нерезьбовая алюминиевая CD 3 x 6;ce882578-53b7-4126-8046-4371efd913b6;24-03-006;shpilka_nerezbovaya_aluminevaya.png;;shpilka_nerezbovaya_aluminevaya.png;;Нерезьбовая шпилька;Конденсаторная сварка крепежа CD;Алюминий;нет;;3;6;Нет;1000 шт;Крепеж;Приварной крепёж;Крепеж для конденсаторной сварки CD
;24-03-008 Шпилька нерезьбовая алюминиевая CD 3 x 8;75094b3e-250a-49d4-ac5d-61fefeaefc41;24-03-008;shpilka_nerezbovaya_aluminevaya.png;;shpilka_nerezbovaya_aluminevaya.png;;Нерезьбовая шпилька;Конденсаторная сварка крепежа CD;Алюминий;нет;;3;8;Нет;1000 шт;Крепеж;Приварной крепёж;Крепеж для конденсаторной сварки CD
;24-04-010 Шпилька нерезьбовая алюминиевая CD 4 x 10;1ad71f6a-d0c8-42fa-85d0-68156a5bb5cf;24-04-010;shpilka_nerezbovaya_aluminevaya.png;;shpilka_nerezbovaya_aluminevaya.png;;Нерезьбовая шпилька;Конденсаторная сварка крепежа CD;Алюминий;нет;;4;10;Нет;1000 шт;Крепеж;Приварной крепёж;Крепеж для конденсаторной сварки CD
;24-04-012 Шпилька нерезьбовая алюминиевая CD 4 x 12;3aafab12-36e5-4f8f-b8d6-cab93d8cc923;24-04-012;shpilka_nerezbovaya_aluminevaya.png;;shpilka_nerezbovaya_aluminevaya.png;;Нерезьбовая шпилька;Конденсаторная сварка крепежа CD;Алюминий;нет;;4;12;Нет;1000 шт;Крепеж;Приварной крепёж;Крепеж для конденсаторной сварки CD
;24-04-015 Шпилька нерезьбовая алюминиевая CD 4 x 15;86dee9c4-5309-46aa-8eeb-66cc2b6418a2;24-04-015;shpilka_nerezbovaya_aluminevaya.png;;shpilka_nerezbovaya_aluminevaya.png;;Нерезьбовая шпилька;Конденсаторная сварка крепежа CD;Алюминий;нет;;4;15;Нет;1000 шт;Крепеж;Приварной крепёж;Крепеж для конденсаторной сварки CD
;24-04-016 Шпилька нерезьбовая алюминиевая CD 4 x 16;4420b89b-2f4d-4810-b272-c4776077972d;24-04-016;shpilka_nerezbovaya_aluminevaya.png;;shpilka_nerezbovaya_aluminevaya.png;;Нерезьбовая шпилька;Конденсаторная сварка крепежа CD;Алюминий;нет;;4;16;Нет;1000 шт;Крепеж;Приварной крепёж;Крепеж для конденсаторной сварки CD
;24-04-020 Шпилька нерезьбовая алюминиевая CD 4 x 20;68fbd936-5abc-4b33-bc15-c3210374bc93;24-04-020;shpilka_nerezbovaya_aluminevaya.png;;shpilka_nerezbovaya_aluminevaya.png;;Нерезьбовая шпилька;Конденсаторная сварка крепежа CD;Алюминий;нет;;4;20;Нет;1000 шт;Крепеж;Приварной крепёж;Крепеж для конденсаторной сварки CD
;24-04-025 Шпилька нерезьбовая алюминиевая CD 4 x 25;0c522716-3926-4729-b599-af76c182a4ab;24-04-025;shpilka_nerezbovaya_aluminevaya.png;;shpilka_nerezbovaya_aluminevaya.png;;Нерезьбовая шпилька;Конденсаторная сварка крепежа CD;Алюминий;нет;;4;25;Нет;1000 шт;Крепеж;Приварной крепёж;Крепеж для конденсаторной сварки CD
;24-04-030 Шпилька нерезьбовая алюминиевая CD 4 x 30;645a7518-94d6-4e8c-a188-6d0337c7498a;24-04-030;shpilka_nerezbovaya_aluminevaya.png;;shpilka_nerezbovaya_aluminevaya.png;;Нерезьбовая шпилька;Конденсаторная сварка крепежа CD;Алюминий;нет;;4;30;Нет;1000 шт;Крепеж;Приварной крепёж;Крепеж для конденсаторной сварки CD
;24-04-035 Шпилька нерезьбовая алюминиевая CD 4 x 35;d97a8723-5ec4-4ed3-bc33-62ef31622155;24-04-035;shpilka_nerezbovaya_aluminevaya.png;;shpilka_nerezbovaya_aluminevaya.png;;Нерезьбовая шпилька;Конденсаторная сварка крепежа CD;Алюминий;нет;;4;35;Нет;1000 шт;Крепеж;Приварной крепёж;Крепеж для конденсаторной сварки CD
;24-04-008 Шпилька нерезьбовая алюминиевая CD 4 x 8;4cd445c7-8bb6-4b37-876c-4641339c019f;24-04-008;shpilka_nerezbovaya_aluminevaya.png;;shpilka_nerezbovaya_aluminevaya.png;;Нерезьбовая шпилька;Конденсаторная сварка крепежа CD;Алюминий;нет;;4;8;Нет;1000 шт;Крепеж;Приварной крепёж;Крепеж для конденсаторной сварки CD
;24-05-010 Шпилька нерезьбовая алюминиевая CD 5 x 10;34de9ac8-4d1e-406a-a5e2-7010e30f6fc2;24-05-010;shpilka_nerezbovaya_aluminevaya.png;;shpilka_nerezbovaya_aluminevaya.png;;Нерезьбовая шпилька;Конденсаторная сварка крепежа CD;Алюминий;нет;;5;10;Нет;1000 шт;Крепеж;Приварной крепёж;Крепеж для конденсаторной сварки CD
;24-05-012 Шпилька нерезьбовая алюминиевая CD 5 x 12;c7e286b0-2554-44c3-88ed-a6fd5f328105;24-05-012;shpilka_nerezbovaya_aluminevaya.png;;shpilka_nerezbovaya_aluminevaya.png;;Нерезьбовая шпилька;Конденсаторная сварка крепежа CD;Алюминий;нет;;5;12;Нет;1000 шт;Крепеж;Приварной крепёж;Крепеж для конденсаторной сварки CD
;24-05-015 Шпилька нерезьбовая алюминиевая CD 5 x 15;29d8cc37-817c-4c13-8ca1-d31ccf76bda2;24-05-015;shpilka_nerezbovaya_aluminevaya.png;;shpilka_nerezbovaya_aluminevaya.png;;Нерезьбовая шпилька;Конденсаторная сварка крепежа CD;Алюминий;нет;;5;15;Нет;1000 шт;Крепеж;Приварной крепёж;Крепеж для конденсаторной сварки CD
;24-05-016 Шпилька нерезьбовая алюминиевая CD 5 x 16;26e048ba-a1fa-41f6-a557-23118ea5b078;24-05-016;shpilka_nerezbovaya_aluminevaya.png;;shpilka_nerezbovaya_aluminevaya.png;;Нерезьбовая шпилька;Конденсаторная сварка крепежа CD;Алюминий;нет;;5;16;Нет;1000 шт;Крепеж;Приварной крепёж;Крепеж для конденсаторной сварки CD
;24-05-020 Шпилька нерезьбовая алюминиевая CD 5 x 20;d97921d4-4f76-45de-82e4-5df16d15d4c6;24-05-020;shpilka_nerezbovaya_aluminevaya.png;;shpilka_nerezbovaya_aluminevaya.png;;Нерезьбовая шпилька;Конденсаторная сварка крепежа CD;Алюминий;нет;;5;20;Нет;1000 шт;Крепеж;Приварной крепёж;Крепеж для конденсаторной сварки CD
;24-05-025 Шпилька нерезьбовая алюминиевая CD 5 x 25;0293406d-abc8-44f6-aa83-bd1a1639adee;24-05-025;shpilka_nerezbovaya_aluminevaya.png;;shpilka_nerezbovaya_aluminevaya.png;;Нерезьбовая шпилька;Конденсаторная сварка крепежа CD;Алюминий;нет;;5;25;Нет;1000 шт;Крепеж;Приварной крепёж;Крепеж для конденсаторной сварки CD
;24-05-030 Шпилька нерезьбовая алюминиевая CD 5 x 30;15d0a5d1-cf85-4935-8b28-925c80d103df;24-05-030;shpilka_nerezbovaya_aluminevaya.png;;shpilka_nerezbovaya_aluminevaya.png;;Нерезьбовая шпилька;Конденсаторная сварка крепежа CD;Алюминий;нет;;5;30;Нет;1000 шт;Крепеж;Приварной крепёж;Крепеж для конденсаторной сварки CD
;24-05-008 Шпилька нерезьбовая алюминиевая CD 5 x 8;d52cb7dd-07d0-4e94-9557-78418d50c137;24-05-008;shpilka_nerezbovaya_aluminevaya.png;;shpilka_nerezbovaya_aluminevaya.png;;Нерезьбовая шпилька;Конденсаторная сварка крепежа CD;Алюминий;нет;;5;8;Нет;1000 шт;Крепеж;Приварной крепёж;Крепеж для конденсаторной сварки CD
;24-06-010 Шпилька нерезьбовая алюминиевая CD 6 x 10;db9d063e-d43c-4b16-853b-d9f34891b043;24-06-010;shpilka_nerezbovaya_aluminevaya.png;;shpilka_nerezbovaya_aluminevaya.png;;Нерезьбовая шпилька;Конденсаторная сварка крепежа CD;Алюминий;нет;;6;10;Нет;1000 шт;Крепеж;Приварной крепёж;Крепеж для конденсаторной сварки CD
;24-06-012 Шпилька нерезьбовая алюминиевая CD 6 x 12;62e00515-77bd-482c-8606-537cef4f728a;24-06-012;shpilka_nerezbovaya_aluminevaya.png;;shpilka_nerezbovaya_aluminevaya.png;;Нерезьбовая шпилька;Конденсаторная сварка крепежа CD;Алюминий;нет;;6;12;Нет;1000 шт;Крепеж;Приварной крепёж;Крепеж для конденсаторной сварки CD
;24-06-015 Шпилька нерезьбовая алюминиевая CD 6 x 15;0cc5d800-81c8-4256-859a-adb453ec77d7;24-06-015;shpilka_nerezbovaya_aluminevaya.png;;shpilka_nerezbovaya_aluminevaya.png;;Нерезьбовая шпилька;Конденсаторная сварка крепежа CD;Алюминий;нет;;6;15;Нет;1000 шт;Крепеж;Приварной крепёж;Крепеж для конденсаторной сварки CD
;24-06-016 Шпилька нерезьбовая алюминиевая CD 6 x 16;d0b7b415-5085-49b1-8382-dfbdd3b66551;24-06-016;shpilka_nerezbovaya_aluminevaya.png;;shpilka_nerezbovaya_aluminevaya.png;;Нерезьбовая шпилька;Конденсаторная сварка крепежа CD;Алюминий;нет;;6;16;Нет;1000 шт;Крепеж;Приварной крепёж;Крепеж для конденсаторной сварки CD
;24-06-020 Шпилька нерезьбовая алюминиевая CD 6 x 20;13acd745-2f72-40eb-8247-f5570906a688;24-06-020;shpilka_nerezbovaya_aluminevaya.png;;shpilka_nerezbovaya_aluminevaya.png;;Нерезьбовая шпилька;Конденсаторная сварка крепежа CD;Алюминий;нет;;6;20;Нет;1000 шт;Крепеж;Приварной крепёж;Крепеж для конденсаторной сварки CD
;24-06-025 Шпилька нерезьбовая алюминиевая CD 6 x 25;55893aaf-dd0e-49e6-987c-d091017b0f0e;24-06-025;shpilka_nerezbovaya_aluminevaya.png;;shpilka_nerezbovaya_aluminevaya.png;;Нерезьбовая шпилька;Конденсаторная сварка крепежа CD;Алюминий;нет;;6;25;Нет;1000 шт;Крепеж;Приварной крепёж;Крепеж для конденсаторной сварки CD
;24-06-030 Шпилька нерезьбовая алюминиевая CD 6 x 30;a1462784-eeee-451a-b4ef-e2d0f6bad4bf;24-06-030;shpilka_nerezbovaya_aluminevaya.png;;shpilka_nerezbovaya_aluminevaya.png;;Нерезьбовая шпилька;Конденсаторная сварка крепежа CD;Алюминий;нет;;6;30;Нет;1000 шт;Крепеж;Приварной крепёж;Крепеж для конденсаторной сварки CD
;24-06-035 Шпилька нерезьбовая алюминиевая CD 6 x 35;2fa67b57-5b86-4ad5-a839-cc59d3a06ba5;24-06-035;shpilka_nerezbovaya_aluminevaya.png;;shpilka_nerezbovaya_aluminevaya.png;;Нерезьбовая шпилька;Конденсаторная сварка крепежа CD;Алюминий;нет;;6;35;Нет;1000 шт;Крепеж;Приварной крепёж;Крепеж для конденсаторной сварки CD
;24-06-040 Шпилька нерезьбовая алюминиевая CD 6 x 40;f49071e9-a76a-40d9-aff0-49175f35971b;24-06-040;shpilka_nerezbovaya_aluminevaya.png;;shpilka_nerezbovaya_aluminevaya.png;;Нерезьбовая шпилька;Конденсаторная сварка крепежа CD;Алюминий;нет;;6;40;Нет;1000 шт;Крепеж;Приварной крепёж;Крепеж для конденсаторной сварки CD
;24-06-008 Шпилька нерезьбовая алюминиевая CD 6 x 8;23ee483b-c42a-42c7-a95b-618f9e3533f4;24-06-008;shpilka_nerezbovaya_aluminevaya.png;;shpilka_nerezbovaya_aluminevaya.png;;Нерезьбовая шпилька;Конденсаторная сварка крепежа CD;Алюминий;нет;;6;8;Нет;1000 шт;Крепеж;Приварной крепёж;Крепеж для конденсаторной сварки CD
;24-07-010 Шпилька нерезьбовая алюминиевая CD 7,1 x 10;ee91b76a-5c7e-46cb-99d6-1724599d7d3f;24-07-010;shpilka_nerezbovaya_aluminevaya.png;;shpilka_nerezbovaya_aluminevaya.png;;Нерезьбовая шпилька;Конденсаторная сварка крепежа CD;Алюминий;нет;;7;10;Нет;1000 шт;Крепеж;Приварной крепёж;Крепеж для конденсаторной сварки CD
;24-07-012 Шпилька нерезьбовая алюминиевая CD 7,1 x 12;73e73b6f-3f2e-4623-b134-f11796099e8b;24-07-012;shpilka_nerezbovaya_aluminevaya.png;;shpilka_nerezbovaya_aluminevaya.png;;Нерезьбовая шпилька;Конденсаторная сварка крепежа CD;Алюминий;нет;;7;12;Нет;1000 шт;Крепеж;Приварной крепёж;Крепеж для конденсаторной сварки CD
;24-07-015 Шпилька нерезьбовая алюминиевая CD 7,1 x 15;ad917661-f495-4580-be87-4e8835882a05;24-07-015;shpilka_nerezbovaya_aluminevaya.png;;shpilka_nerezbovaya_aluminevaya.png;;Нерезьбовая шпилька;Конденсаторная сварка крепежа CD;Алюминий;нет;;7;15;Нет;1000 шт;Крепеж;Приварной крепёж;Крепеж для конденсаторной сварки CD
;24-07-016 Шпилька нерезьбовая алюминиевая CD 7,1 x 16;9175f941-fc6d-4ce0-9ddb-67c4c064c0e8;24-07-016;shpilka_nerezbovaya_aluminevaya.png;;shpilka_nerezbovaya_aluminevaya.png;;Нерезьбовая шпилька;Конденсаторная сварка крепежа CD;Алюминий;нет;;7;16;Нет;1000 шт;Крепеж;Приварной крепёж;Крепеж для конденсаторной сварки CD
;24-07-020 Шпилька нерезьбовая алюминиевая CD 7,1 x 20;6706710d-4acb-4914-8b00-70ba5845346b;24-07-020;shpilka_nerezbovaya_aluminevaya.png;;shpilka_nerezbovaya_aluminevaya.png;;Нерезьбовая шпилька;Конденсаторная сварка крепежа CD;Алюминий;нет;;7;20;Нет;1000 шт;Крепеж;Приварной крепёж;Крепеж для конденсаторной сварки CD
;24-07-025 Шпилька нерезьбовая алюминиевая CD 7,1 x 25;f7c1c809-a25d-455b-b46a-784bfaa5c7d5;24-07-025;shpilka_nerezbovaya_aluminevaya.png;;shpilka_nerezbovaya_aluminevaya.png;;Нерезьбовая шпилька;Конденсаторная сварка крепежа CD;Алюминий;нет;;7;25;Нет;1000 шт;Крепеж;Приварной крепёж;Крепеж для конденсаторной сварки CD
;24-07-030 Шпилька нерезьбовая алюминиевая CD 7,1 x 30;fd096030-de84-4570-9f3e-da6a32a5330d;24-07-030;shpilka_nerezbovaya_aluminevaya.png;;shpilka_nerezbovaya_aluminevaya.png;;Нерезьбовая шпилька;Конденсаторная сварка крепежа CD;Алюминий;нет;;7;30;Нет;1000 шт;Крепеж;Приварной крепёж;Крепеж для конденсаторной сварки CD
;24-07-035 Шпилька нерезьбовая алюминиевая CD 7,1 x 35;e6e0e2b9-921f-4fa0-8f2b-2a60dcf00dcc;24-07-035;shpilka_nerezbovaya_aluminevaya.png;;shpilka_nerezbovaya_aluminevaya.png;;Нерезьбовая шпилька;Конденсаторная сварка крепежа CD;Алюминий;нет;;7;35;Нет;1000 шт;Крепеж;Приварной крепёж;Крепеж для конденсаторной сварки CD
;23-03-010 Шпилька нерезьбовая латунная CD 3 x 10;9576e38b-a0a0-45bc-a8cb-5dd58987fe29;23-03-010;shpilka_nerezbovaya_latun.png;;shpilka_nerezbovaya_latun.png;;Нерезьбовая шпилька;Конденсаторная сварка крепежа CD;Латунь;нет;;3;10;Нет;1000 шт;Крепеж;Приварной крепёж;Крепеж для конденсаторной сварки CD
;23-03-012 Шпилька нерезьбовая латунная CD 3 x 12;b4c5b9d3-edaa-431f-856d-cad0e3f7a3aa;23-03-012;shpilka_nerezbovaya_latun.png;;shpilka_nerezbovaya_latun.png;;Нерезьбовая шпилька;Конденсаторная сварка крепежа CD;Латунь;нет;;3;12;Нет;1000 шт;Крепеж;Приварной крепёж;Крепеж для конденсаторной сварки CD
;23-03-015 Шпилька нерезьбовая латунная CD 3 x 15;ea0fcea2-a566-46d1-8cea-2bf1f41777f6;23-03-015;shpilka_nerezbovaya_latun.png;;shpilka_nerezbovaya_latun.png;;Нерезьбовая шпилька;Конденсаторная сварка крепежа CD;Латунь;нет;;3;15;Нет;1000 шт;Крепеж;Приварной крепёж;Крепеж для конденсаторной сварки CD
;23-03-016 Шпилька нерезьбовая латунная CD 3 x 16;848999bf-ea1b-4875-8c10-38ef1dad6433;23-03-016;shpilka_nerezbovaya_latun.png;;shpilka_nerezbovaya_latun.png;;Нерезьбовая шпилька;Конденсаторная сварка крепежа CD;Латунь;нет;;3;16;Нет;1000 шт;Крепеж;Приварной крепёж;Крепеж для конденсаторной сварки CD
;23-03-020 Шпилька нерезьбовая латунная CD 3 x 20;813a80d6-a806-400c-8801-49b41ea2dc72;23-03-020;shpilka_nerezbovaya_latun.png;;shpilka_nerezbovaya_latun.png;;Нерезьбовая шпилька;Конденсаторная сварка крепежа CD;Латунь;нет;;3;20;Нет;1000 шт;Крепеж;Приварной крепёж;Крепеж для конденсаторной сварки CD
;23-03-025 Шпилька нерезьбовая латунная CD 3 x 25;ce849cb6-0fa2-45db-bd07-cf31af2f4e19;23-03-025;shpilka_nerezbovaya_latun.png;;shpilka_nerezbovaya_latun.png;;Нерезьбовая шпилька;Конденсаторная сварка крепежа CD;Латунь;нет;;3;25;Нет;1000 шт;Крепеж;Приварной крепёж;Крепеж для конденсаторной сварки CD
;23-03-006 Шпилька нерезьбовая латунная CD 3 x 6;d6880bd2-5cb1-4c94-90a4-e80c56beeda0;23-03-006;shpilka_nerezbovaya_latun.png;;shpilka_nerezbovaya_latun.png;;Нерезьбовая шпилька;Конденсаторная сварка крепежа CD;Латунь;нет;;3;6;Нет;1000 шт;Крепеж;Приварной крепёж;Крепеж для конденсаторной сварки CD
;23-03-008 Шпилька нерезьбовая латунная CD 3 x 8;5d496314-7fc8-4b27-a0da-0c4a6bd78906;23-03-008;shpilka_nerezbovaya_latun.png;;shpilka_nerezbovaya_latun.png;;Нерезьбовая шпилька;Конденсаторная сварка крепежа CD;Латунь;нет;;3;8;Нет;1000 шт;Крепеж;Приварной крепёж;Крепеж для конденсаторной сварки CD
;23-04-010 Шпилька нерезьбовая латунная CD 4 x 10;d1e30a5d-9e99-49f2-b8c2-4710b0b9de5a;23-04-010;shpilka_nerezbovaya_latun.png;;shpilka_nerezbovaya_latun.png;;Нерезьбовая шпилька;Конденсаторная сварка крепежа CD;Латунь;нет;;4;10;Нет;1000 шт;Крепеж;Приварной крепёж;Крепеж для конденсаторной сварки CD
;23-04-012 Шпилька нерезьбовая латунная CD 4 x 12;5f949984-2014-440f-a857-8d3da51de650;23-04-012;shpilka_nerezbovaya_latun.png;;shpilka_nerezbovaya_latun.png;;Нерезьбовая шпилька;Конденсаторная сварка крепежа CD;Латунь;нет;;4;12;Нет;1000 шт;Крепеж;Приварной крепёж;Крепеж для конденсаторной сварки CD
;23-04-015 Шпилька нерезьбовая латунная CD 4 x 15;6664a675-e430-4d5b-adbb-6f47ddb66796;23-04-015;shpilka_nerezbovaya_latun.png;;shpilka_nerezbovaya_latun.png;;Нерезьбовая шпилька;Конденсаторная сварка крепежа CD;Латунь;нет;;4;15;Нет;1000 шт;Крепеж;Приварной крепёж;Крепеж для конденсаторной сварки CD
;23-04-016 Шпилька нерезьбовая латунная CD 4 x 16;3b339a09-3eb2-4802-b943-7026a95e0ad3;23-04-016;shpilka_nerezbovaya_latun.png;;shpilka_nerezbovaya_latun.png;;Нерезьбовая шпилька;Конденсаторная сварка крепежа CD;Латунь;нет;;4;16;Нет;1000 шт;Крепеж;Приварной крепёж;Крепеж для конденсаторной сварки CD
;23-04-020 Шпилька нерезьбовая латунная CD 4 x 20;8d54ac5f-3c5f-4182-92b5-282a9f47c0cd;23-04-020;shpilka_nerezbovaya_latun.png;;shpilka_nerezbovaya_latun.png;;Нерезьбовая шпилька;Конденсаторная сварка крепежа CD;Латунь;нет;;4;20;Нет;1000 шт;Крепеж;Приварной крепёж;Крепеж для конденсаторной сварки CD
;23-04-025 Шпилька нерезьбовая латунная CD 4 x 25;b5ca3761-e2dc-446c-a9bc-abbf7829ba18;23-04-025;shpilka_nerezbovaya_latun.png;;shpilka_nerezbovaya_latun.png;;Нерезьбовая шпилька;Конденсаторная сварка крепежа CD;Латунь;нет;;4;25;Нет;1000 шт;Крепеж;Приварной крепёж;Крепеж для конденсаторной сварки CD
;23-04-030 Шпилька нерезьбовая латунная CD 4 x 30;4e3f585d-9a5a-4c8b-a89a-f8121d92c580;23-04-030;shpilka_nerezbovaya_latun.png;;shpilka_nerezbovaya_latun.png;;Нерезьбовая шпилька;Конденсаторная сварка крепежа CD;Латунь;нет;;4;30;Нет;1000 шт;Крепеж;Приварной крепёж;Крепеж для конденсаторной сварки CD
;23-04-035 Шпилька нерезьбовая латунная CD 4 x 35;3bb21ebe-b7f1-4cca-b308-57bc5874a49c;23-04-035;shpilka_nerezbovaya_latun.png;;shpilka_nerezbovaya_latun.png;;Нерезьбовая шпилька;Конденсаторная сварка крепежа CD;Латунь;нет;;4;35;Нет;1000 шт;Крепеж;Приварной крепёж;Крепеж для конденсаторной сварки CD
;23-04-006 Шпилька нерезьбовая латунная CD 4 x 6;cdf58a6e-0802-4ff7-8326-4e485bd632b1;23-04-006;shpilka_nerezbovaya_latun.png;;shpilka_nerezbovaya_latun.png;;Нерезьбовая шпилька;Конденсаторная сварка крепежа CD;Латунь;нет;;4;6;Нет;1000 шт;Крепеж;Приварной крепёж;Крепеж для конденсаторной сварки CD
;23-04-008 Шпилька нерезьбовая латунная CD 4 x 8;e9f0b2ae-845c-45ba-9e9b-3ec25a378d5c;23-04-008;shpilka_nerezbovaya_latun.png;;shpilka_nerezbovaya_latun.png;;Нерезьбовая шпилька;Конденсаторная сварка крепежа CD;Латунь;нет;;4;8;Нет;1000 шт;Крепеж;Приварной крепёж;Крепеж для конденсаторной сварки CD
;23-05-010 Шпилька нерезьбовая латунная CD 5 x 10;5aa8e46d-63e0-434e-b052-eea2d6684284;23-05-010;shpilka_nerezbovaya_latun.png;;shpilka_nerezbovaya_latun.png;;Нерезьбовая шпилька;Конденсаторная сварка крепежа CD;Латунь;нет;;5;10;Нет;1000 шт;Крепеж;Приварной крепёж;Крепеж для конденсаторной сварки CD
;23-05-012 Шпилька нерезьбовая латунная CD 5 x 12;6206ead6-fa11-491d-8bca-80a94248eefd;23-05-012;shpilka_nerezbovaya_latun.png;;shpilka_nerezbovaya_latun.png;;Нерезьбовая шпилька;Конденсаторная сварка крепежа CD;Латунь;нет;;5;12;Нет;1000 шт;Крепеж;Приварной крепёж;Крепеж для конденсаторной сварки CD
;23-05-015 Шпилька нерезьбовая латунная CD 5 x 15;1ffa5a2c-f851-4f3e-8875-bf6be7281655;23-05-015;shpilka_nerezbovaya_latun.png;;shpilka_nerezbovaya_latun.png;;Нерезьбовая шпилька;Конденсаторная сварка крепежа CD;Латунь;нет;;5;15;Нет;1000 шт;Крепеж;Приварной крепёж;Крепеж для конденсаторной сварки CD
;23-05-016 Шпилька нерезьбовая латунная CD 5 x 16;d1d830a7-04e5-4fcc-b775-fbdf91b4480d;23-05-016;shpilka_nerezbovaya_latun.png;;shpilka_nerezbovaya_latun.png;;Нерезьбовая шпилька;Конденсаторная сварка крепежа CD;Латунь;нет;;5;16;Нет;1000 шт;Крепеж;Приварной крепёж;Крепеж для конденсаторной сварки CD
;23-05-020 Шпилька нерезьбовая латунная CD 5 x 20;9bb31281-5e2c-4af0-8c04-b55d8674f6f2;23-05-020;shpilka_nerezbovaya_latun.png;;shpilka_nerezbovaya_latun.png;;Нерезьбовая шпилька;Конденсаторная сварка крепежа CD;Латунь;нет;;5;20;Нет;1000 шт;Крепеж;Приварной крепёж;Крепеж для конденсаторной сварки CD
;23-05-025 Шпилька нерезьбовая латунная CD 5 x 25;cc9b8f86-8a71-4fe9-8c2e-8e75c375602b;23-05-025;shpilka_nerezbovaya_latun.png;;shpilka_nerezbovaya_latun.png;;Нерезьбовая шпилька;Конденсаторная сварка крепежа CD;Латунь;нет;;5;25;Нет;1000 шт;Крепеж;Приварной крепёж;Крепеж для конденсаторной сварки CD
;23-05-030 Шпилька нерезьбовая латунная CD 5 x 30;250cc56b-943f-47a0-9a3e-d8da6f28e511;23-05-030;shpilka_nerezbovaya_latun.png;;shpilka_nerezbovaya_latun.png;;Нерезьбовая шпилька;Конденсаторная сварка крепежа CD;Латунь;нет;;5;30;Нет;1000 шт;Крепеж;Приварной крепёж;Крепеж для конденсаторной сварки CD
;23-05-006 Шпилька нерезьбовая латунная CD 5 x 6;52f5a6da-b53a-42cd-959a-1ce3cf8d6abc;23-05-006;shpilka_nerezbovaya_latun.png;;shpilka_nerezbovaya_latun.png;;Нерезьбовая шпилька;Конденсаторная сварка крепежа CD;Латунь;нет;;5;6;Нет;1000 шт;Крепеж;Приварной крепёж;Крепеж для конденсаторной сварки CD
;23-05-008 Шпилька нерезьбовая латунная CD 5 x 8;8ae460e2-7d14-4675-8360-bf6cac7609c3;23-05-008;shpilka_nerezbovaya_latun.png;;shpilka_nerezbovaya_latun.png;;Нерезьбовая шпилька;Конденсаторная сварка крепежа CD;Латунь;нет;;5;8;Нет;1000 шт;Крепеж;Приварной крепёж;Крепеж для конденсаторной сварки CD
;23-06-010 Шпилька нерезьбовая латунная CD 6 x 10;d15ef10c-a16c-407c-ba69-54199b466b18;23-06-010;shpilka_nerezbovaya_latun.png;;shpilka_nerezbovaya_latun.png;;Нерезьбовая шпилька;Конденсаторная сварка крепежа CD;Латунь;нет;;6;10;Нет;1000 шт;Крепеж;Приварной крепёж;Крепеж для конденсаторной сварки CD
;23-06-012 Шпилька нерезьбовая латунная CD 6 x 12;ee9aa2ee-db4c-44c9-ab25-727f105806c1;23-06-012;shpilka_nerezbovaya_latun.png;;shpilka_nerezbovaya_latun.png;;Нерезьбовая шпилька;Конденсаторная сварка крепежа CD;Латунь;нет;;6;12;Нет;1000 шт;Крепеж;Приварной крепёж;Крепеж для конденсаторной сварки CD
;23-06-015 Шпилька нерезьбовая латунная CD 6 x 15;d7f1fdda-2826-41ff-8008-ce5444d18c72;23-06-015;shpilka_nerezbovaya_latun.png;;shpilka_nerezbovaya_latun.png;;Нерезьбовая шпилька;Конденсаторная сварка крепежа CD;Латунь;нет;;6;15;Нет;1000 шт;Крепеж;Приварной крепёж;Крепеж для конденсаторной сварки CD
;23-06-016 Шпилька нерезьбовая латунная CD 6 x 16;50086834-7e3d-4945-98ca-39b56f360987;23-06-016;shpilka_nerezbovaya_latun.png;;shpilka_nerezbovaya_latun.png;;Нерезьбовая шпилька;Конденсаторная сварка крепежа CD;Латунь;нет;;6;16;Нет;1000 шт;Крепеж;Приварной крепёж;Крепеж для конденсаторной сварки CD
;23-06-020 Шпилька нерезьбовая латунная CD 6 x 20;c8bbfe8b-32e7-4e7c-96bd-ddee09acff5a;23-06-020;shpilka_nerezbovaya_latun.png;;shpilka_nerezbovaya_latun.png;;Нерезьбовая шпилька;Конденсаторная сварка крепежа CD;Латунь;нет;;6;20;Нет;1000 шт;Крепеж;Приварной крепёж;Крепеж для конденсаторной сварки CD
;23-06-025 Шпилька нерезьбовая латунная CD 6 x 25;15cf8229-aa14-428e-a554-b18cd446cb5d;23-06-025;shpilka_nerezbovaya_latun.png;;shpilka_nerezbovaya_latun.png;;Нерезьбовая шпилька;Конденсаторная сварка крепежа CD;Латунь;нет;;6;25;Нет;1000 шт;Крепеж;Приварной крепёж;Крепеж для конденсаторной сварки CD
;22-03-010 Шпилька нерезьбовая нерж. сталь А2 CD 3 x 10;b6a731a8-76de-4ceb-ac43-04ad52a4ae3f;22-03-010;shpilka_nerezbovaya_nerzh_stal.png;;shpilka_nerezbovaya_nerzh_stal.png;;Нерезьбовая шпилька;Конденсаторная сварка крепежа CD;Нержавеющая сталь;нет;;3;10;Нет;1000 шт;Крепеж;Приварной крепёж;Крепеж для конденсаторной сварки CD
;22-03-012 Шпилька нерезьбовая нерж. сталь А2  CD 3 x 12;e5c94860-a097-42e7-b36b-015a1490c98b;22-03-012;shpilka_nerezbovaya_nerzh_stal.png;;shpilka_nerezbovaya_nerzh_stal.png;;Нерезьбовая шпилька;Конденсаторная сварка крепежа CD;Нержавеющая сталь;нет;;3;12;Нет;1000 шт;Крепеж;Приварной крепёж;Крепеж для конденсаторной сварки CD
;22-03-015 Шпилька нерезьбовая нерж. сталь А2 CD 3 x 15;a7b94d02-7089-487e-a26e-0a9fd739f309;22-03-015;shpilka_nerezbovaya_nerzh_stal.png;;shpilka_nerezbovaya_nerzh_stal.png;;Нерезьбовая шпилька;Конденсаторная сварка крепежа CD;Нержавеющая сталь;нет;;3;15;Нет;1000 шт;Крепеж;Приварной крепёж;Крепеж для конденсаторной сварки CD
;22-03-016 Шпилька нерезьбовая нерж. сталь А2 CD 3 x 16;cf04e130-4b50-4a40-afac-d1f9b882f8a5;22-03-016;shpilka_nerezbovaya_nerzh_stal.png;;shpilka_nerezbovaya_nerzh_stal.png;;Нерезьбовая шпилька;Конденсаторная сварка крепежа CD;Нержавеющая сталь;нет;;3;16;Нет;1000 шт;Крепеж;Приварной крепёж;Крепеж для конденсаторной сварки CD
;22-03-020 Шпилька нерезьбовая нерж. сталь А2  CD 3 x 20;73beed9e-d642-4d3a-98d8-6c613dedfabc;22-03-020;shpilka_nerezbovaya_nerzh_stal.png;;shpilka_nerezbovaya_nerzh_stal.png;;Нерезьбовая шпилька;Конденсаторная сварка крепежа CD;Нержавеющая сталь;нет;;3;20;Нет;1000 шт;Крепеж;Приварной крепёж;Крепеж для конденсаторной сварки CD
;22-03-025 Шпилька нерезьбовая нерж. сталь А2  CD 3 x 25;b9cc040b-b450-4e19-9ad5-b6ffebed4f3d;22-03-025;shpilka_nerezbovaya_nerzh_stal.png;;shpilka_nerezbovaya_nerzh_stal.png;;Нерезьбовая шпилька;Конденсаторная сварка крепежа CD;Нержавеющая сталь;нет;;3;25;Нет;1000 шт;Крепеж;Приварной крепёж;Крепеж для конденсаторной сварки CD
;22-03-006 Шпилька нерезьбовая нерж. сталь А2 CD 3 x 6;b143ba01-0d6a-4be7-a808-c1a833000bd9;22-03-006;shpilka_nerezbovaya_nerzh_stal.png;;shpilka_nerezbovaya_nerzh_stal.png;;Нерезьбовая шпилька;Конденсаторная сварка крепежа CD;Нержавеющая сталь;нет;;3;6;Нет;1000 шт;Крепеж;Приварной крепёж;Крепеж для конденсаторной сварки CD
;22-03-008 Шпилька нерезьбовая нерж. сталь А2  CD 3 x 8;95c1e89b-9bfe-4248-8e32-082b307359dc;22-03-008;shpilka_nerezbovaya_nerzh_stal.png;;shpilka_nerezbovaya_nerzh_stal.png;;Нерезьбовая шпилька;Конденсаторная сварка крепежа CD;Нержавеющая сталь;нет;;3;8;Нет;1000 шт;Крепеж;Приварной крепёж;Крепеж для конденсаторной сварки CD
;22-04-010 Шпилька нерезьбовая нерж. сталь А2  CD 4 x 10;41a90eca-8fa6-49e0-b244-3b206d39910f;22-04-010;shpilka_nerezbovaya_nerzh_stal.png;;shpilka_nerezbovaya_nerzh_stal.png;;Нерезьбовая шпилька;Конденсаторная сварка крепежа CD;Нержавеющая сталь;нет;;4;10;Нет;1000 шт;Крепеж;Приварной крепёж;Крепеж для конденсаторной сварки CD
;22-04-012 Шпилька нерезьбовая нерж. сталь А2  CD 4 x 12;2b0f65f2-6364-4114-9978-1b707a661638;22-04-012;shpilka_nerezbovaya_nerzh_stal.png;;shpilka_nerezbovaya_nerzh_stal.png;;Нерезьбовая шпилька;Конденсаторная сварка крепежа CD;Нержавеющая сталь;нет;;4;12;Нет;1000 шт;Крепеж;Приварной крепёж;Крепеж для конденсаторной сварки CD
;22-04-015 Шпилька нерезьбовая нерж. сталь А2 CD 4 x 15;25a36656-25a1-4286-bdcb-19bdfd06ec76;22-04-015;shpilka_nerezbovaya_nerzh_stal.png;;shpilka_nerezbovaya_nerzh_stal.png;;Нерезьбовая шпилька;Конденсаторная сварка крепежа CD;Нержавеющая сталь;нет;;4;15;Нет;1000 шт;Крепеж;Приварной крепёж;Крепеж для конденсаторной сварки CD
;22-04-016 Шпилька нерезьбовая нерж. сталь А2  CD 4 x 16;1c585cb8-f526-4c3b-9f54-6ea18be736f8;22-04-016;shpilka_nerezbovaya_nerzh_stal.png;;shpilka_nerezbovaya_nerzh_stal.png;;Нерезьбовая шпилька;Конденсаторная сварка крепежа CD;Нержавеющая сталь;нет;;4;16;Нет;1000 шт;Крепеж;Приварной крепёж;Крепеж для конденсаторной сварки CD
;22-04-020 Шпилька нерезьбовая нерж. сталь А2  CD 4 x 20;7d3eac68-d5cb-4720-bda7-605918b53e20;22-04-020;shpilka_nerezbovaya_nerzh_stal.png;;shpilka_nerezbovaya_nerzh_stal.png;;Нерезьбовая шпилька;Конденсаторная сварка крепежа CD;Нержавеющая сталь;нет;;4;20;Нет;1000 шт;Крепеж;Приварной крепёж;Крепеж для конденсаторной сварки CD
;22-04-025 Шпилька нерезьбовая нерж. сталь А2  CD 4 x 25;8c42a192-6fb1-4c09-99c6-82140eb75c99;22-04-025;shpilka_nerezbovaya_nerzh_stal.png;;shpilka_nerezbovaya_nerzh_stal.png;;Нерезьбовая шпилька;Конденсаторная сварка крепежа CD;Нержавеющая сталь;нет;;4;25;Нет;1000 шт;Крепеж;Приварной крепёж;Крепеж для конденсаторной сварки CD
;22-04-030 Шпилька нерезьбовая нерж. сталь А2  CD 4 x 30;4eb2b973-3317-4a3f-82c1-fa74144bc529;22-04-030;shpilka_nerezbovaya_nerzh_stal.png;;shpilka_nerezbovaya_nerzh_stal.png;;Нерезьбовая шпилька;Конденсаторная сварка крепежа CD;Нержавеющая сталь;нет;;4;30;Нет;1000 шт;Крепеж;Приварной крепёж;Крепеж для конденсаторной сварки CD
;22-04-035 Шпилька нерезьбовая нерж. сталь А2 CD 4 x 35;3ad4e756-33f6-475e-822e-af0afc767522;22-04-035;shpilka_nerezbovaya_nerzh_stal.png;;shpilka_nerezbovaya_nerzh_stal.png;;Нерезьбовая шпилька;Конденсаторная сварка крепежа CD;Нержавеющая сталь;нет;;4;35;Нет;1000 шт;Крепеж;Приварной крепёж;Крепеж для конденсаторной сварки CD
;22-04-040 Шпилька нерезьбовая нерж. сталь А2  CD 4 x 40;e1d4278d-b9f5-4b4e-9c15-d466e01bf1f9;22-04-040;shpilka_nerezbovaya_nerzh_stal.png;;shpilka_nerezbovaya_nerzh_stal.png;;Нерезьбовая шпилька;Конденсаторная сварка крепежа CD;Нержавеющая сталь;нет;;4;40;Нет;1000 шт;Крепеж;Приварной крепёж;Крепеж для конденсаторной сварки CD
;22-04-006 Шпилька нерезьбовая нерж. сталь А2 CD 4 x 6;ac07e0bd-40df-4b5c-b978-01124bd24b71;22-04-006;shpilka_nerezbovaya_nerzh_stal.png;;shpilka_nerezbovaya_nerzh_stal.png;;Нерезьбовая шпилька;Конденсаторная сварка крепежа CD;Нержавеющая сталь;нет;;4;6;Нет;1000 шт;Крепеж;Приварной крепёж;Крепеж для конденсаторной сварки CD
;22-04-008 Шпилька нерезьбовая нерж. сталь А2 CD 4 x 8;85064a26-2de9-4c45-92e2-24f0fccd030b;22-04-008;shpilka_nerezbovaya_nerzh_stal.png;;shpilka_nerezbovaya_nerzh_stal.png;;Нерезьбовая шпилька;Конденсаторная сварка крепежа CD;Нержавеющая сталь;нет;;4;8;Нет;1000 шт;Крепеж;Приварной крепёж;Крепеж для конденсаторной сварки CD
;22-05-010 Шпилька нерезьбовая нерж. сталь А2  CD 5 x 10;2016a08f-0072-4470-903a-275c231b4c74;22-05-010;shpilka_nerezbovaya_nerzh_stal.png;;shpilka_nerezbovaya_nerzh_stal.png;;Нерезьбовая шпилька;Конденсаторная сварка крепежа CD;Нержавеющая сталь;нет;;5;10;Нет;1000 шт;Крепеж;Приварной крепёж;Крепеж для конденсаторной сварки CD
;22-05-012 Шпилька нерезьбовая нерж. сталь А2  CD 5 x 12;8db1f6d1-0919-445e-b5bd-5ab9956df970;22-05-012;shpilka_nerezbovaya_nerzh_stal.png;;shpilka_nerezbovaya_nerzh_stal.png;;Нерезьбовая шпилька;Конденсаторная сварка крепежа CD;Нержавеющая сталь;нет;;5;12;Нет;1000 шт;Крепеж;Приварной крепёж;Крепеж для конденсаторной сварки CD
;22-05-015 Шпилька нерезьбовая нерж. сталь А2  CD 5 x 15;ec8c9913-6349-479a-ae5b-028dbbf54c0e;22-05-015;shpilka_nerezbovaya_nerzh_stal.png;;shpilka_nerezbovaya_nerzh_stal.png;;Нерезьбовая шпилька;Конденсаторная сварка крепежа CD;Нержавеющая сталь;нет;;5;15;Нет;1000 шт;Крепеж;Приварной крепёж;Крепеж для конденсаторной сварки CD
;22-05-016 Шпилька нерезьбовая нерж. сталь А2 CD 5 x 16;cc4deadf-ec64-4974-99a1-1d332ea49747;22-05-016;shpilka_nerezbovaya_nerzh_stal.png;;shpilka_nerezbovaya_nerzh_stal.png;;Нерезьбовая шпилька;Конденсаторная сварка крепежа CD;Нержавеющая сталь;нет;;5;16;Нет;1000 шт;Крепеж;Приварной крепёж;Крепеж для конденсаторной сварки CD
;22-05-020 Шпилька нерезьбовая нерж. сталь А2  CD 5 x 20;55741020-7888-487a-bb1d-641e3c4947f2;22-05-020;shpilka_nerezbovaya_nerzh_stal.png;;shpilka_nerezbovaya_nerzh_stal.png;;Нерезьбовая шпилька;Конденсаторная сварка крепежа CD;Нержавеющая сталь;нет;;5;20;Нет;1000 шт;Крепеж;Приварной крепёж;Крепеж для конденсаторной сварки CD
;22-05-025 Шпилька нерезьбовая нерж. сталь А2  CD 5 x 25;368a5826-aafa-4c3c-9dc5-0d1d13c37b37;22-05-025;shpilka_nerezbovaya_nerzh_stal.png;;shpilka_nerezbovaya_nerzh_stal.png;;Нерезьбовая шпилька;Конденсаторная сварка крепежа CD;Нержавеющая сталь;нет;;5;25;Нет;1000 шт;Крепеж;Приварной крепёж;Крепеж для конденсаторной сварки CD
;22-05-030 Шпилька нерезьбовая нерж. сталь А2  CD 5 x 30;a12de9f3-b273-4928-bfc4-423f50c55097;22-05-030;shpilka_nerezbovaya_nerzh_stal.png;;shpilka_nerezbovaya_nerzh_stal.png;;Нерезьбовая шпилька;Конденсаторная сварка крепежа CD;Нержавеющая сталь;нет;;5;30;Нет;1000 шт;Крепеж;Приварной крепёж;Крепеж для конденсаторной сварки CD
;22-05-035 Шпилька нерезьбовая нерж. сталь А2  CD 5 x 35;3611b645-976b-4171-b719-a98ecd9f8f57;22-05-035;shpilka_nerezbovaya_nerzh_stal.png;;shpilka_nerezbovaya_nerzh_stal.png;;Нерезьбовая шпилька;Конденсаторная сварка крепежа CD;Нержавеющая сталь;нет;;5;35;Нет;1000 шт;Крепеж;Приварной крепёж;Крепеж для конденсаторной сварки CD
;22-05-040 Шпилька нерезьбовая нерж. сталь А2 CD 5 x 40;258ab1b7-2ee7-452a-b83f-ef48af8b69d1;22-05-040;shpilka_nerezbovaya_nerzh_stal.png;;shpilka_nerezbovaya_nerzh_stal.png;;Нерезьбовая шпилька;Конденсаторная сварка крепежа CD;Нержавеющая сталь;нет;;5;40;Нет;1000 шт;Крепеж;Приварной крепёж;Крепеж для конденсаторной сварки CD
;22-05-006 Шпилька нерезьбовая нерж. сталь А2 CD 5 x 6;f613904f-0f73-471d-a779-7765f1666aae;22-05-006;shpilka_nerezbovaya_nerzh_stal.png;;shpilka_nerezbovaya_nerzh_stal.png;;Нерезьбовая шпилька;Конденсаторная сварка крепежа CD;Нержавеющая сталь;нет;;5;6;Нет;1000 шт;Крепеж;Приварной крепёж;Крепеж для конденсаторной сварки CD
;22-05-008 Шпилька нерезьбовая нерж. сталь А2 CD 5 x 8;fb4d6e4c-e49d-45a8-bf8b-aabd6adaee4e;22-05-008;shpilka_nerezbovaya_nerzh_stal.png;;shpilka_nerezbovaya_nerzh_stal.png;;Нерезьбовая шпилька;Конденсаторная сварка крепежа CD;Нержавеющая сталь;нет;;5;8;Нет;1000 шт;Крепеж;Приварной крепёж;Крепеж для конденсаторной сварки CD
;22-06-010 Шпилька нерезьбовая нерж. сталь А2 CD 6 x 10;cdec8cf7-d0a8-40cc-8aee-d3308736663c;22-06-010 / 340306010;shpilka_nerezbovaya_nerzh_stal.png;;shpilka_nerezbovaya_nerzh_stal.png;;Нерезьбовая шпилька;Конденсаторная сварка крепежа CD;Нержавеющая сталь;нет;;6;10;Нет;1000 шт;Крепеж;Приварной крепёж;Крепеж для конденсаторной сварки CD
;22-06-012 Шпилька нерезьбовая нерж. сталь А2 CD 6 x 12;afa0c2f1-4342-42b4-baa4-24431009b441;22-06-012;shpilka_nerezbovaya_nerzh_stal.png;;shpilka_nerezbovaya_nerzh_stal.png;;Нерезьбовая шпилька;Конденсаторная сварка крепежа CD;Нержавеющая сталь;нет;;6;12;Нет;1000 шт;Крепеж;Приварной крепёж;Крепеж для конденсаторной сварки CD
;22-06-015 Шпилька нерезьбовая нерж. сталь А2 CD 6 x 15;fdf09532-66a7-41da-bf95-d99640450501;22-06-015;shpilka_nerezbovaya_nerzh_stal.png;;shpilka_nerezbovaya_nerzh_stal.png;;Нерезьбовая шпилька;Конденсаторная сварка крепежа CD;Нержавеющая сталь;нет;;6;15;Нет;1000 шт;Крепеж;Приварной крепёж;Крепеж для конденсаторной сварки CD
;22-06-016 Шпилька нерезьбовая нерж. сталь А2 CD 6 x 16;03204ff1-e1dc-4803-a9ac-32ccc51ad52e;22-06-016;shpilka_nerezbovaya_nerzh_stal.png;;shpilka_nerezbovaya_nerzh_stal.png;;Нерезьбовая шпилька;Конденсаторная сварка крепежа CD;Нержавеющая сталь;нет;;6;16;Нет;1000 шт;Крепеж;Приварной крепёж;Крепеж для конденсаторной сварки CD
;22-06-020 Шпилька нерезьбовая нерж. сталь А2 CD 6 x 20;2e1b2041-80e2-4eab-be36-ba6e19dc7afc;22-06-020;shpilka_nerezbovaya_nerzh_stal.png;;shpilka_nerezbovaya_nerzh_stal.png;;Нерезьбовая шпилька;Конденсаторная сварка крепежа CD;Нержавеющая сталь;нет;;6;20;Нет;1000 шт;Крепеж;Приварной крепёж;Крепеж для конденсаторной сварки CD
;22-06-025 Шпилька нерезьбовая нерж. сталь А2 CD 6 x 25;a74c869e-a00e-4a97-93d5-670b687e2c5d;22-06-025;shpilka_nerezbovaya_nerzh_stal.png;;shpilka_nerezbovaya_nerzh_stal.png;;Нерезьбовая шпилька;Конденсаторная сварка крепежа CD;Нержавеющая сталь;нет;;6;25;Нет;1000 шт;Крепеж;Приварной крепёж;Крепеж для конденсаторной сварки CD
;22-06-030 Шпилька нерезьбовая нерж. сталь А2 CD 6 x 30;05f247f7-ece4-42b0-b45b-8942b646baa7;22-06-030;shpilka_nerezbovaya_nerzh_stal.png;;shpilka_nerezbovaya_nerzh_stal.png;;Нерезьбовая шпилька;Конденсаторная сварка крепежа CD;Нержавеющая сталь;нет;;6;30;Нет;1000 шт;Крепеж;Приварной крепёж;Крепеж для конденсаторной сварки CD
;22-06-035 Шпилька нерезьбовая нерж. сталь А2 CD 6 x 35;38f2c3a3-ef36-4188-85de-a3ddf0b61961;22-06-035;shpilka_nerezbovaya_nerzh_stal.png;;shpilka_nerezbovaya_nerzh_stal.png;;Нерезьбовая шпилька;Конденсаторная сварка крепежа CD;Нержавеющая сталь;нет;;6;35;Нет;1000 шт;Крепеж;Приварной крепёж;Крепеж для конденсаторной сварки CD
;22-06-040 Шпилька нерезьбовая нерж. сталь А2 CD 6 x 40;95ed2d01-de05-4ae0-b60a-a4dc4d647511;22-06-040;shpilka_nerezbovaya_nerzh_stal.png;;shpilka_nerezbovaya_nerzh_stal.png;;Нерезьбовая шпилька;Конденсаторная сварка крепежа CD;Нержавеющая сталь;нет;;6;40;Нет;1000 шт;Крепеж;Приварной крепёж;Крепеж для конденсаторной сварки CD
;22-06-045 Шпилька нерезьбовая нерж. сталь А2 CD 6 x 45;3fd666e4-a6a3-45bd-99bd-d6bbfc6fc7b2;22-06-045;shpilka_nerezbovaya_nerzh_stal.png;;shpilka_nerezbovaya_nerzh_stal.png;;Нерезьбовая шпилька;Конденсаторная сварка крепежа CD;Нержавеющая сталь;нет;;6;45;Нет;1000 шт;Крепеж;Приварной крепёж;Крепеж для конденсаторной сварки CD
;22-06-050 Шпилька нерезьбовая нерж. сталь А2 CD 6 x 50;17f4a0fa-6dac-4043-8edd-444fc260321a;22-06-050;shpilka_nerezbovaya_nerzh_stal.png;;shpilka_nerezbovaya_nerzh_stal.png;;Нерезьбовая шпилька;Конденсаторная сварка крепежа CD;Нержавеющая сталь;нет;;6;50;Нет;1000 шт;Крепеж;Приварной крепёж;Крепеж для конденсаторной сварки CD
;22-06-008 Шпилька нерезьбовая нерж. сталь А2 CD 6 x 8;7cace880-4536-4f73-bdb6-46004e5bf527;22-06-008;shpilka_nerezbovaya_nerzh_stal.png;;shpilka_nerezbovaya_nerzh_stal.png;;Нерезьбовая шпилька;Конденсаторная сварка крепежа CD;Нержавеющая сталь;нет;;6;8;Нет;1000 шт;Крепеж;Приварной крепёж;Крепеж для конденсаторной сварки CD
;22-07-010 Шпилька нерезьбовая нерж. сталь А2 CD 7,1 x 10;eccd2d4b-7d14-4ad3-9f48-2c23877e0e40;22-07-010;shpilka_nerezbovaya_nerzh_stal.png;;shpilka_nerezbovaya_nerzh_stal.png;;Нерезьбовая шпилька;Конденсаторная сварка крепежа CD;Нержавеющая сталь;нет;;7;10;Нет;1000 шт;Крепеж;Приварной крепёж;Крепеж для конденсаторной сварки CD
;22-07-012 Шпилька нерезьбовая нерж. сталь А2 CD 7,1 x 12;de0ef9b3-964f-4ea3-9e8c-cd5c821941ec;22-07-012;shpilka_nerezbovaya_nerzh_stal.png;;shpilka_nerezbovaya_nerzh_stal.png;;Нерезьбовая шпилька;Конденсаторная сварка крепежа CD;Нержавеющая сталь;нет;;7;12;Нет;1000 шт;Крепеж;Приварной крепёж;Крепеж для конденсаторной сварки CD
;22-07-015 Шпилька нерезьбовая нерж. сталь А2 CD 7,1 x 15;afb476af-595e-47e0-8f02-2139af287e3c;22-07-015;shpilka_nerezbovaya_nerzh_stal.png;;shpilka_nerezbovaya_nerzh_stal.png;;Нерезьбовая шпилька;Конденсаторная сварка крепежа CD;Нержавеющая сталь;нет;;7;15;Нет;1000 шт;Крепеж;Приварной крепёж;Крепеж для конденсаторной сварки CD
;22-07-020 Шпилька нерезьбовая нерж. сталь А2 CD 7,1 x 20;050bfa1e-f0e8-43dd-9f1d-a46b05c10076;22-07-020;shpilka_nerezbovaya_nerzh_stal.png;;shpilka_nerezbovaya_nerzh_stal.png;;Нерезьбовая шпилька;Конденсаторная сварка крепежа CD;Нержавеющая сталь;нет;;7;20;Нет;1000 шт;Крепеж;Приварной крепёж;Крепеж для конденсаторной сварки CD
;22-07-025 Шпилька нерезьбовая нерж. сталь А2 CD 7,1 x 25;21a5a49e-dcd6-4a08-91cc-cd038e611b76;22-07-025;shpilka_nerezbovaya_nerzh_stal.png;;shpilka_nerezbovaya_nerzh_stal.png;;Нерезьбовая шпилька;Конденсаторная сварка крепежа CD;Нержавеющая сталь;нет;;7;25;Нет;1000 шт;Крепеж;Приварной крепёж;Крепеж для конденсаторной сварки CD
;22-07-030 Шпилька нерезьбовая нерж. сталь А2 CD 7,1 x 30;2f2b8dcb-6419-4178-bc51-58e64606daaf;22-07-030;shpilka_nerezbovaya_nerzh_stal.png;;shpilka_nerezbovaya_nerzh_stal.png;;Нерезьбовая шпилька;Конденсаторная сварка крепежа CD;Нержавеющая сталь;нет;;7;30;Нет;1000 шт;Крепеж;Приварной крепёж;Крепеж для конденсаторной сварки CD
;22-07-035 Шпилька нерезьбовая нерж. сталь А2 CD 7,1 x 35;5532eae9-e002-43e1-9b35-3b9f3a310f4b;22-07-035;shpilka_nerezbovaya_nerzh_stal.png;;shpilka_nerezbovaya_nerzh_stal.png;;Нерезьбовая шпилька;Конденсаторная сварка крепежа CD;Нержавеющая сталь;нет;;7;35;Нет;1000 шт;Крепеж;Приварной крепёж;Крепеж для конденсаторной сварки CD
;22-07-040 Шпилька нерезьбовая нерж. сталь А2 CD 7,1 x 40;ff59d538-0403-44c2-8e0d-578bd32ffb5a;22-07-040;shpilka_nerezbovaya_nerzh_stal.png;;shpilka_nerezbovaya_nerzh_stal.png;;Нерезьбовая шпилька;Конденсаторная сварка крепежа CD;Нержавеющая сталь;нет;;7;40;Нет;1000 шт;Крепеж;Приварной крепёж;Крепеж для конденсаторной сварки CD
;22-07-045 Шпилька нерезьбовая нерж. сталь А2 CD 7,1 x 45;676a7c24-2cd8-4a36-a10c-e96687c20306;22-07-045;shpilka_nerezbovaya_nerzh_stal.png;;shpilka_nerezbovaya_nerzh_stal.png;;Нерезьбовая шпилька;Конденсаторная сварка крепежа CD;Нержавеющая сталь;нет;;7;45;Нет;1000 шт;Крепеж;Приварной крепёж;Крепеж для конденсаторной сварки CD
;22-07-050 Шпилька нерезьбовая нерж. сталь А2 CD 7,1 x 50;a6ade14c-6dc8-4d84-8d51-8d2fc63dcd6b;22-07-050;shpilka_nerezbovaya_nerzh_stal.png;;shpilka_nerezbovaya_nerzh_stal.png;;Нерезьбовая шпилька;Конденсаторная сварка крепежа CD;Нержавеющая сталь;нет;;7;50;Нет;1000 шт;Крепеж;Приварной крепёж;Крепеж для конденсаторной сварки CD
;22-07-055 Шпилька нерезьбовая нерж. сталь А2 CD 7,1 x 55;90f32aa3-e553-4927-bb5e-64ec6c678c02;22-07-055;shpilka_nerezbovaya_nerzh_stal.png;;shpilka_nerezbovaya_nerzh_stal.png;;Нерезьбовая шпилька;Конденсаторная сварка крепежа CD;Нержавеющая сталь;нет;;7;55;Нет;1000 шт;Крепеж;Приварной крепёж;Крепеж для конденсаторной сварки CD
;22-08-010 Шпилька нерезьбовая нерж. сталь А2 CD 8 x 10;cc4935da-549f-11e6-af6a-001e6754e0a4;22-08-010;shpilka_nerezbovaya_nerzh_stal.png;;shpilka_nerezbovaya_nerzh_stal.png;;Нерезьбовая шпилька;Конденсаторная сварка крепежа CD;Нержавеющая сталь;нет;;8;10;Нет;1000 шт;Крепеж;Приварной крепёж;Крепеж для конденсаторной сварки CD
;22-08-020 Шпилька нерезьбовая нерж. сталь А2 CD 8 х 20;9435c6bd-1f2a-404e-b5b5-b41a6dca745c;22-08-020;shpilka_nerezbovaya_nerzh_stal.png;;shpilka_nerezbovaya_nerzh_stal.png;;Нерезьбовая шпилька;Конденсаторная сварка крепежа CD;Нержавеющая сталь;нет;;8;20;Нет;1000 шт;Крепеж;Приварной крепёж;Крепеж для конденсаторной сварки CD
;21-03-010 Шпилька нерезьбовая стальная омедненая CD 3 x 10;5d214f8e-94cd-48c6-8579-49bc6d6d9b11;21-03-010;shpilka_nerezbovaya_omedn_stal.png;;shpilka_nerezbovaya_omedn_stal.png;;Нерезьбовая шпилька;Конденсаторная сварка крепежа CD;Омедненная сталь;нет;;3;10;Нет;1000 шт;Крепеж;Приварной крепёж;Крепеж для конденсаторной сварки CD
;21-03-012 Шпилька нерезьбовая стальная омедненая CD 3 x 12;915a1559-0652-4f98-bf42-1983461fe2ef;21-03-012;shpilka_nerezbovaya_omedn_stal.png;;shpilka_nerezbovaya_omedn_stal.png;;Нерезьбовая шпилька;Конденсаторная сварка крепежа CD;Омедненная сталь;нет;;3;12;Нет;1000 шт;Крепеж;Приварной крепёж;Крепеж для конденсаторной сварки CD
;21-03-015 Шпилька нерезьбовая стальная омедненая CD 3 x 15;2e7cee59-2766-408a-b4bc-4a2698876113;21-03-015;shpilka_nerezbovaya_omedn_stal.png;;shpilka_nerezbovaya_omedn_stal.png;;Нерезьбовая шпилька;Конденсаторная сварка крепежа CD;Омедненная сталь;нет;;3;15;Нет;1000 шт;Крепеж;Приварной крепёж;Крепеж для конденсаторной сварки CD
;21-03-016 Шпилька нерезьбовая стальная омедненая CD 3 x 16;4a149841-b7f6-4ba6-974c-b4adfffd8ef6;21-03-016;shpilka_nerezbovaya_omedn_stal.png;;shpilka_nerezbovaya_omedn_stal.png;;Нерезьбовая шпилька;Конденсаторная сварка крепежа CD;Омедненная сталь;нет;;3;16;Нет;1000 шт;Крепеж;Приварной крепёж;Крепеж для конденсаторной сварки CD
;21-03-020 Шпилька нерезьбовая стальная омедненая CD 3 x 20;6e06cea3-0ce4-4b31-b252-0cad9481e997;21-03-020;shpilka_nerezbovaya_omedn_stal.png;;shpilka_nerezbovaya_omedn_stal.png;;Нерезьбовая шпилька;Конденсаторная сварка крепежа CD;Омедненная сталь;нет;;3;20;Нет;1000 шт;Крепеж;Приварной крепёж;Крепеж для конденсаторной сварки CD
;21-03-025 Шпилька нерезьбовая стальная омедненая CD 3 x 25;9d79a266-f523-4f75-9be3-67db18d9a72d;21-03-025;shpilka_nerezbovaya_omedn_stal.png;;shpilka_nerezbovaya_omedn_stal.png;;Нерезьбовая шпилька;Конденсаторная сварка крепежа CD;Омедненная сталь;нет;;3;25;Нет;1000 шт;Крепеж;Приварной крепёж;Крепеж для конденсаторной сварки CD
;21-03-030 Шпилька нерезьбовая стальная омедненая CD 3 x 30;da20250c-9bb2-4f08-8079-356498cb3776;21-03-030;shpilka_nerezbovaya_omedn_stal.png;;shpilka_nerezbovaya_omedn_stal.png;;Нерезьбовая шпилька;Конденсаторная сварка крепежа CD;Омедненная сталь;нет;;3;30;Нет;1000 шт;Крепеж;Приварной крепёж;Крепеж для конденсаторной сварки CD
;21-03-045 Шпилька нерезьбовая стальная омедненая CD 3 x 45;c4ca50a1-11c1-11ea-801d-001e6754e0a5;21-03-045;shpilka_nerezbovaya_omedn_stal.png;;shpilka_nerezbovaya_omedn_stal.png;;Нерезьбовая шпилька;Конденсаторная сварка крепежа CD;Омедненная сталь;нет;;3;45;Нет;1000 шт;Крепеж;Приварной крепёж;Крепеж для конденсаторной сварки CD
;21-03-006 Шпилька нерезьбовая стальная омедненая CD 3 x 6;1b8f3408-f2ce-4c29-bd53-3cc0b7c6be9c;21-03-006;shpilka_nerezbovaya_omedn_stal.png;;shpilka_nerezbovaya_omedn_stal.png;;Нерезьбовая шпилька;Конденсаторная сварка крепежа CD;Омедненная сталь;нет;;3;6;Нет;1000 шт;Крепеж;Приварной крепёж;Крепеж для конденсаторной сварки CD
;21-03-008 Шпилька нерезьбовая стальная омедненая CD 3 x 8;5e20d75a-f3db-4a77-b93b-647d2c9005ed;21-03-008;shpilka_nerezbovaya_omedn_stal.png;;shpilka_nerezbovaya_omedn_stal.png;;Нерезьбовая шпилька;Конденсаторная сварка крепежа CD;Омедненная сталь;нет;;3;8;Нет;1000 шт;Крепеж;Приварной крепёж;Крепеж для конденсаторной сварки CD
;21-04-010 Шпилька нерезьбовая стальная омедненая CD 4 x 10;9b8d6a2e-b83b-4752-9e0d-2e08236efc18;21-04-010;shpilka_nerezbovaya_omedn_stal.png;;shpilka_nerezbovaya_omedn_stal.png;;Нерезьбовая шпилька;Конденсаторная сварка крепежа CD;Омедненная сталь;нет;;4;10;Нет;1000 шт;Крепеж;Приварной крепёж;Крепеж для конденсаторной сварки CD
;21-04-012 Шпилька нерезьбовая стальная омедненая CD 4 x 12;6528fb7c-4871-40b4-8548-475b4a5f1563;21-04-012;shpilka_nerezbovaya_omedn_stal.png;;shpilka_nerezbovaya_omedn_stal.png;;Нерезьбовая шпилька;Конденсаторная сварка крепежа CD;Омедненная сталь;нет;;4;12;Нет;1000 шт;Крепеж;Приварной крепёж;Крепеж для конденсаторной сварки CD
;21-04-015 Шпилька нерезьбовая стальная омедненая CD 4 x 15;95f0483d-a64e-4449-b0f8-181122a34126;21-04-015;shpilka_nerezbovaya_omedn_stal.png;;shpilka_nerezbovaya_omedn_stal.png;;Нерезьбовая шпилька;Конденсаторная сварка крепежа CD;Омедненная сталь;нет;;4;15;Нет;1000 шт;Крепеж;Приварной крепёж;Крепеж для конденсаторной сварки CD
;21-04-016 Шпилька нерезьбовая стальная омедненая CD 4 x 16;bfd9dc00-1e20-43a9-b04b-b1ccc6b9ee3f;21-04-016;shpilka_nerezbovaya_omedn_stal.png;;shpilka_nerezbovaya_omedn_stal.png;;Нерезьбовая шпилька;Конденсаторная сварка крепежа CD;Омедненная сталь;нет;;4;16;Нет;1000 шт;Крепеж;Приварной крепёж;Крепеж для конденсаторной сварки CD
;21-04-020 Шпилька нерезьбовая стальная омедненая CD 4 x 20;25cd46fb-2c13-42c8-9b55-b0d3f8717c1c;21-04-020;shpilka_nerezbovaya_omedn_stal.png;;shpilka_nerezbovaya_omedn_stal.png;;Нерезьбовая шпилька;Конденсаторная сварка крепежа CD;Омедненная сталь;нет;;4;20;Нет;1000 шт;Крепеж;Приварной крепёж;Крепеж для конденсаторной сварки CD
;21-04-025 Шпилька нерезьбовая стальная омедненая CD 4 x 25;1f005bfd-e783-40a0-bb74-6a680ad6b2b9;21-04-025;shpilka_nerezbovaya_omedn_stal.png;;shpilka_nerezbovaya_omedn_stal.png;;Нерезьбовая шпилька;Конденсаторная сварка крепежа CD;Омедненная сталь;нет;;4;25;Нет;1000 шт;Крепеж;Приварной крепёж;Крепеж для конденсаторной сварки CD
;21-04-030 Шпилька нерезьбовая стальная омедненая CD 4 x 30;8d6556aa-27ba-4275-8834-1f37579a20c6;21-04-030;shpilka_nerezbovaya_omedn_stal.png;;shpilka_nerezbovaya_omedn_stal.png;;Нерезьбовая шпилька;Конденсаторная сварка крепежа CD;Омедненная сталь;нет;;4;30;Нет;1000 шт;Крепеж;Приварной крепёж;Крепеж для конденсаторной сварки CD
;21-04-035 Шпилька нерезьбовая стальная омедненая CD 4 x 35;14ca30f9-43f8-4f34-8e84-70b1ea3c5948;21-04-035;shpilka_nerezbovaya_omedn_stal.png;;shpilka_nerezbovaya_omedn_stal.png;;Нерезьбовая шпилька;Конденсаторная сварка крепежа CD;Омедненная сталь;нет;;4;35;Нет;1000 шт;Крепеж;Приварной крепёж;Крепеж для конденсаторной сварки CD
;21-04-040 Шпилька нерезьбовая стальная омедненая CD 4 x 40;c0fa66b9-725e-4532-84ef-8e20d59dd1c6;21-04-040;shpilka_nerezbovaya_omedn_stal.png;;shpilka_nerezbovaya_omedn_stal.png;;Нерезьбовая шпилька;Конденсаторная сварка крепежа CD;Омедненная сталь;нет;;4;40;Нет;1000 шт;Крепеж;Приварной крепёж;Крепеж для конденсаторной сварки CD
;21-04-006 Шпилька нерезьбовая стальная омедненая CD 4 x 6;eb33d5d5-e2a4-4067-91da-909a68746879;21-04-006;shpilka_nerezbovaya_omedn_stal.png;;shpilka_nerezbovaya_omedn_stal.png;;Нерезьбовая шпилька;Конденсаторная сварка крепежа CD;Омедненная сталь;нет;;4;6;Нет;1000 шт;Крепеж;Приварной крепёж;Крепеж для конденсаторной сварки CD
;21-04-008 Шпилька нерезьбовая стальная омедненая CD 4 x 8;36e57015-b073-4da6-a06d-c2f7a10fe3a9;21-04-008;shpilka_nerezbovaya_omedn_stal.png;;shpilka_nerezbovaya_omedn_stal.png;;Нерезьбовая шпилька;Конденсаторная сварка крепежа CD;Омедненная сталь;нет;;4;8;Нет;1000 шт;Крепеж;Приварной крепёж;Крепеж для конденсаторной сварки CD
;21-05-010 Шпилька нерезьбовая стальная омедненая CD 5 x 10;ff5d3a19-0b82-4a34-ab6c-da6781bb6603;21-05-010;shpilka_nerezbovaya_omedn_stal.png;;shpilka_nerezbovaya_omedn_stal.png;;Нерезьбовая шпилька;Конденсаторная сварка крепежа CD;Омедненная сталь;нет;;5;10;Нет;1000 шт;Крепеж;Приварной крепёж;Крепеж для конденсаторной сварки CD
;21-05-012 Шпилька нерезьбовая стальная омедненая CD 5 x 12;1aa4b746-db82-401e-a1d5-b51e87cc0e7a;21-05-012;shpilka_nerezbovaya_omedn_stal.png;;shpilka_nerezbovaya_omedn_stal.png;;Нерезьбовая шпилька;Конденсаторная сварка крепежа CD;Омедненная сталь;нет;;5;12;Нет;1000 шт;Крепеж;Приварной крепёж;Крепеж для конденсаторной сварки CD
;21-05-015 Шпилька нерезьбовая стальная омедненая CD 5 x 15;6f157cda-7f21-4c17-97e8-098b0f100a1b;21-05-015;shpilka_nerezbovaya_omedn_stal.png;;shpilka_nerezbovaya_omedn_stal.png;;Нерезьбовая шпилька;Конденсаторная сварка крепежа CD;Омедненная сталь;нет;;5;15;Нет;1000 шт;Крепеж;Приварной крепёж;Крепеж для конденсаторной сварки CD
;21-05-016 Шпилька нерезьбовая стальная омедненая CD 5 x 16;6d2530cb-7fef-4e46-9754-063ecfe5aee9;21-05-016;shpilka_nerezbovaya_omedn_stal.png;;shpilka_nerezbovaya_omedn_stal.png;;Нерезьбовая шпилька;Конденсаторная сварка крепежа CD;Омедненная сталь;нет;;5;16;Нет;1000 шт;Крепеж;Приварной крепёж;Крепеж для конденсаторной сварки CD
;21-05-020 Шпилька нерезьбовая стальная омедненая CD 5 x 20;54b6be9e-24ca-486c-8fac-0d5b747d57b9;21-05-020;shpilka_nerezbovaya_omedn_stal.png;;shpilka_nerezbovaya_omedn_stal.png;;Нерезьбовая шпилька;Конденсаторная сварка крепежа CD;Омедненная сталь;нет;;5;20;Нет;1000 шт;Крепеж;Приварной крепёж;Крепеж для конденсаторной сварки CD
;21-05-025 Шпилька нерезьбовая стальная омедненая CD 5 x 25;5109d2ec-555f-421c-9a83-4af0d5018ace;21-05-025;shpilka_nerezbovaya_omedn_stal.png;;shpilka_nerezbovaya_omedn_stal.png;;Нерезьбовая шпилька;Конденсаторная сварка крепежа CD;Омедненная сталь;нет;;5;25;Нет;1000 шт;Крепеж;Приварной крепёж;Крепеж для конденсаторной сварки CD
;21-05-030 Шпилька нерезьбовая стальная омедненая CD 5 x 30;42650813-5cfd-450e-b091-36c0a4335c44;21-05-030;shpilka_nerezbovaya_omedn_stal.png;;shpilka_nerezbovaya_omedn_stal.png;;Нерезьбовая шпилька;Конденсаторная сварка крепежа CD;Омедненная сталь;нет;;5;30;Нет;1000 шт;Крепеж;Приварной крепёж;Крепеж для конденсаторной сварки CD
;21-05-035 Шпилька нерезьбовая стальная омедненая CD 5 x 35;b9ba9ee4-1217-457e-a93c-e9baf5ccb42a;21-05-035;shpilka_nerezbovaya_omedn_stal.png;;shpilka_nerezbovaya_omedn_stal.png;;Нерезьбовая шпилька;Конденсаторная сварка крепежа CD;Омедненная сталь;нет;;5;35;Нет;1000 шт;Крепеж;Приварной крепёж;Крепеж для конденсаторной сварки CD
;21-05-040 Шпилька нерезьбовая стальная омедненая CD 5 x 40;639f833e-ec05-4319-9bc3-97f758d5e731;21-05-040;shpilka_nerezbovaya_omedn_stal.png;;shpilka_nerezbovaya_omedn_stal.png;;Нерезьбовая шпилька;Конденсаторная сварка крепежа CD;Омедненная сталь;нет;;5;40;Нет;1000 шт;Крепеж;Приварной крепёж;Крепеж для конденсаторной сварки CD
;21-05-006 Шпилька нерезьбовая стальная омедненая CD 5 x 6;453764a7-c177-4d8c-ac37-9835abc73dda;21-05-006;shpilka_nerezbovaya_omedn_stal.png;;shpilka_nerezbovaya_omedn_stal.png;;Нерезьбовая шпилька;Конденсаторная сварка крепежа CD;Омедненная сталь;нет;;5;6;Нет;1000 шт;Крепеж;Приварной крепёж;Крепеж для конденсаторной сварки CD
;21-05-008 Шпилька нерезьбовая стальная омедненая CD 5 x 8;784afffb-d6b8-4299-998e-9c753a25b1d3;21-05-008;shpilka_nerezbovaya_omedn_stal.png;;shpilka_nerezbovaya_omedn_stal.png;;Нерезьбовая шпилька;Конденсаторная сварка крепежа CD;Омедненная сталь;нет;;5;8;Нет;1000 шт;Крепеж;Приварной крепёж;Крепеж для конденсаторной сварки CD
;21-06-010 Шпилька нерезьбовая стальная омедненая CD 6 x 10;ba4bee06-aba2-4f92-b381-01c167fd5c71;21-06-010;shpilka_nerezbovaya_omedn_stal.png;;shpilka_nerezbovaya_omedn_stal.png;;Нерезьбовая шпилька;Конденсаторная сварка крепежа CD;Омедненная сталь;нет;;6;10;Нет;1000 шт;Крепеж;Приварной крепёж;Крепеж для конденсаторной сварки CD
;21-06-012 Шпилька нерезьбовая стальная омедненая CD 6 x 12;2054b2db-19d0-4d00-9018-44d322167cb3;21-06-012;shpilka_nerezbovaya_omedn_stal.png;;shpilka_nerezbovaya_omedn_stal.png;;Нерезьбовая шпилька;Конденсаторная сварка крепежа CD;Омедненная сталь;нет;;6;12;Нет;1000 шт;Крепеж;Приварной крепёж;Крепеж для конденсаторной сварки CD
;21-06-015 Шпилька нерезьбовая стальная омедненая CD 6 x 15;64fbfc78-140c-4f11-8def-6be697adbd17;21-06-015;shpilka_nerezbovaya_omedn_stal.png;;shpilka_nerezbovaya_omedn_stal.png;;Нерезьбовая шпилька;Конденсаторная сварка крепежа CD;Омедненная сталь;нет;;6;15;Нет;1000 шт;Крепеж;Приварной крепёж;Крепеж для конденсаторной сварки CD
;21-06-016 Шпилька нерезьбовая стальная омедненая CD 6 x 16;05096358-bf69-457b-97e6-1f0dffd1bb4d;21-06-016;shpilka_nerezbovaya_omedn_stal.png;;shpilka_nerezbovaya_omedn_stal.png;;Нерезьбовая шпилька;Конденсаторная сварка крепежа CD;Омедненная сталь;нет;;6;16;Нет;1000 шт;Крепеж;Приварной крепёж;Крепеж для конденсаторной сварки CD
;21-06-020 Шпилька нерезьбовая стальная омедненая CD 6 x 20;b91338dc-43f5-449d-b747-5f0b8c17bf87;21-06-020;shpilka_nerezbovaya_omedn_stal.png;;shpilka_nerezbovaya_omedn_stal.png;;Нерезьбовая шпилька;Конденсаторная сварка крепежа CD;Омедненная сталь;нет;;6;20;Нет;1000 шт;Крепеж;Приварной крепёж;Крепеж для конденсаторной сварки CD
;21-06-025 Шпилька нерезьбовая стальная омедненая CD 6 x 25;89952af2-8def-4f63-83aa-fbdaf3853584;21-06-025;shpilka_nerezbovaya_omedn_stal.png;;shpilka_nerezbovaya_omedn_stal.png;;Нерезьбовая шпилька;Конденсаторная сварка крепежа CD;Омедненная сталь;нет;;6;25;Нет;1000 шт;Крепеж;Приварной крепёж;Крепеж для конденсаторной сварки CD
;21-06-030 Шпилька нерезьбовая стальная омедненая CD 6 x 30;0eb1056e-c14a-462c-b24f-10cc2a9cf6e4;21-06-030;shpilka_nerezbovaya_omedn_stal.png;;shpilka_nerezbovaya_omedn_stal.png;;Нерезьбовая шпилька;Конденсаторная сварка крепежа CD;Омедненная сталь;нет;;6;30;Нет;1000 шт;Крепеж;Приварной крепёж;Крепеж для конденсаторной сварки CD
;21-06-035 Шпилька нерезьбовая стальная омедненая CD 6 x 35;de4d647d-ddf1-4356-adb0-36a783e9515b;21-06-035;shpilka_nerezbovaya_omedn_stal.png;;shpilka_nerezbovaya_omedn_stal.png;;Нерезьбовая шпилька;Конденсаторная сварка крепежа CD;Омедненная сталь;нет;;6;35;Нет;1000 шт;Крепеж;Приварной крепёж;Крепеж для конденсаторной сварки CD
;21-06-040 Шпилька нерезьбовая стальная омедненая CD 6 x 40;d7f5e25d-6094-4cf2-9319-25d1728c46dc;21-06-040;shpilka_nerezbovaya_omedn_stal.png;;shpilka_nerezbovaya_omedn_stal.png;;Нерезьбовая шпилька;Конденсаторная сварка крепежа CD;Омедненная сталь;нет;;6;40;Нет;1000 шт;Крепеж;Приварной крепёж;Крепеж для конденсаторной сварки CD
;21-06-045 Шпилька нерезьбовая стальная омедненая CD 6 x 45;ba5ab029-7af4-4acd-a99b-17c77ae3ceb3;21-06-045;shpilka_nerezbovaya_omedn_stal.png;;shpilka_nerezbovaya_omedn_stal.png;;Нерезьбовая шпилька;Конденсаторная сварка крепежа CD;Омедненная сталь;нет;;6;45;Нет;1000 шт;Крепеж;Приварной крепёж;Крепеж для конденсаторной сварки CD
;21-06-050 Шпилька нерезьбовая стальная омедненая CD 6 x 50;8fadaabb-bd80-4d4b-a719-ac1c37cf447c;21-06-050;shpilka_nerezbovaya_omedn_stal.png;;shpilka_nerezbovaya_omedn_stal.png;;Нерезьбовая шпилька;Конденсаторная сварка крепежа CD;Омедненная сталь;нет;;6;50;Нет;1000 шт;Крепеж;Приварной крепёж;Крепеж для конденсаторной сварки CD
;21-06-008 Шпилька нерезьбовая стальная омедненая CD 6 x 8;61bbfe48-a183-4c75-9645-c796486db068;21-06-008;shpilka_nerezbovaya_omedn_stal.png;;shpilka_nerezbovaya_omedn_stal.png;;Нерезьбовая шпилька;Конденсаторная сварка крепежа CD;Омедненная сталь;нет;;6;8;Нет;1000 шт;Крепеж;Приварной крепёж;Крепеж для конденсаторной сварки CD
;21-07-010 Шпилька нерезьбовая стальная омедненая CD 7,1 x 10;991475ca-3257-43d5-8daf-6de7f12eecf6;21-07-010;shpilka_nerezbovaya_omedn_stal.png;;shpilka_nerezbovaya_omedn_stal.png;;Нерезьбовая шпилька;Конденсаторная сварка крепежа CD;Омедненная сталь;нет;;7;10;Нет;1000 шт;Крепеж;Приварной крепёж;Крепеж для конденсаторной сварки CD
;21-07-012 Шпилька нерезьбовая стальная омедненая CD 7,1 x 12;eb2dcc6d-66bc-4c45-927c-0cfe6b7781a2;21-07-012;shpilka_nerezbovaya_omedn_stal.png;;shpilka_nerezbovaya_omedn_stal.png;;Нерезьбовая шпилька;Конденсаторная сварка крепежа CD;Омедненная сталь;нет;;7;12;Нет;1000 шт;Крепеж;Приварной крепёж;Крепеж для конденсаторной сварки CD
;21-07-015 Шпилька нерезьбовая стальная омедненая CD 7,1 x 15;d9a39c4a-f1c3-40e6-92c0-b46184a4f775;21-07-015 / 320305015;shpilka_nerezbovaya_omedn_stal.png;;shpilka_nerezbovaya_omedn_stal.png;;Нерезьбовая шпилька;Конденсаторная сварка крепежа CD;Омедненная сталь;нет;;7;15;Нет;1000 шт;Крепеж;Приварной крепёж;Крепеж для конденсаторной сварки CD
;21-07-016 Шпилька нерезьбовая стальная омедненая CD 7,1 x 16;8a28b9f6-7df0-48e6-885d-c3df8f65ea2f;21-07-016;shpilka_nerezbovaya_omedn_stal.png;;shpilka_nerezbovaya_omedn_stal.png;;Нерезьбовая шпилька;Конденсаторная сварка крепежа CD;Омедненная сталь;нет;;7;16;Нет;1000 шт;Крепеж;Приварной крепёж;Крепеж для конденсаторной сварки CD
;21-07-020 Шпилька нерезьбовая стальная омедненая CD 7,1 x 20;6dcdb673-2f3a-4460-8e20-41a93d205886;21-07-020;shpilka_nerezbovaya_omedn_stal.png;;shpilka_nerezbovaya_omedn_stal.png;;Нерезьбовая шпилька;Конденсаторная сварка крепежа CD;Омедненная сталь;нет;;7;20;Нет;1000 шт;Крепеж;Приварной крепёж;Крепеж для конденсаторной сварки CD
;21-07-025 Шпилька нерезьбовая стальная омедненая CD 7,1 x 25;62697603-84e5-4363-8d1f-e877cd606e37;21-07-025;shpilka_nerezbovaya_omedn_stal.png;;shpilka_nerezbovaya_omedn_stal.png;;Нерезьбовая шпилька;Конденсаторная сварка крепежа CD;Омедненная сталь;нет;;7;25;Нет;1000 шт;Крепеж;Приварной крепёж;Крепеж для конденсаторной сварки CD
;21-07-030 Шпилька нерезьбовая стальная омедненая CD 7,1 x 30;d04e7c82-0ec4-49b4-8c0a-90a9aa7cc78d;21-07-030;shpilka_nerezbovaya_omedn_stal.png;;shpilka_nerezbovaya_omedn_stal.png;;Нерезьбовая шпилька;Конденсаторная сварка крепежа CD;Омедненная сталь;нет;;7;30;Нет;1000 шт;Крепеж;Приварной крепёж;Крепеж для конденсаторной сварки CD
;21-07-035 Шпилька нерезьбовая стальная омедненая CD 7,1 x 35;62b90fbd-1a0c-40bb-8966-c3a6ba7e9f2d;21-07-035;shpilka_nerezbovaya_omedn_stal.png;;shpilka_nerezbovaya_omedn_stal.png;;Нерезьбовая шпилька;Конденсаторная сварка крепежа CD;Омедненная сталь;нет;;7;35;Нет;1000 шт;Крепеж;Приварной крепёж;Крепеж для конденсаторной сварки CD
;21-07-040 Шпилька нерезьбовая стальная омедненая CD 7,1 x 40;e1769ae9-46f6-4fbc-96d4-cd5fdeb51869;21-07-040;shpilka_nerezbovaya_omedn_stal.png;;shpilka_nerezbovaya_omedn_stal.png;;Нерезьбовая шпилька;Конденсаторная сварка крепежа CD;Омедненная сталь;нет;;7;40;Нет;1000 шт;Крепеж;Приварной крепёж;Крепеж для конденсаторной сварки CD
;21-07-045 Шпилька нерезьбовая стальная омедненая CD 7,1 x 45;6db128d3-3c2c-4958-bda7-f40e86506bf8;21-07-045;shpilka_nerezbovaya_omedn_stal.png;;shpilka_nerezbovaya_omedn_stal.png;;Нерезьбовая шпилька;Конденсаторная сварка крепежа CD;Омедненная сталь;нет;;7;45;Нет;1000 шт;Крепеж;Приварной крепёж;Крепеж для конденсаторной сварки CD
;21-07-050 Шпилька нерезьбовая стальная омедненая CD 7,1 x 50;8b20f140-ddc7-47ba-8238-159b41372387;21-07-050;shpilka_nerezbovaya_omedn_stal.png;;shpilka_nerezbovaya_omedn_stal.png;;Нерезьбовая шпилька;Конденсаторная сварка крепежа CD;Омедненная сталь;нет;;7;50;Нет;1000 шт;Крепеж;Приварной крепёж;Крепеж для конденсаторной сварки CD
;21-08-020 Шпилька нерезьбовая стальная омедненая CD 8 x 20;d0e03c76-1d99-11e2-a6db-000423dd84e7;21-08-020;shpilka_nerezbovaya_omedn_stal.png;;shpilka_nerezbovaya_omedn_stal.png;;Нерезьбовая шпилька;Конденсаторная сварка крепежа CD;Омедненная сталь;нет;;8;20;Нет;1000 шт;Крепеж;Приварной крепёж;Крепеж для конденсаторной сварки CD
;14-03-010 Шпилька резьбовая алюминий CD M 3 x 10;53e5dd03-59a7-427f-8de2-8c29c6231401;14-03-010 / 310003010;shpilka_rezbovaya_aluminevaya.png;;shpilka_rezbovaya_aluminevaya.png;;Резьбовая шпилька;Конденсаторная сварка крепежа CD;Алюминий;3;;3;10;Да;1000 шт;Крепеж;Приварной крепёж;Крепеж для конденсаторной сварки CD
;14-03-012 Шпилька резьбовая алюминий CD M 3 x 12;f346b62e-7b44-4829-87d9-e8fcb21c96cc;14-03-012;shpilka_rezbovaya_aluminevaya.png;;shpilka_rezbovaya_aluminevaya.png;;Резьбовая шпилька;Конденсаторная сварка крепежа CD;Алюминий;3;;3;12;Да;1000 шт;Крепеж;Приварной крепёж;Крепеж для конденсаторной сварки CD
;14-03-015 Шпилька резьбовая алюминий CD M 3 x 15;b1753588-b892-44b6-a716-bb3d4105fcf9;14-03-015 / 310003015;shpilka_rezbovaya_aluminevaya.png;;shpilka_rezbovaya_aluminevaya.png;;Резьбовая шпилька;Конденсаторная сварка крепежа CD;Алюминий;3;;3;15;Да;1000 шт;Крепеж;Приварной крепёж;Крепеж для конденсаторной сварки CD
;14-03-016 Шпилька резьбовая алюминий CD M 3 x 16;ff6b50cb-14ba-4f42-a3dd-6a3e96ba0946;14-03-016;shpilka_rezbovaya_aluminevaya.png;;shpilka_rezbovaya_aluminevaya.png;;Резьбовая шпилька;Конденсаторная сварка крепежа CD;Алюминий;3;;3;16;Да;1000 шт;Крепеж;Приварной крепёж;Крепеж для конденсаторной сварки CD
;14-03-020 Шпилька резьбовая алюминий CD M 3 x 20;d218e26a-0f89-463f-babc-159c124af29e;14-03-020;shpilka_rezbovaya_aluminevaya.png;;shpilka_rezbovaya_aluminevaya.png;;Резьбовая шпилька;Конденсаторная сварка крепежа CD;Алюминий;3;;3;20;Да;1000 шт;Крепеж;Приварной крепёж;Крепеж для конденсаторной сварки CD
;14-03-025 Шпилька резьбовая алюминий CD M 3 x 25;f106a1ed-078a-4d8b-a169-d37c85901bdf;14-03-025;shpilka_rezbovaya_aluminevaya.png;;shpilka_rezbovaya_aluminevaya.png;;Резьбовая шпилька;Конденсаторная сварка крепежа CD;Алюминий;3;;3;25;Да;1000 шт;Крепеж;Приварной крепёж;Крепеж для конденсаторной сварки CD
;14-03-030 Шпилька резьбовая алюминий CD M 3 x 30;807b2e8e-cd37-4651-8dbf-3ca8475eaeec;14-03-030;shpilka_rezbovaya_aluminevaya.png;;shpilka_rezbovaya_aluminevaya.png;;Резьбовая шпилька;Конденсаторная сварка крепежа CD;Алюминий;3;;3;30;Да;1000 шт;Крепеж;Приварной крепёж;Крепеж для конденсаторной сварки CD
;14-03-035 Шпилька резьбовая алюминий CD M 3 x 35;e79ad9ae-0533-11e5-a12f-001e6754e0a4;14-03-035;shpilka_rezbovaya_aluminevaya.png;;shpilka_rezbovaya_aluminevaya.png;;Резьбовая шпилька;Конденсаторная сварка крепежа CD;Алюминий;3;;3;35;Да;1000 шт;Крепеж;Приварной крепёж;Крепеж для конденсаторной сварки CD
;14-03-006 Шпилька резьбовая алюминий CD M 3 x 6;a7fb5ee2-a25a-4055-9336-a57790cad991;14-03-006;shpilka_rezbovaya_aluminevaya.png;;shpilka_rezbovaya_aluminevaya.png;;Резьбовая шпилька;Конденсаторная сварка крепежа CD;Алюминий;3;;3;6;Да;1000 шт;Крепеж;Приварной крепёж;Крепеж для конденсаторной сварки CD
;14-03-008 Шпилька резьбовая алюминий CD M 3 x 8;2227380c-55db-4942-a9a0-6889094ad603;14-03-008;shpilka_rezbovaya_aluminevaya.png;;shpilka_rezbovaya_aluminevaya.png;;Резьбовая шпилька;Конденсаторная сварка крепежа CD;Алюминий;3;;3;8;Да;1000 шт;Крепеж;Приварной крепёж;Крепеж для конденсаторной сварки CD
;14-04-010 Шпилька резьбовая алюминий CD M 4 x 10;02195767-07a9-418c-8861-14776cf4ba7f;14-04-010;shpilka_rezbovaya_aluminevaya.png;;shpilka_rezbovaya_aluminevaya.png;;Резьбовая шпилька;Конденсаторная сварка крепежа CD;Алюминий;4;;4;10;Да;1000 шт;Крепеж;Приварной крепёж;Крепеж для конденсаторной сварки CD
;14-04-012 Шпилька резьбовая алюминий CD M 4 x 12;99e634ad-3f93-45a1-be25-a09d75285d18;14-04-012 / 310004012;shpilka_rezbovaya_aluminevaya.png;;shpilka_rezbovaya_aluminevaya.png;;Резьбовая шпилька;Конденсаторная сварка крепежа CD;Алюминий;4;;4;12;Да;1000 шт;Крепеж;Приварной крепёж;Крепеж для конденсаторной сварки CD
;14-04-015 Шпилька резьбовая алюминий CD M 4 x 15;4128513b-d8b2-46b0-a1a6-5fd67905f7b4;14-04-015 / 310004015;shpilka_rezbovaya_aluminevaya.png;;shpilka_rezbovaya_aluminevaya.png;;Резьбовая шпилька;Конденсаторная сварка крепежа CD;Алюминий;4;;4;15;Да;1000 шт;Крепеж;Приварной крепёж;Крепеж для конденсаторной сварки CD
;14-04-016 Шпилька резьбовая алюминий CD M 4 x 16;c402786d-9bf1-4e98-b969-a0e18a7fca3c;14-04-016;shpilka_rezbovaya_aluminevaya.png;;shpilka_rezbovaya_aluminevaya.png;;Резьбовая шпилька;Конденсаторная сварка крепежа CD;Алюминий;4;;4;16;Да;1000 шт;Крепеж;Приварной крепёж;Крепеж для конденсаторной сварки CD
;14-04-020 Шпилька резьбовая алюминий CD M 4 x 20;606ae20b-f40e-4803-b456-deeabf153f8c;14-04-020 / 310004020;shpilka_rezbovaya_aluminevaya.png;;shpilka_rezbovaya_aluminevaya.png;;Резьбовая шпилька;Конденсаторная сварка крепежа CD;Алюминий;4;;4;20;Да;1000 шт;Крепеж;Приварной крепёж;Крепеж для конденсаторной сварки CD
;14-04-025 Шпилька резьбовая алюминий CD M 4 x 25;9ff92682-e77b-4360-9ca4-6e3eca1fa712;14-04-025;shpilka_rezbovaya_aluminevaya.png;;shpilka_rezbovaya_aluminevaya.png;;Резьбовая шпилька;Конденсаторная сварка крепежа CD;Алюминий;4;;4;25;Да;1000 шт;Крепеж;Приварной крепёж;Крепеж для конденсаторной сварки CD
;14-04-030 Шпилька резьбовая алюминий CD M 4 x 30;e44944ca-10b3-4e64-a457-57ea1cd9eb48;14-04-030;shpilka_rezbovaya_aluminevaya.png;;shpilka_rezbovaya_aluminevaya.png;;Резьбовая шпилька;Конденсаторная сварка крепежа CD;Алюминий;4;;4;30;Да;1000 шт;Крепеж;Приварной крепёж;Крепеж для конденсаторной сварки CD
;14-04-035 Шпилька резьбовая алюминий CD M 4 x 35;f90d5bf6-b358-4c49-aa6e-34dbcda1e50b;14-04-035 / 310004035;shpilka_rezbovaya_aluminevaya.png;;shpilka_rezbovaya_aluminevaya.png;;Резьбовая шпилька;Конденсаторная сварка крепежа CD;Алюминий;4;;4;35;Да;1000 шт;Крепеж;Приварной крепёж;Крепеж для конденсаторной сварки CD
;14-04-040 Шпилька резьбовая алюминий CD M 4 x 40;a3e07285-9525-416d-8c39-a729d2512e70;14-04-040;shpilka_rezbovaya_aluminevaya.png;;shpilka_rezbovaya_aluminevaya.png;;Резьбовая шпилька;Конденсаторная сварка крепежа CD;Алюминий;4;;4;40;Да;1000 шт;Крепеж;Приварной крепёж;Крепеж для конденсаторной сварки CD
;14-04-006 Шпилька резьбовая алюминий CD M 4 x 6;84d4d073-e358-4759-96f1-deb4a671e45f;14-04-006;shpilka_rezbovaya_aluminevaya.png;;shpilka_rezbovaya_aluminevaya.png;;Резьбовая шпилька;Конденсаторная сварка крепежа CD;Алюминий;4;;4;6;Да;1000 шт;Крепеж;Приварной крепёж;Крепеж для конденсаторной сварки CD
;14-04-008 Шпилька резьбовая алюминий CD M 4 x 8;7946d91c-6c55-426b-8c65-b36b9b8a394d;14-04-008;shpilka_rezbovaya_aluminevaya.png;;shpilka_rezbovaya_aluminevaya.png;;Резьбовая шпилька;Конденсаторная сварка крепежа CD;Алюминий;4;;4;8;Да;1000 шт;Крепеж;Приварной крепёж;Крепеж для конденсаторной сварки CD
;14-05-010 Шпилька резьбовая алюминий CD M 5 x 10;99720a62-41cd-4f73-aa71-aeca2bcb5df1;14-05-010;shpilka_rezbovaya_aluminevaya.png;;shpilka_rezbovaya_aluminevaya.png;;Резьбовая шпилька;Конденсаторная сварка крепежа CD;Алюминий;5;;5;10;Да;1000 шт;Крепеж;Приварной крепёж;Крепеж для конденсаторной сварки CD
;14-05-012 Шпилька резьбовая алюминий CD M 5 x 12;7070b046-0c3f-479f-805f-e4567169f725;14-05-012;shpilka_rezbovaya_aluminevaya.png;;shpilka_rezbovaya_aluminevaya.png;;Резьбовая шпилька;Конденсаторная сварка крепежа CD;Алюминий;5;;5;12;Да;1000 шт;Крепеж;Приварной крепёж;Крепеж для конденсаторной сварки CD
;14-05-015 Шпилька резьбовая алюминий CD M 5 x 15;64ab360b-2f1e-4809-bb66-c71c15a8b92a;14-05-015;shpilka_rezbovaya_aluminevaya.png;;shpilka_rezbovaya_aluminevaya.png;;Резьбовая шпилька;Конденсаторная сварка крепежа CD;Алюминий;5;;5;15;Да;1000 шт;Крепеж;Приварной крепёж;Крепеж для конденсаторной сварки CD
;14-05-016 Шпилька резьбовая алюминий CD M 5 x 16;3fc12c14-994f-4d13-9d36-d9c86b374e12;14-05-016 / 310005016;shpilka_rezbovaya_aluminevaya.png;;shpilka_rezbovaya_aluminevaya.png;;Резьбовая шпилька;Конденсаторная сварка крепежа CD;Алюминий;5;;5;16;Да;1000 шт;Крепеж;Приварной крепёж;Крепеж для конденсаторной сварки CD
;14-05-020 Шпилька резьбовая алюминий CD M 5 x 20;d1ed8a0f-0e9d-413d-a46b-307b74401a8c;14-05-020 / 310005020;shpilka_rezbovaya_aluminevaya.png;;shpilka_rezbovaya_aluminevaya.png;;Резьбовая шпилька;Конденсаторная сварка крепежа CD;Алюминий;5;;5;20;Да;1000 шт;Крепеж;Приварной крепёж;Крепеж для конденсаторной сварки CD
;14-05-025 Шпилька резьбовая алюминий CD M 5 x 25;bf59a7c6-787f-4e32-965e-f03a49a85547;14-05-025;shpilka_rezbovaya_aluminevaya.png;;shpilka_rezbovaya_aluminevaya.png;;Резьбовая шпилька;Конденсаторная сварка крепежа CD;Алюминий;5;;5;25;Да;1000 шт;Крепеж;Приварной крепёж;Крепеж для конденсаторной сварки CD
;14-05-030 Шпилька резьбовая алюминий CD M 5 x 30;45bcb07c-6545-419d-9261-ce0f9e66ba10;14-05-030;shpilka_rezbovaya_aluminevaya.png;;shpilka_rezbovaya_aluminevaya.png;;Резьбовая шпилька;Конденсаторная сварка крепежа CD;Алюминий;5;;5;30;Да;1000 шт;Крепеж;Приварной крепёж;Крепеж для конденсаторной сварки CD
;14-05-035 Шпилька резьбовая алюминий CD M 5 x 35;47505314-6013-4d1f-8a9e-0430a046c083;14-05-035;shpilka_rezbovaya_aluminevaya.png;;shpilka_rezbovaya_aluminevaya.png;;Резьбовая шпилька;Конденсаторная сварка крепежа CD;Алюминий;5;;5;35;Да;1000 шт;Крепеж;Приварной крепёж;Крепеж для конденсаторной сварки CD
;14-05-040 Шпилька резьбовая алюминий CD M 5 x 40;b2c8f96d-cd75-471f-9a22-b92f6856ee85;14-05-040;shpilka_rezbovaya_aluminevaya.png;;shpilka_rezbovaya_aluminevaya.png;;Резьбовая шпилька;Конденсаторная сварка крепежа CD;Алюминий;5;;5;40;Да;1000 шт;Крепеж;Приварной крепёж;Крепеж для конденсаторной сварки CD
;14-05-045 Шпилька резьбовая алюминий CD M 5 x 45;b04f08e2-9a15-41e9-ad64-316d4f10e1a9;14-05-045;shpilka_rezbovaya_aluminevaya.png;;shpilka_rezbovaya_aluminevaya.png;;Резьбовая шпилька;Конденсаторная сварка крепежа CD;Алюминий;5;;5;45;Да;1000 шт;Крепеж;Приварной крепёж;Крепеж для конденсаторной сварки CD
;14-05-008 Шпилька резьбовая алюминий CD M 5 x 8;d4b786e2-354a-42ad-8d3b-4d8cf59cb2a7;14-05-008 / 310005008;shpilka_rezbovaya_aluminevaya.png;;shpilka_rezbovaya_aluminevaya.png;;Резьбовая шпилька;Конденсаторная сварка крепежа CD;Алюминий;5;;5;8;Да;1000 шт;Крепеж;Приварной крепёж;Крепеж для конденсаторной сварки CD
;14-06-010 Шпилька резьбовая алюминий CD M 6 x 10;e2ee183e-cdb0-41b1-9751-01434ae5f128;14-06-010 / 310006010;shpilka_rezbovaya_aluminevaya.png;;shpilka_rezbovaya_aluminevaya.png;;Резьбовая шпилька;Конденсаторная сварка крепежа CD;Алюминий;6;;6;10;Да;1000 шт;Крепеж;Приварной крепёж;Крепеж для конденсаторной сварки CD
;14-06-012 Шпилька резьбовая алюминий CD M 6 x 12;526ec95a-98b4-4b5b-8cc5-3bb4decf96e2;14-06-012;shpilka_rezbovaya_aluminevaya.png;;shpilka_rezbovaya_aluminevaya.png;;Резьбовая шпилька;Конденсаторная сварка крепежа CD;Алюминий;6;;6;12;Да;1000 шт;Крепеж;Приварной крепёж;Крепеж для конденсаторной сварки CD
;14-06-015 Шпилька резьбовая алюминий CD M 6 x 15;5001ba12-1cc7-4787-8e8c-cf52e59c7c56;14-06-015;shpilka_rezbovaya_aluminevaya.png;;shpilka_rezbovaya_aluminevaya.png;;Резьбовая шпилька;Конденсаторная сварка крепежа CD;Алюминий;6;;6;15;Да;1000 шт;Крепеж;Приварной крепёж;Крепеж для конденсаторной сварки CD
;14-06-016 Шпилька резьбовая алюминий CD M 6 x 16;01589a38-5a92-43c5-94f7-a8c930019538;14-06-016;shpilka_rezbovaya_aluminevaya.png;;shpilka_rezbovaya_aluminevaya.png;;Резьбовая шпилька;Конденсаторная сварка крепежа CD;Алюминий;6;;6;16;Да;1000 шт;Крепеж;Приварной крепёж;Крепеж для конденсаторной сварки CD
;14-06-020 Шпилька резьбовая алюминий CD M 6 x 20;036652fc-0154-4e41-b40e-7b9f825012b9;14-06-020;shpilka_rezbovaya_aluminevaya.png;;shpilka_rezbovaya_aluminevaya.png;;Резьбовая шпилька;Конденсаторная сварка крепежа CD;Алюминий;6;;6;20;Да;1000 шт;Крепеж;Приварной крепёж;Крепеж для конденсаторной сварки CD
;14-06-025 Шпилька резьбовая алюминий CD M 6 x 25;e320bb09-0756-455d-9dd1-8664e8c7d812;14-06-025 / 310006025;shpilka_rezbovaya_aluminevaya.png;;shpilka_rezbovaya_aluminevaya.png;;Резьбовая шпилька;Конденсаторная сварка крепежа CD;Алюминий;6;;6;25;Да;1000 шт;Крепеж;Приварной крепёж;Крепеж для конденсаторной сварки CD
;14-06-030 Шпилька резьбовая алюминий CD M 6 x 30;3de8149d-7cca-4ed1-a999-87f8331d90b7;14-06-030;shpilka_rezbovaya_aluminevaya.png;;shpilka_rezbovaya_aluminevaya.png;;Резьбовая шпилька;Конденсаторная сварка крепежа CD;Алюминий;6;;6;30;Да;1000 шт;Крепеж;Приварной крепёж;Крепеж для конденсаторной сварки CD
;14-06-035 Шпилька резьбовая алюминий CD M 6 x 35;a8e6409e-9091-4472-8984-74a21969f704;14-06-035;shpilka_rezbovaya_aluminevaya.png;;shpilka_rezbovaya_aluminevaya.png;;Резьбовая шпилька;Конденсаторная сварка крепежа CD;Алюминий;6;;6;35;Да;1000 шт;Крепеж;Приварной крепёж;Крепеж для конденсаторной сварки CD
;14-06-040 Шпилька резьбовая алюминий CD M 6 x 40;d7e5388d-a52f-4d47-9b6d-5726e6466650;14-06-040;shpilka_rezbovaya_aluminevaya.png;;shpilka_rezbovaya_aluminevaya.png;;Резьбовая шпилька;Конденсаторная сварка крепежа CD;Алюминий;6;;6;40;Да;1000 шт;Крепеж;Приварной крепёж;Крепеж для конденсаторной сварки CD
;14-06-045 Шпилька резьбовая алюминий CD M 6 x 45;d6ae4f7a-2d80-4fc4-89f9-e2cf8d30f70d;14-06-045;shpilka_rezbovaya_aluminevaya.png;;shpilka_rezbovaya_aluminevaya.png;;Резьбовая шпилька;Конденсаторная сварка крепежа CD;Алюминий;6;;6;45;Да;1000 шт;Крепеж;Приварной крепёж;Крепеж для конденсаторной сварки CD
;14-06-050 Шпилька резьбовая алюминий CD M 6 x 50;f218ff68-9579-4451-981f-cc65c194da27;14-06-050;shpilka_rezbovaya_aluminevaya.png;;shpilka_rezbovaya_aluminevaya.png;;Резьбовая шпилька;Конденсаторная сварка крепежа CD;Алюминий;6;;6;50;Да;1000 шт;Крепеж;Приварной крепёж;Крепеж для конденсаторной сварки CD
;14-06-055 Шпилька резьбовая алюминий CD M 6 x 55;8dd096a8-df7e-11e5-9b6d-001e6754e0a4;14-06-055;shpilka_rezbovaya_aluminevaya.png;;shpilka_rezbovaya_aluminevaya.png;;Резьбовая шпилька;Конденсаторная сварка крепежа CD;Алюминий;6;;6;55;Да;1000 шт;Крепеж;Приварной крепёж;Крепеж для конденсаторной сварки CD
;14-06-008 Шпилька резьбовая алюминий CD M 6 x 8;c509ca49-418c-4cca-b1e9-3712aa6a2b6f;14-06-008;shpilka_rezbovaya_aluminevaya.png;;shpilka_rezbovaya_aluminevaya.png;;Резьбовая шпилька;Конденсаторная сварка крепежа CD;Алюминий;6;;6;8;Да;1000 шт;Крепеж;Приварной крепёж;Крепеж для конденсаторной сварки CD
;14-08-010 Шпилька резьбовая алюминий CD M 8 x 10;e2201745-4b4d-44f0-98ef-df700a3c5706;14-08-010;shpilka_rezbovaya_aluminevaya.png;;shpilka_rezbovaya_aluminevaya.png;;Резьбовая шпилька;Конденсаторная сварка крепежа CD;Алюминий;8;;8;10;Да;1000 шт;Крепеж;Приварной крепёж;Крепеж для конденсаторной сварки CD
;14-08-012 Шпилька резьбовая алюминий CD M 8 x 12;f3cd05db-a866-4635-a46b-33e9ee901f17;14-08-012;shpilka_rezbovaya_aluminevaya.png;;shpilka_rezbovaya_aluminevaya.png;;Резьбовая шпилька;Конденсаторная сварка крепежа CD;Алюминий;8;;8;12;Да;1000 шт;Крепеж;Приварной крепёж;Крепеж для конденсаторной сварки CD
;14-08-015 Шпилька резьбовая алюминий CD M 8 x 15;866cc21c-97a0-42cc-9471-feef756b8589;14-08-015;shpilka_rezbovaya_aluminevaya.png;;shpilka_rezbovaya_aluminevaya.png;;Резьбовая шпилька;Конденсаторная сварка крепежа CD;Алюминий;8;;8;15;Да;1000 шт;Крепеж;Приварной крепёж;Крепеж для конденсаторной сварки CD
;14-08-016 Шпилька резьбовая алюминий CD M 8 x 16;f36e190c-bdda-4195-9e8d-74ac89d18e04;14-08-016 / 310008016;shpilka_rezbovaya_aluminevaya.png;;shpilka_rezbovaya_aluminevaya.png;;Резьбовая шпилька;Конденсаторная сварка крепежа CD;Алюминий;8;;8;16;Да;1000 шт;Крепеж;Приварной крепёж;Крепеж для конденсаторной сварки CD
;14-08-020 Шпилька резьбовая алюминий CD M 8 x 20;a926c3ee-89c3-4e4c-8c79-7c85b0455535;14-08-020;shpilka_rezbovaya_aluminevaya.png;;shpilka_rezbovaya_aluminevaya.png;;Резьбовая шпилька;Конденсаторная сварка крепежа CD;Алюминий;8;;8;20;Да;1000 шт;Крепеж;Приварной крепёж;Крепеж для конденсаторной сварки CD
;14-08-025 Шпилька резьбовая алюминий CD M 8 x 25;c701d941-f948-4121-ad98-f17252f188d0;14-08-025;shpilka_rezbovaya_aluminevaya.png;;shpilka_rezbovaya_aluminevaya.png;;Резьбовая шпилька;Конденсаторная сварка крепежа CD;Алюминий;8;;8;25;Да;1000 шт;Крепеж;Приварной крепёж;Крепеж для конденсаторной сварки CD
;14-08-030 Шпилька резьбовая алюминий CD M 8 x 30;f1eb9bb9-cb12-47f4-b47e-049b8068df25;14-08-030;shpilka_rezbovaya_aluminevaya.png;;shpilka_rezbovaya_aluminevaya.png;;Резьбовая шпилька;Конденсаторная сварка крепежа CD;Алюминий;8;;8;30;Да;1000 шт;Крепеж;Приварной крепёж;Крепеж для конденсаторной сварки CD
;14-08-035 Шпилька резьбовая алюминий CD M 8 x 35;366f309c-5b02-4897-8377-71e76595e985;14-08-035;shpilka_rezbovaya_aluminevaya.png;;shpilka_rezbovaya_aluminevaya.png;;Резьбовая шпилька;Конденсаторная сварка крепежа CD;Алюминий;8;;8;35;Да;1000 шт;Крепеж;Приварной крепёж;Крепеж для конденсаторной сварки CD
;14-08-040 Шпилька резьбовая алюминий CD M 8 x 40;5e5e95ed-7786-4d13-a185-3263d257592a;14-08-040;shpilka_rezbovaya_aluminevaya.png;;shpilka_rezbovaya_aluminevaya.png;;Резьбовая шпилька;Конденсаторная сварка крепежа CD;Алюминий;8;;8;40;Да;1000 шт;Крепеж;Приварной крепёж;Крепеж для конденсаторной сварки CD
;14-08-050 Шпилька резьбовая алюминий CD M 8 x 50;94c453b0-926a-11e5-8a9a-001e6754e0a4;14-08-050;shpilka_rezbovaya_aluminevaya.png;;shpilka_rezbovaya_aluminevaya.png;;Резьбовая шпилька;Конденсаторная сварка крепежа CD;Алюминий;8;;8;50;Да;1000 шт;Крепеж;Приварной крепёж;Крепеж для конденсаторной сварки CD
;14-08-055 Шпилька резьбовая алюминий CD M 8 x 55;96d01fad-dab9-11e5-9b6d-001e6754e0a4;14-08-055;shpilka_rezbovaya_aluminevaya.png;;shpilka_rezbovaya_aluminevaya.png;;Резьбовая шпилька;Конденсаторная сварка крепежа CD;Алюминий;8;;8;55;Да;1000 шт;Крепеж;Приварной крепёж;Крепеж для конденсаторной сварки CD
;13-03-010 Шпилька резьбовая латунь CD M 3 x 10;191882cc-a0bc-4f6b-8dba-cd0b19eda08b;13-03-010;shpilka_rezbovaya_latun.png;;shpilka_rezbovaya_latun.png;;Резьбовая шпилька;Конденсаторная сварка крепежа CD;Латунь;3;;3;10;Да;1000 шт;Крепеж;Приварной крепёж;Крепеж для конденсаторной сварки CD
;13-03-012 Шпилька резьбовая латунь CD M 3 x 12;0bac4d7e-053e-47af-9a69-6df2d771ee29;13-03-012;shpilka_rezbovaya_latun.png;;shpilka_rezbovaya_latun.png;;Резьбовая шпилька;Конденсаторная сварка крепежа CD;Латунь;3;;3;12;Да;1000 шт;Крепеж;Приварной крепёж;Крепеж для конденсаторной сварки CD
;13-03-015 Шпилька резьбовая латунь CD M 3 x 15;3adb819c-cc59-4d73-8138-eb1716d3bdef;13-03-015;shpilka_rezbovaya_latun.png;;shpilka_rezbovaya_latun.png;;Резьбовая шпилька;Конденсаторная сварка крепежа CD;Латунь;3;;3;15;Да;1000 шт;Крепеж;Приварной крепёж;Крепеж для конденсаторной сварки CD
;13-03-016 Шпилька резьбовая латунь CD M 3 x 16;5a19acc5-8b17-43f6-99e8-5bdeaf9c2bd7;13-03-016;shpilka_rezbovaya_latun.png;;shpilka_rezbovaya_latun.png;;Резьбовая шпилька;Конденсаторная сварка крепежа CD;Латунь;3;;3;16;Да;1000 шт;Крепеж;Приварной крепёж;Крепеж для конденсаторной сварки CD
;13-03-020 Шпилька резьбовая латунь CD M 3 x 20;3a5178ca-af81-4a89-a98b-c76cea17d77e;13-03-020;shpilka_rezbovaya_latun.png;;shpilka_rezbovaya_latun.png;;Резьбовая шпилька;Конденсаторная сварка крепежа CD;Латунь;3;;3;20;Да;1000 шт;Крепеж;Приварной крепёж;Крепеж для конденсаторной сварки CD
;13-03-025 Шпилька резьбовая латунь CD M 3 x 25;18f02bab-09ce-45ef-a6ae-0a74d5d3b9d5;13-03-025;shpilka_rezbovaya_latun.png;;shpilka_rezbovaya_latun.png;;Резьбовая шпилька;Конденсаторная сварка крепежа CD;Латунь;3;;3;25;Да;1000 шт;Крепеж;Приварной крепёж;Крепеж для конденсаторной сварки CD
;13-03-030 Шпилька резьбовая латунь CD M 3 x 30;19c0c327-b0d9-4fd3-8738-4ba7ca4469da;13-03-030;shpilka_rezbovaya_latun.png;;shpilka_rezbovaya_latun.png;;Резьбовая шпилька;Конденсаторная сварка крепежа CD;Латунь;3;;3;30;Да;1000 шт;Крепеж;Приварной крепёж;Крепеж для конденсаторной сварки CD
;13-03-006 Шпилька резьбовая латунь CD M 3 x 6;e2a0301d-a85e-49aa-b06f-90c6577e8427;13-03-006;shpilka_rezbovaya_latun.png;;shpilka_rezbovaya_latun.png;;Резьбовая шпилька;Конденсаторная сварка крепежа CD;Латунь;3;;3;6;Да;1000 шт;Крепеж;Приварной крепёж;Крепеж для конденсаторной сварки CD
;13-03-008 Шпилька резьбовая латунь CD M 3 x 8;c0f1b8e1-7ec5-43f9-aa7a-f8d30f4f732c;13-03-008;shpilka_rezbovaya_latun.png;;shpilka_rezbovaya_latun.png;;Резьбовая шпилька;Конденсаторная сварка крепежа CD;Латунь;3;;3;8;Да;1000 шт;Крепеж;Приварной крепёж;Крепеж для конденсаторной сварки CD
;13-04-010 Шпилька резьбовая латунь CD M 4 x 10;48918af5-f650-4653-afe0-37ce34859e4f;13-04-010;shpilka_rezbovaya_latun.png;;shpilka_rezbovaya_latun.png;;Резьбовая шпилька;Конденсаторная сварка крепежа CD;Латунь;4;;4;10;Да;1000 шт;Крепеж;Приварной крепёж;Крепеж для конденсаторной сварки CD
;13-04-012 Шпилька резьбовая латунь CD M 4 x 12;c181b349-979b-45a2-8c3e-e61d51434925;13-04-012;shpilka_rezbovaya_latun.png;;shpilka_rezbovaya_latun.png;;Резьбовая шпилька;Конденсаторная сварка крепежа CD;Латунь;4;;4;12;Да;1000 шт;Крепеж;Приварной крепёж;Крепеж для конденсаторной сварки CD
;13-04-015 Шпилька резьбовая латунь CD M 4 x 15;17b45b17-8e00-4d81-9b40-2ba295bc2734;13-04-015;shpilka_rezbovaya_latun.png;;shpilka_rezbovaya_latun.png;;Резьбовая шпилька;Конденсаторная сварка крепежа CD;Латунь;4;;4;15;Да;1000 шт;Крепеж;Приварной крепёж;Крепеж для конденсаторной сварки CD
;13-04-016 Шпилька резьбовая латунь CD M 4 x 16;310a3b7e-35b4-4b94-96ed-dd2a6655ad47;13-04-016;shpilka_rezbovaya_latun.png;;shpilka_rezbovaya_latun.png;;Резьбовая шпилька;Конденсаторная сварка крепежа CD;Латунь;4;;4;16;Да;1000 шт;Крепеж;Приварной крепёж;Крепеж для конденсаторной сварки CD
;13-04-020 Шпилька резьбовая латунь CD M 4 x 20;c2734f5d-a65f-46b8-b7b8-a2be282becf2;13-04-020;shpilka_rezbovaya_latun.png;;shpilka_rezbovaya_latun.png;;Резьбовая шпилька;Конденсаторная сварка крепежа CD;Латунь;4;;4;20;Да;1000 шт;Крепеж;Приварной крепёж;Крепеж для конденсаторной сварки CD
;13-04-025 Шпилька резьбовая латунь CD M 4 x 25;b33090e8-24cc-4143-94d0-0d93223c7fdb;13-04-025;shpilka_rezbovaya_latun.png;;shpilka_rezbovaya_latun.png;;Резьбовая шпилька;Конденсаторная сварка крепежа CD;Латунь;4;;4;25;Да;1000 шт;Крепеж;Приварной крепёж;Крепеж для конденсаторной сварки CD
;13-04-030 Шпилька резьбовая латунь CD M 4 x 30;c44a5f56-4198-427e-ab17-08b67b5d46ba;13-04-030;shpilka_rezbovaya_latun.png;;shpilka_rezbovaya_latun.png;;Резьбовая шпилька;Конденсаторная сварка крепежа CD;Латунь;4;;4;30;Да;1000 шт;Крепеж;Приварной крепёж;Крепеж для конденсаторной сварки CD
;13-04-035 Шпилька резьбовая латунь CD M 4 x 35;537f7de0-2bbe-405b-9c83-c5c5d1741016;13-04-035;shpilka_rezbovaya_latun.png;;shpilka_rezbovaya_latun.png;;Резьбовая шпилька;Конденсаторная сварка крепежа CD;Латунь;4;;4;35;Да;1000 шт;Крепеж;Приварной крепёж;Крепеж для конденсаторной сварки CD
;13-04-040 Шпилька резьбовая латунь CD M 4 x 40;9a44bbb1-61ac-44c5-8260-5dd0b7729aa8;13-04-040;shpilka_rezbovaya_latun.png;;shpilka_rezbovaya_latun.png;;Резьбовая шпилька;Конденсаторная сварка крепежа CD;Латунь;4;;4;40;Да;1000 шт;Крепеж;Приварной крепёж;Крепеж для конденсаторной сварки CD
;13-04-006 Шпилька резьбовая латунь CD M 4 x 6;4ab51b39-ff71-4abb-ba11-1648122795a5;13-04-006;shpilka_rezbovaya_latun.png;;shpilka_rezbovaya_latun.png;;Резьбовая шпилька;Конденсаторная сварка крепежа CD;Латунь;4;;4;6;Да;1000 шт;Крепеж;Приварной крепёж;Крепеж для конденсаторной сварки CD
;13-04-008 Шпилька резьбовая латунь CD M 4 x 8;497d7979-72cf-4428-981c-fc1fb11e5b24;13-04-008;shpilka_rezbovaya_latun.png;;shpilka_rezbovaya_latun.png;;Резьбовая шпилька;Конденсаторная сварка крепежа CD;Латунь;4;;4;8;Да;1000 шт;Крепеж;Приварной крепёж;Крепеж для конденсаторной сварки CD
;13-05-010 Шпилька резьбовая латунь CD M 5 x 10;06671b66-9af1-40c1-8aae-236cf6f3ecac;13-05-010;shpilka_rezbovaya_latun.png;;shpilka_rezbovaya_latun.png;;Резьбовая шпилька;Конденсаторная сварка крепежа CD;Латунь;5;;5;10;Да;1000 шт;Крепеж;Приварной крепёж;Крепеж для конденсаторной сварки CD
;13-05-012 Шпилька резьбовая латунь CD M 5 x 12;34e65e7d-16cd-4ef2-8724-7129c1785c23;13-05-012;shpilka_rezbovaya_latun.png;;shpilka_rezbovaya_latun.png;;Резьбовая шпилька;Конденсаторная сварка крепежа CD;Латунь;5;;5;12;Да;1000 шт;Крепеж;Приварной крепёж;Крепеж для конденсаторной сварки CD
;13-05-015 Шпилька резьбовая латунь CD M 5 x 15;b2776ae4-c3b8-4b2c-a19d-8092bf7b1ee3;13-05-015;shpilka_rezbovaya_latun.png;;shpilka_rezbovaya_latun.png;;Резьбовая шпилька;Конденсаторная сварка крепежа CD;Латунь;5;;5;15;Да;1000 шт;Крепеж;Приварной крепёж;Крепеж для конденсаторной сварки CD
;13-05-016 Шпилька резьбовая латунь CD M 5 x 16;87623990-9301-412c-b7fb-7dce70ff87af;13-05-016;shpilka_rezbovaya_latun.png;;shpilka_rezbovaya_latun.png;;Резьбовая шпилька;Конденсаторная сварка крепежа CD;Латунь;5;;5;16;Да;1000 шт;Крепеж;Приварной крепёж;Крепеж для конденсаторной сварки CD
;13-05-020 Шпилька резьбовая латунь CD M 5 x 20;0152b974-c03f-40aa-86ed-033da0754e5c;13-05-020;shpilka_rezbovaya_latun.png;;shpilka_rezbovaya_latun.png;;Резьбовая шпилька;Конденсаторная сварка крепежа CD;Латунь;5;;5;20;Да;1000 шт;Крепеж;Приварной крепёж;Крепеж для конденсаторной сварки CD
;13-05-025 Шпилька резьбовая латунь CD M 5 x 25;d23dfb9a-42c3-4257-8323-c48ef3fbcf1c;13-05-025;shpilka_rezbovaya_latun.png;;shpilka_rezbovaya_latun.png;;Резьбовая шпилька;Конденсаторная сварка крепежа CD;Латунь;5;;5;25;Да;1000 шт;Крепеж;Приварной крепёж;Крепеж для конденсаторной сварки CD
;13-05-030 Шпилька резьбовая латунь CD M 5 x 30;4099cbf8-5991-4eff-a9ef-7c4f0e0cad93;13-05-030;shpilka_rezbovaya_latun.png;;shpilka_rezbovaya_latun.png;;Резьбовая шпилька;Конденсаторная сварка крепежа CD;Латунь;5;;5;30;Да;1000 шт;Крепеж;Приварной крепёж;Крепеж для конденсаторной сварки CD
;13-05-035 Шпилька резьбовая латунь CD M 5 x 35;83e0134d-f78b-4d96-b852-4819ca17ad84;13-05-035;shpilka_rezbovaya_latun.png;;shpilka_rezbovaya_latun.png;;Резьбовая шпилька;Конденсаторная сварка крепежа CD;Латунь;5;;5;35;Да;1000 шт;Крепеж;Приварной крепёж;Крепеж для конденсаторной сварки CD
;13-05-008 Шпилька резьбовая латунь CD M 5 x 8;71675504-3cf6-4bfe-b222-577d2c9a5cac;13-05-008;shpilka_rezbovaya_latun.png;;shpilka_rezbovaya_latun.png;;Резьбовая шпилька;Конденсаторная сварка крепежа CD;Латунь;5;;5;8;Да;1000 шт;Крепеж;Приварной крепёж;Крепеж для конденсаторной сварки CD
;13-06-010 Шпилька резьбовая латунь CD M 6 x 10;a6b1035a-4ee7-4315-b8d4-0eb30912ff2f;13-06-010;shpilka_rezbovaya_latun.png;;shpilka_rezbovaya_latun.png;;Резьбовая шпилька;Конденсаторная сварка крепежа CD;Латунь;6;;6;10;Да;1000 шт;Крепеж;Приварной крепёж;Крепеж для конденсаторной сварки CD
;13-06-012 Шпилька резьбовая латунь CD M 6 x 12;816ad42f-41b0-4f7e-b089-e580c6e59f01;13-06-012;shpilka_rezbovaya_latun.png;;shpilka_rezbovaya_latun.png;;Резьбовая шпилька;Конденсаторная сварка крепежа CD;Латунь;6;;6;12;Да;1000 шт;Крепеж;Приварной крепёж;Крепеж для конденсаторной сварки CD
;13-06-015 Шпилька резьбовая латунь CD M 6 x 15;d9fb7156-4a5e-4fde-9bce-060cba75a638;13-06-015;shpilka_rezbovaya_latun.png;;shpilka_rezbovaya_latun.png;;Резьбовая шпилька;Конденсаторная сварка крепежа CD;Латунь;6;;6;15;Да;1000 шт;Крепеж;Приварной крепёж;Крепеж для конденсаторной сварки CD
;13-06-016 Шпилька резьбовая латунь CD M 6 x 16;6468db8b-c47f-4cdf-9885-7401a3906318;13-06-016;shpilka_rezbovaya_latun.png;;shpilka_rezbovaya_latun.png;;Резьбовая шпилька;Конденсаторная сварка крепежа CD;Латунь;6;;6;16;Да;1000 шт;Крепеж;Приварной крепёж;Крепеж для конденсаторной сварки CD
;13-06-020 Шпилька резьбовая латунь CD M 6 x 20;4214c4e9-b2e9-4d54-bbec-0d54e97639b7;13-06-020;shpilka_rezbovaya_latun.png;;shpilka_rezbovaya_latun.png;;Резьбовая шпилька;Конденсаторная сварка крепежа CD;Латунь;6;;6;20;Да;1000 шт;Крепеж;Приварной крепёж;Крепеж для конденсаторной сварки CD
;13-06-025 Шпилька резьбовая латунь CD M 6 x 25;692bec28-099c-46c0-9835-615688d9f858;13-06-025;shpilka_rezbovaya_latun.png;;shpilka_rezbovaya_latun.png;;Резьбовая шпилька;Конденсаторная сварка крепежа CD;Латунь;6;;6;25;Да;1000 шт;Крепеж;Приварной крепёж;Крепеж для конденсаторной сварки CD
;13-06-030 Шпилька резьбовая латунь CD M 6 x 30;6439e05d-bec5-4901-a06d-65ea47722d80;13-06-030;shpilka_rezbovaya_latun.png;;shpilka_rezbovaya_latun.png;;Резьбовая шпилька;Конденсаторная сварка крепежа CD;Латунь;6;;6;30;Да;1000 шт;Крепеж;Приварной крепёж;Крепеж для конденсаторной сварки CD
;13-06-035 Шпилька резьбовая латунь CD M 6 x 35;f0f69067-c85d-4e3d-a06e-79a3a077b035;13-06-035;shpilka_rezbovaya_latun.png;;shpilka_rezbovaya_latun.png;;Резьбовая шпилька;Конденсаторная сварка крепежа CD;Латунь;6;;6;35;Да;1000 шт;Крепеж;Приварной крепёж;Крепеж для конденсаторной сварки CD
;13-06-040 Шпилька резьбовая латунь CD M 6 x 40;ef9add3f-ad85-4853-9ad4-0036cc3760b9;13-06-040;shpilka_rezbovaya_latun.png;;shpilka_rezbovaya_latun.png;;Резьбовая шпилька;Конденсаторная сварка крепежа CD;Латунь;6;;6;40;Да;1000 шт;Крепеж;Приварной крепёж;Крепеж для конденсаторной сварки CD
;13-06-008 Шпилька резьбовая латунь CD M 6 x 8;90d38191-6cce-4d98-b8af-5480f1405503;13-06-008;shpilka_rezbovaya_latun.png;;shpilka_rezbovaya_latun.png;;Резьбовая шпилька;Конденсаторная сварка крепежа CD;Латунь;6;;6;8;Да;1000 шт;Крепеж;Приварной крепёж;Крепеж для конденсаторной сварки CD
;13-08-010 Шпилька резьбовая латунь CD M 8 x 10;58553fb4-6bc7-462b-a3ff-b3d7a887fb11;13-08-010;shpilka_rezbovaya_latun.png;;shpilka_rezbovaya_latun.png;;Резьбовая шпилька;Конденсаторная сварка крепежа CD;Латунь;8;;8;10;Да;1000 шт;Крепеж;Приварной крепёж;Крепеж для конденсаторной сварки CD
;13-08-012 Шпилька резьбовая латунь CD M 8 x 12;e5d2d546-a860-4b7d-8fc3-8f7915c13f9b;13-08-012;shpilka_rezbovaya_latun.png;;shpilka_rezbovaya_latun.png;;Резьбовая шпилька;Конденсаторная сварка крепежа CD;Латунь;8;;8;12;Да;1000 шт;Крепеж;Приварной крепёж;Крепеж для конденсаторной сварки CD
;13-08-015 Шпилька резьбовая латунь CD M 8 x 15;6e6d8464-53ca-4634-9df0-3827e0268634;13-08-015;shpilka_rezbovaya_latun.png;;shpilka_rezbovaya_latun.png;;Резьбовая шпилька;Конденсаторная сварка крепежа CD;Латунь;8;;8;15;Да;1000 шт;Крепеж;Приварной крепёж;Крепеж для конденсаторной сварки CD
;13-08-016 Шпилька резьбовая латунь CD M 8 x 16;325d1c6a-8384-4058-b17a-8b180264f9e6;13-08-016;shpilka_rezbovaya_latun.png;;shpilka_rezbovaya_latun.png;;Резьбовая шпилька;Конденсаторная сварка крепежа CD;Латунь;8;;8;16;Да;1000 шт;Крепеж;Приварной крепёж;Крепеж для конденсаторной сварки CD
;13-08-020 Шпилька резьбовая латунь CD M 8 x 20;2de1c08e-ae34-4975-b535-4f5f9f08aee6;13-08-020;shpilka_rezbovaya_latun.png;;shpilka_rezbovaya_latun.png;;Резьбовая шпилька;Конденсаторная сварка крепежа CD;Латунь;8;;8;20;Да;1000 шт;Крепеж;Приварной крепёж;Крепеж для конденсаторной сварки CD
;13-08-025 Шпилька резьбовая латунь CD M 8 x 25;860fa462-6c98-4861-8a61-cef15fa52991;13-08-025;shpilka_rezbovaya_latun.png;;shpilka_rezbovaya_latun.png;;Резьбовая шпилька;Конденсаторная сварка крепежа CD;Латунь;8;;8;25;Да;1000 шт;Крепеж;Приварной крепёж;Крепеж для конденсаторной сварки CD
;13-08-030 Шпилька резьбовая латунь CD M 8 x 30;fb9da227-bc6f-4062-86e5-0e9c7462c2ff;13-08-030;shpilka_rezbovaya_latun.png;;shpilka_rezbovaya_latun.png;;Резьбовая шпилька;Конденсаторная сварка крепежа CD;Латунь;8;;8;30;Да;1000 шт;Крепеж;Приварной крепёж;Крепеж для конденсаторной сварки CD
;13-08-035 Шпилька резьбовая латунь CD M 8 x 35;5ad28882-fa20-48b0-8f73-a573befe43cf;13-08-035;shpilka_rezbovaya_latun.png;;shpilka_rezbovaya_latun.png;;Резьбовая шпилька;Конденсаторная сварка крепежа CD;Латунь;8;;8;35;Да;1000 шт;Крепеж;Приварной крепёж;Крепеж для конденсаторной сварки CD
;13-08-040 Шпилька резьбовая латунь CD M 8 x 40;aedfb050-e2ec-4077-a96c-413a68df46f1;13-08-040;shpilka_rezbovaya_latun.png;;shpilka_rezbovaya_latun.png;;Резьбовая шпилька;Конденсаторная сварка крепежа CD;Латунь;8;;8;40;Да;1000 шт;Крепеж;Приварной крепёж;Крепеж для конденсаторной сварки CD
;12-10-020 Шпилька резьбовая нержавеющая сталь А2 CD М 10 х 20;0e094318-3ec4-4772-b55a-9073a5b197c0;12-10-020;shpilka_rezbovaya_nerzh_stal.png;;shpilka_rezbovaya_nerzh_stal.png;;Резьбовая шпилька;Конденсаторная сварка крепежа CD;Нержавеющая сталь;10;;10;20;Да;1000 шт;Крепеж;Приварной крепёж;Крепеж для конденсаторной сварки CD
;12-10-025  Шпилька резьбовая нержавеющая сталь А2 CD M 10 x 25;4cfdcb30-3070-4d3d-829e-117206c11bf2;12-10-025;shpilka_rezbovaya_nerzh_stal.png;;shpilka_rezbovaya_nerzh_stal.png;;Резьбовая шпилька;Конденсаторная сварка крепежа CD;Нержавеющая сталь;10;;10;25;Да;1000 шт;Крепеж;Приварной крепёж;Крепеж для конденсаторной сварки CD
;12-10-030  Шпилька резьбовая нержавеющая сталь А2 CD M 10 x 30;15998d3a-4f32-474e-bb9c-2517b923b19c;12-10-030;shpilka_rezbovaya_nerzh_stal.png;;shpilka_rezbovaya_nerzh_stal.png;;Резьбовая шпилька;Конденсаторная сварка крепежа CD;Нержавеющая сталь;10;;10;30;Да;1000 шт;Крепеж;Приварной крепёж;Крепеж для конденсаторной сварки CD
;12-10-040 Шпилька резьбовая нержавеющая сталь А2 CD M 10 x 40;de11f9d7-8a40-4f10-b1e2-5aa48adefc26;12-10-040;shpilka_rezbovaya_nerzh_stal.png;;shpilka_rezbovaya_nerzh_stal.png;;Резьбовая шпилька;Конденсаторная сварка крепежа CD;Нержавеющая сталь;10;;10;40;Да;1000 шт;Крепеж;Приварной крепёж;Крепеж для конденсаторной сварки CD
;12-10-045  Шпилька резьбовая нержавеющая сталь А2 CD M 10 x 45;8320d026-8157-11e6-88bd-001e6754e0a4;12-10-045;shpilka_rezbovaya_nerzh_stal.png;;shpilka_rezbovaya_nerzh_stal.png;;Резьбовая шпилька;Конденсаторная сварка крепежа CD;Нержавеющая сталь;10;;10;45;Да;1000 шт;Крепеж;Приварной крепёж;Крепеж для конденсаторной сварки CD
;12-10-050  Шпилька резьбовая нержавеющая сталь А2 CD M 10 x 50;e6d173af-7939-441b-bfaa-2c47c4c849f3;12-10-050;shpilka_rezbovaya_nerzh_stal.png;;shpilka_rezbovaya_nerzh_stal.png;;Резьбовая шпилька;Конденсаторная сварка крепежа CD;Нержавеющая сталь;10;;10;50;Да;1000 шт;Крепеж;Приварной крепёж;Крепеж для конденсаторной сварки CD
;12-10-060  Шпилька резьбовая нержавеющая сталь А2 CD M 10 x 60;f4cbaeba-abc1-11ea-b846-001e6754e0a5;12-10-060;shpilka_rezbovaya_nerzh_stal.png;;shpilka_rezbovaya_nerzh_stal.png;;Резьбовая шпилька;Конденсаторная сварка крепежа CD;Нержавеющая сталь;10;;10;60;Да;1000 шт;Крепеж;Приварной крепёж;Крепеж для конденсаторной сварки CD
;12-03-010  Шпилька резьбовая нержавеющая сталь А2 CD M 3 x 10;2240c55f-a4a9-4aa5-bcb5-866693bb6be2;12-03-010 / 340003010;shpilka_rezbovaya_nerzh_stal.png;;shpilka_rezbovaya_nerzh_stal.png;;Резьбовая шпилька;Конденсаторная сварка крепежа CD;Нержавеющая сталь;3;;3;10;Да;1000 шт;Крепеж;Приварной крепёж;Крепеж для конденсаторной сварки CD
;12-03-012  Шпилька резьбовая нержавеющая сталь А2 CD M 3 x 12;5093d1f2-2251-417b-a651-7fcdffc96e7e;12-03-012 / 340003012;shpilka_rezbovaya_nerzh_stal.png;;shpilka_rezbovaya_nerzh_stal.png;;Резьбовая шпилька;Конденсаторная сварка крепежа CD;Нержавеющая сталь;3;;3;12;Да;1000 шт;Крепеж;Приварной крепёж;Крепеж для конденсаторной сварки CD
;12-03-015  Шпилька резьбовая нержавеющая сталь А2 CD M 3 x 15;eccfa49c-eff0-4402-b508-a5fd388ab645;12-03-015;shpilka_rezbovaya_nerzh_stal.png;;shpilka_rezbovaya_nerzh_stal.png;;Резьбовая шпилька;Конденсаторная сварка крепежа CD;Нержавеющая сталь;3;;3;15;Да;1000 шт;Крепеж;Приварной крепёж;Крепеж для конденсаторной сварки CD
;12-03-016  Шпилька резьбовая нержавеющая сталь А2 CD M 3 x 16;4fefc81b-bb0e-4c8a-bc59-fe7cb85d6c1c;12-03-016 / 340003016;shpilka_rezbovaya_nerzh_stal.png;;shpilka_rezbovaya_nerzh_stal.png;;Резьбовая шпилька;Конденсаторная сварка крепежа CD;Нержавеющая сталь;3;;3;16;Да;1000 шт;Крепеж;Приварной крепёж;Крепеж для конденсаторной сварки CD
;12-03-020  Шпилька резьбовая нержавеющая сталь А2 CD M 3 x 20;facfbbe1-ca96-4407-875f-fe2107689124;12-03-020 / 340003020;shpilka_rezbovaya_nerzh_stal.png;;shpilka_rezbovaya_nerzh_stal.png;;Резьбовая шпилька;Конденсаторная сварка крепежа CD;Нержавеющая сталь;3;;3;20;Да;1000 шт;Крепеж;Приварной крепёж;Крепеж для конденсаторной сварки CD
;12-03-025  Шпилька резьбовая нержавеющая сталь А2 CD M 3 x 25;61205523-91ea-4b15-addc-c5d0c13f8221;12-03-025;shpilka_rezbovaya_nerzh_stal.png;;shpilka_rezbovaya_nerzh_stal.png;;Резьбовая шпилька;Конденсаторная сварка крепежа CD;Нержавеющая сталь;3;;3;25;Да;1000 шт;Крепеж;Приварной крепёж;Крепеж для конденсаторной сварки CD
;12-03-030  Шпилька резьбовая нержавеющая сталь А2 CD M 3 x 30;1cd939fd-5a20-4a18-a50f-558062c7a0d3;12-03-030;shpilka_rezbovaya_nerzh_stal.png;;shpilka_rezbovaya_nerzh_stal.png;;Резьбовая шпилька;Конденсаторная сварка крепежа CD;Нержавеющая сталь;3;;3;30;Да;1000 шт;Крепеж;Приварной крепёж;Крепеж для конденсаторной сварки CD
;12-03-035  Шпилька резьбовая нержавеющая сталь А2 CD M 3 x 35;e2a60baa-81ea-11e5-8a9a-001e6754e0a4;12-03-035;shpilka_rezbovaya_nerzh_stal.png;;shpilka_rezbovaya_nerzh_stal.png;;Резьбовая шпилька;Конденсаторная сварка крепежа CD;Нержавеющая сталь;3;;3;35;Да;1000 шт;Крепеж;Приварной крепёж;Крепеж для конденсаторной сварки CD
;12-03-040  Шпилька резьбовая нержавеющая сталь А2 CD M 3 x 40;50470834-de08-11ea-ba39-001e6754e0a5;12-03-040;shpilka_rezbovaya_nerzh_stal.png;;shpilka_rezbovaya_nerzh_stal.png;;Резьбовая шпилька;Конденсаторная сварка крепежа CD;Нержавеющая сталь;3;;3;40;Да;1000 шт;Крепеж;Приварной крепёж;Крепеж для конденсаторной сварки CD
;12-03-045  Шпилька резьбовая нержавеющая сталь А2 CD M 3 x 45;55620c3e-2bb1-11e6-879c-001e6754e0a4;12-03-045;shpilka_rezbovaya_nerzh_stal.png;;shpilka_rezbovaya_nerzh_stal.png;;Резьбовая шпилька;Конденсаторная сварка крепежа CD;Нержавеющая сталь;3;;3;45;Да;1000 шт;Крепеж;Приварной крепёж;Крепеж для конденсаторной сварки CD
;12-03-006  Шпилька резьбовая нержавеющая сталь А2 CD M 3 x 6;00bfd5e3-c00a-4da7-be29-9595c8afdbe3;12-03-006;shpilka_rezbovaya_nerzh_stal.png;;shpilka_rezbovaya_nerzh_stal.png;;Резьбовая шпилька;Конденсаторная сварка крепежа CD;Нержавеющая сталь;3;;3;6;Да;1000 шт;Крепеж;Приварной крепёж;Крепеж для конденсаторной сварки CD
;12-03-008  Шпилька резьбовая нержавеющая сталь А2 CD M 3 x 8;a78b78d3-c14e-4810-a70a-e2060a7ce095;12-03-008 / 340003008;shpilka_rezbovaya_nerzh_stal.png;;shpilka_rezbovaya_nerzh_stal.png;;Резьбовая шпилька;Конденсаторная сварка крепежа CD;Нержавеющая сталь;3;;3;8;Да;1000 шт;Крепеж;Приварной крепёж;Крепеж для конденсаторной сварки CD
;12-04-010  Шпилька резьбовая нержавеющая сталь А2 CD M 4 x 10;5a42f332-d015-4df8-bec4-ac319251d194;12-04-010;shpilka_rezbovaya_nerzh_stal.png;;shpilka_rezbovaya_nerzh_stal.png;;Резьбовая шпилька;Конденсаторная сварка крепежа CD;Нержавеющая сталь;4;;4;10;Да;1000 шт;Крепеж;Приварной крепёж;Крепеж для конденсаторной сварки CD
;12-04-012 Шпилька резьбовая нержавеющая сталь А2 CD M 4 x 12;d830bb1e-ec2d-40c9-9398-7bcd1ca3352f;12-04-012;shpilka_rezbovaya_nerzh_stal.png;;shpilka_rezbovaya_nerzh_stal.png;;Резьбовая шпилька;Конденсаторная сварка крепежа CD;Нержавеющая сталь;4;;4;12;Да;1000 шт;Крепеж;Приварной крепёж;Крепеж для конденсаторной сварки CD
;12-04-015  Шпилька резьбовая нержавеющая сталь А2 CD M 4 x 15;a4093482-0ed2-40e0-8963-54a4e8aaa83b;12-04-015;shpilka_rezbovaya_nerzh_stal.png;;shpilka_rezbovaya_nerzh_stal.png;;Резьбовая шпилька;Конденсаторная сварка крепежа CD;Нержавеющая сталь;4;;4;15;Да;1000 шт;Крепеж;Приварной крепёж;Крепеж для конденсаторной сварки CD
;12-04-016  Шпилька резьбовая нержавеющая сталь А2 CD M 4 x 16;b1953029-b6e4-4908-b37c-dd1a54ffa9f4;12-04-016;shpilka_rezbovaya_nerzh_stal.png;;shpilka_rezbovaya_nerzh_stal.png;;Резьбовая шпилька;Конденсаторная сварка крепежа CD;Нержавеющая сталь;4;;4;16;Да;1000 шт;Крепеж;Приварной крепёж;Крепеж для конденсаторной сварки CD
;12-04-020  Шпилька резьбовая нержавеющая сталь А2 CD M 4 x 20;356212fb-815c-44ca-9226-f039afe060ba;12-04-020;shpilka_rezbovaya_nerzh_stal.png;;shpilka_rezbovaya_nerzh_stal.png;;Резьбовая шпилька;Конденсаторная сварка крепежа CD;Нержавеющая сталь;4;;4;20;Да;1000 шт;Крепеж;Приварной крепёж;Крепеж для конденсаторной сварки CD
;12-04-025 Шпилька резьбовая нержавеющая сталь А2 CD M 4 x 25;4a805ea4-6189-4bbe-8de1-a370c628ec54;12-04-025 / 340004025;shpilka_rezbovaya_nerzh_stal.png;;shpilka_rezbovaya_nerzh_stal.png;;Резьбовая шпилька;Конденсаторная сварка крепежа CD;Нержавеющая сталь;4;;4;25;Да;1000 шт;Крепеж;Приварной крепёж;Крепеж для конденсаторной сварки CD
;12-04-030 Шпилька резьбовая нержавеющая сталь А2 CD M 4 x 30;911f6189-eacd-45f1-8d62-2a4d9d46cb94;12-04-030;shpilka_rezbovaya_nerzh_stal.png;;shpilka_rezbovaya_nerzh_stal.png;;Резьбовая шпилька;Конденсаторная сварка крепежа CD;Нержавеющая сталь;4;;4;30;Да;1000 шт;Крепеж;Приварной крепёж;Крепеж для конденсаторной сварки CD
;12-04-035 Шпилька резьбовая нержавеющая сталь А2 CD M 4 x 35;1a0751db-35c5-4175-9325-505a99be3408;12-04-035 / 340004035;shpilka_rezbovaya_nerzh_stal.png;;shpilka_rezbovaya_nerzh_stal.png;;Резьбовая шпилька;Конденсаторная сварка крепежа CD;Нержавеющая сталь;4;;4;35;Да;1000 шт;Крепеж;Приварной крепёж;Крепеж для конденсаторной сварки CD
;12-04-040 Шпилька резьбовая нержавеющая сталь А2 CD M 4 x 40;b5dca77f-2cf4-4166-a3a8-59cc2e067396;12-04-040 / 340004040;shpilka_rezbovaya_nerzh_stal.png;;shpilka_rezbovaya_nerzh_stal.png;;Резьбовая шпилька;Конденсаторная сварка крепежа CD;Нержавеющая сталь;4;;4;40;Да;1000 шт;Крепеж;Приварной крепёж;Крепеж для конденсаторной сварки CD
;12-04-045 Шпилька резьбовая нержавеющая сталь А2 CD M 4 x 45;b3fb44b4-2b10-4125-ad8b-36ab8c2ef861;12-04-045;shpilka_rezbovaya_nerzh_stal.png;;shpilka_rezbovaya_nerzh_stal.png;;Резьбовая шпилька;Конденсаторная сварка крепежа CD;Нержавеющая сталь;4;;4;45;Да;1000 шт;Крепеж;Приварной крепёж;Крепеж для конденсаторной сварки CD
;12-04-050 Шпилька резьбовая нержавеющая сталь А2 CD М 4 х 50;1b4ebb78-cee6-4fa3-b532-0974fc72bacf;12-04-050;shpilka_rezbovaya_nerzh_stal.png;;shpilka_rezbovaya_nerzh_stal.png;;Резьбовая шпилька;Конденсаторная сварка крепежа CD;Нержавеющая сталь;4;;4;50;Да;1000 шт;Крепеж;Приварной крепёж;Крепеж для конденсаторной сварки CD
;12-04-055 Шпилька резьбовая нержавеющая сталь А2 CD М 4 х 55;f3cd893d-de08-11ea-ba39-001e6754e0a5;12-04-055;shpilka_rezbovaya_nerzh_stal.png;;shpilka_rezbovaya_nerzh_stal.png;;Резьбовая шпилька;Конденсаторная сварка крепежа CD;Нержавеющая сталь;4;;4;55;Да;1000 шт;Крепеж;Приварной крепёж;Крепеж для конденсаторной сварки CD
;12-04-006 Шпилька резьбовая нержавеющая сталь А2 CD M 4 x 6;7a0fc1fa-a201-4fe9-b5a8-d3211c6fc2dd;12-04-006 / 340004006;shpilka_rezbovaya_nerzh_stal.png;;shpilka_rezbovaya_nerzh_stal.png;;Резьбовая шпилька;Конденсаторная сварка крепежа CD;Нержавеющая сталь;4;;4;6;Да;1000 шт;Крепеж;Приварной крепёж;Крепеж для конденсаторной сварки CD
;12-04-008 Шпилька резьбовая нержавеющая сталь А2 CD M 4 x 8;022a255a-d0ee-43ce-bb50-61d86d144d56;12-04-008;shpilka_rezbovaya_nerzh_stal.png;;shpilka_rezbovaya_nerzh_stal.png;;Резьбовая шпилька;Конденсаторная сварка крепежа CD;Нержавеющая сталь;4;;4;8;Да;1000 шт;Крепеж;Приварной крепёж;Крепеж для конденсаторной сварки CD
;12-05-010 Шпилька резьбовая нержавеющая сталь А2 CD M 5 x 10;e6f74fce-86d0-4360-bdc2-1b2c92e353a5;12-05-010;shpilka_rezbovaya_nerzh_stal.png;;shpilka_rezbovaya_nerzh_stal.png;;Резьбовая шпилька;Конденсаторная сварка крепежа CD;Нержавеющая сталь;5;;5;10;Да;1000 шт;Крепеж;Приварной крепёж;Крепеж для конденсаторной сварки CD
;12-05-012 Шпилька резьбовая нержавеющая сталь А2 CD M 5 x 12;4b0453a1-a457-41bd-847c-ec180d686112;12-05-012;shpilka_rezbovaya_nerzh_stal.png;;shpilka_rezbovaya_nerzh_stal.png;;Резьбовая шпилька;Конденсаторная сварка крепежа CD;Нержавеющая сталь;5;;5;12;Да;1000 шт;Крепеж;Приварной крепёж;Крепеж для конденсаторной сварки CD
;12-05-015 Шпилька резьбовая нержавеющая сталь А2 CD M 5 x 15;912ab20e-1b80-428d-b11e-e17be117923e;12-05-015;shpilka_rezbovaya_nerzh_stal.png;;shpilka_rezbovaya_nerzh_stal.png;;Резьбовая шпилька;Конденсаторная сварка крепежа CD;Нержавеющая сталь;5;;5;15;Да;1000 шт;Крепеж;Приварной крепёж;Крепеж для конденсаторной сварки CD
;12-05-016 Шпилька резьбовая нержавеющая сталь А2 CD M 5 x 16;66131f6e-20e1-4c7b-a1ef-9759b455bdfc;12-05-016;shpilka_rezbovaya_nerzh_stal.png;;shpilka_rezbovaya_nerzh_stal.png;;Резьбовая шпилька;Конденсаторная сварка крепежа CD;Нержавеющая сталь;5;;5;16;Да;1000 шт;Крепеж;Приварной крепёж;Крепеж для конденсаторной сварки CD
;12-05-020 Шпилька резьбовая нержавеющая сталь А2 CD M 5 x 20;eccf00c9-bfa8-44eb-8acf-7b79fe96815b;12-05-020;shpilka_rezbovaya_nerzh_stal.png;;shpilka_rezbovaya_nerzh_stal.png;;Резьбовая шпилька;Конденсаторная сварка крепежа CD;Нержавеющая сталь;5;;5;20;Да;1000 шт;Крепеж;Приварной крепёж;Крепеж для конденсаторной сварки CD
;12-05-025 Шпилька резьбовая нержавеющая сталь А2 CD M 5 x 25;1ffee1c8-406e-49a8-b42f-34ff5238b8cf;12-05-025 / 340005025;shpilka_rezbovaya_nerzh_stal.png;;shpilka_rezbovaya_nerzh_stal.png;;Резьбовая шпилька;Конденсаторная сварка крепежа CD;Нержавеющая сталь;5;;5;25;Да;1000 шт;Крепеж;Приварной крепёж;Крепеж для конденсаторной сварки CD
;12-05-030 Шпилька резьбовая нержавеющая сталь А2 CD M 5 x 30;fb07275f-6828-4589-8017-54098f77674a;12-05-030 / 340005030;shpilka_rezbovaya_nerzh_stal.png;;shpilka_rezbovaya_nerzh_stal.png;;Резьбовая шпилька;Конденсаторная сварка крепежа CD;Нержавеющая сталь;5;;5;30;Да;1000 шт;Крепеж;Приварной крепёж;Крепеж для конденсаторной сварки CD
;12-05-035 Шпилька резьбовая нержавеющая сталь А2 CD M 5 x 35;ace974fb-296f-447d-9b65-10742328a858;12-05-035 / 340005035;shpilka_rezbovaya_nerzh_stal.png;;shpilka_rezbovaya_nerzh_stal.png;;Резьбовая шпилька;Конденсаторная сварка крепежа CD;Нержавеющая сталь;5;;5;35;Да;1000 шт;Крепеж;Приварной крепёж;Крепеж для конденсаторной сварки CD
;12-05-040 Шпилька резьбовая нержавеющая сталь А2 CD M 5 x 40;817a4f8e-1ec0-4b11-954d-41d58cc222ea;12-05-040;shpilka_rezbovaya_nerzh_stal.png;;shpilka_rezbovaya_nerzh_stal.png;;Резьбовая шпилька;Конденсаторная сварка крепежа CD;Нержавеющая сталь;5;;5;40;Да;1000 шт;Крепеж;Приварной крепёж;Крепеж для конденсаторной сварки CD
;12-05-045 Шпилька резьбовая нержавеющая сталь А2 CD M 5 x 45;bb3a4837-4fa6-4710-bb2e-5bee72784a79;12-05-045;shpilka_rezbovaya_nerzh_stal.png;;shpilka_rezbovaya_nerzh_stal.png;;Резьбовая шпилька;Конденсаторная сварка крепежа CD;Нержавеющая сталь;5;;5;45;Да;1000 шт;Крепеж;Приварной крепёж;Крепеж для конденсаторной сварки CD
;12-05-050 Шпилька резьбовая нержавеющая сталь А2 CD M 5 x 50;a2e5dbca-f65c-11e5-a42d-001e6754e0a4;12-05-050;shpilka_rezbovaya_nerzh_stal.png;;shpilka_rezbovaya_nerzh_stal.png;;Резьбовая шпилька;Конденсаторная сварка крепежа CD;Нержавеющая сталь;5;;5;50;Да;1000 шт;Крепеж;Приварной крепёж;Крепеж для конденсаторной сварки CD
;12-05-055 Шпилька резьбовая нержавеющая сталь А2 CD M 5 x 55;8d4adac5-de09-11ea-ba39-001e6754e0a5;12-05-055;shpilka_rezbovaya_nerzh_stal.png;;shpilka_rezbovaya_nerzh_stal.png;;Резьбовая шпилька;Конденсаторная сварка крепежа CD;Нержавеющая сталь;5;;5;55;Да;1000 шт;Крепеж;Приварной крепёж;Крепеж для конденсаторной сварки CD
;12-05-006 Шпилька резьбовая нержавеющая сталь А2 CD M 5 x 6;a17317b5-6038-42f4-b72b-c5cf9f042eb7;12-05-006 / 340005006;shpilka_rezbovaya_nerzh_stal.png;;shpilka_rezbovaya_nerzh_stal.png;;Резьбовая шпилька;Конденсаторная сварка крепежа CD;Нержавеющая сталь;5;;5;6;Да;1000 шт;Крепеж;Приварной крепёж;Крепеж для конденсаторной сварки CD
;12-05-060 Шпилька резьбовая нержавеющая сталь А2 CD M 5 x 60;98e0f8fd-1596-11e5-a12f-001e6754e0a4;12-05-060;shpilka_rezbovaya_nerzh_stal.png;;shpilka_rezbovaya_nerzh_stal.png;;Резьбовая шпилька;Конденсаторная сварка крепежа CD;Нержавеющая сталь;5;;5;60;Да;1000 шт;Крепеж;Приварной крепёж;Крепеж для конденсаторной сварки CD
;12-05-008 Шпилька резьбовая нержавеющая сталь А2 CD M 5 x 8;b34dbbfe-8284-4841-9945-521175bad49f;12-05-008;shpilka_rezbovaya_nerzh_stal.png;;shpilka_rezbovaya_nerzh_stal.png;;Резьбовая шпилька;Конденсаторная сварка крепежа CD;Нержавеющая сталь;5;;5;8;Да;1000 шт;Крепеж;Приварной крепёж;Крепеж для конденсаторной сварки CD
;12-06-010 Шпилька резьбовая нержавеющая сталь CD M 6 x 10;1c2ad5eb-1e11-4c9a-923c-3764651a427a;12-06-010 / 340006010;shpilka_rezbovaya_nerzh_stal.png;;shpilka_rezbovaya_nerzh_stal.png;;Резьбовая шпилька;Конденсаторная сварка крепежа CD;Нержавеющая сталь;6;;6;10;Да;1000 шт;Крепеж;Приварной крепёж;Крепеж для конденсаторной сварки CD
;12-06-012 Шпилька резьбовая нержавеющая сталь CD M 6 x 12;d01130b4-c167-4701-8948-8fb52c813b25;12-06-012;shpilka_rezbovaya_nerzh_stal.png;;shpilka_rezbovaya_nerzh_stal.png;;Резьбовая шпилька;Конденсаторная сварка крепежа CD;Нержавеющая сталь;6;;6;12;Да;1000 шт;Крепеж;Приварной крепёж;Крепеж для конденсаторной сварки CD
;12-06-015 Шпилька резьбовая нержавеющая сталь CD M 6 x 15;207b05d2-d7fa-4070-9b2c-27106700ed12;12-06-015;shpilka_rezbovaya_nerzh_stal.png;;shpilka_rezbovaya_nerzh_stal.png;;Резьбовая шпилька;Конденсаторная сварка крепежа CD;Нержавеющая сталь;6;;6;15;Да;1000 шт;Крепеж;Приварной крепёж;Крепеж для конденсаторной сварки CD
;12-06-016 Шпилька резьбовая нержавеющая сталь CD M 6 x 16;d12d4306-fe3e-4d0f-8a9f-928d38af242f;12-06-016;shpilka_rezbovaya_nerzh_stal.png;;shpilka_rezbovaya_nerzh_stal.png;;Резьбовая шпилька;Конденсаторная сварка крепежа CD;Нержавеющая сталь;6;;6;16;Да;1000 шт;Крепеж;Приварной крепёж;Крепеж для конденсаторной сварки CD
;12-06-020 Шпилька резьбовая нержавеющая сталь CD M 6 x 20;cbd00514-9e0f-40cc-95e4-b70a135f806a;12-06-020;shpilka_rezbovaya_nerzh_stal.png;;shpilka_rezbovaya_nerzh_stal.png;;Резьбовая шпилька;Конденсаторная сварка крепежа CD;Нержавеющая сталь;6;;6;20;Да;1000 шт;Крепеж;Приварной крепёж;Крепеж для конденсаторной сварки CD
;12-06-025 Шпилька резьбовая нержавеющая сталь CD M 6 x 25;965c1b1d-8938-44e0-88ab-f2363b77ca1c;12-06-025;shpilka_rezbovaya_nerzh_stal.png;;shpilka_rezbovaya_nerzh_stal.png;;Резьбовая шпилька;Конденсаторная сварка крепежа CD;Нержавеющая сталь;6;;6;25;Да;1000 шт;Крепеж;Приварной крепёж;Крепеж для конденсаторной сварки CD
;12-06-030 Шпилька резьбовая нержавеющая сталь CD M 6 x 30;6146da66-f810-424b-b11e-1fcd32d5848d;12-06-030 / 340006030;shpilka_rezbovaya_nerzh_stal.png;;shpilka_rezbovaya_nerzh_stal.png;;Резьбовая шпилька;Конденсаторная сварка крепежа CD;Нержавеющая сталь;6;;6;30;Да;1000 шт;Крепеж;Приварной крепёж;Крепеж для конденсаторной сварки CD
;12-06-035 Шпилька резьбовая нержавеющая сталь CD M 6 x 35;5cd392f1-3982-4b5f-a7d2-066d752d7037;12-06-035;shpilka_rezbovaya_nerzh_stal.png;;shpilka_rezbovaya_nerzh_stal.png;;Резьбовая шпилька;Конденсаторная сварка крепежа CD;Нержавеющая сталь;6;;6;35;Да;1000 шт;Крепеж;Приварной крепёж;Крепеж для конденсаторной сварки CD
;12-06-040 Шпилька резьбовая нержавеющая сталь CD M 6 x 40;75402bbb-310d-416d-b494-f88ed33d7279;12-06-040;shpilka_rezbovaya_nerzh_stal.png;;shpilka_rezbovaya_nerzh_stal.png;;Резьбовая шпилька;Конденсаторная сварка крепежа CD;Нержавеющая сталь;6;;6;40;Да;1000 шт;Крепеж;Приварной крепёж;Крепеж для конденсаторной сварки CD
;12-06-045 Шпилька резьбовая нержавеющая сталь CD M 6 x 45;ca3c8ff0-f07d-4149-9a44-306a54175615;12-06-045;shpilka_rezbovaya_nerzh_stal.png;;shpilka_rezbovaya_nerzh_stal.png;;Резьбовая шпилька;Конденсаторная сварка крепежа CD;Нержавеющая сталь;6;;6;45;Да;1000 шт;Крепеж;Приварной крепёж;Крепеж для конденсаторной сварки CD
;12-06-050 Шпилька резьбовая нержавеющая сталь CD M 6 x 50;45d598d7-980e-463f-b245-102650002917;12-06-050;shpilka_rezbovaya_nerzh_stal.png;;shpilka_rezbovaya_nerzh_stal.png;;Резьбовая шпилька;Конденсаторная сварка крепежа CD;Нержавеющая сталь;6;;6;50;Да;1000 шт;Крепеж;Приварной крепёж;Крепеж для конденсаторной сварки CD
;12-06-055 Шпилька резьбовая нержавеющая сталь CD M 6 x 55;4cff5bc8-627a-4464-9fe6-7cc2794f5993;12-06-055;shpilka_rezbovaya_nerzh_stal.png;;shpilka_rezbovaya_nerzh_stal.png;;Резьбовая шпилька;Конденсаторная сварка крепежа CD;Нержавеющая сталь;6;;6;55;Да;1000 шт;Крепеж;Приварной крепёж;Крепеж для конденсаторной сварки CD
;12-06-060  Шпилька резьбовая нержавеющая сталь А2 CD M 6 x 60;1b79ad09-a79c-11e4-9f92-001e6754e0a4;12-06-060;shpilka_rezbovaya_nerzh_stal.png;;shpilka_rezbovaya_nerzh_stal.png;;Резьбовая шпилька;Конденсаторная сварка крепежа CD;Нержавеющая сталь;6;;6;60;Да;1000 шт;Крепеж;Приварной крепёж;Крепеж для конденсаторной сварки CD
;12-06-008  Шпилька резьбовая нержавеющая сталь А2 CD M 6 x 8;8c2d387c-5af1-416a-b690-a53c46a528bf;12-06-008;shpilka_rezbovaya_nerzh_stal.png;;shpilka_rezbovaya_nerzh_stal.png;;Резьбовая шпилька;Конденсаторная сварка крепежа CD;Нержавеющая сталь;6;;6;8;Да;1000 шт;Крепеж;Приварной крепёж;Крепеж для конденсаторной сварки CD
;12-06-015Z  Шпилька резьбовая нержавеющая сталь А2 с увеличенным фланцем CD M 6x15. Болт заземления;6576715e-d728-11e2-b9e0-000423dd84e7;12-06-015Z;shpilka_rezbovaya_nerzh_stal.png;Конденсаторный болт заземления с увеличенным фланцем из нержавеющей стали - это новые возможности для приварки болтов заземления к тонколистовому металлу.;shpilka_rezbovaya_nerzh_stal.png;"Преимущества перед стандартными приварными шпильками тип CD:

Надежное электрическое и механическое соединение
Идеальное заземляющее соединение (полный контакт по всему фланцу болта заземления)
Не требуется дополнительной (второй) шайбы.
Никаких повреждений (вмятин) на  заготовке после приварки: заземляющее соединение устанавливается только на фланце шпильки, при этом на заготовку не оказывается воздействия.
 
Преимущества над шпильками тип SC (короткий цикл):

 

После приварки не происходит изменения цвета и появления следов на обратной стороне заготовки, даже на тонких металлических листа
Короткое время сварки (< 3 мс) - никаких механических повреждений на заготовке.
Необходимое напряжение 230В
 

Сферы использования: системы электрического заземления, контакты.

Электрические конструкции помещений, корпуса электрических приборов, медицинские и пищевые технологии, (коммерческие) кухни, лифтовые системы, трубопроводные системы, автомобилестроение.";Болт заземления;Конденсаторная сварка крепежа CD;Нержавеющая сталь;6;;6;15;Да;1000 шт;Крепеж;Приварной крепёж;Крепеж для конденсаторной сварки CD
;12-08-010 Шпилька резьбовая нержавеющая сталь CD M 8 x 10;d285b380-c660-440c-b7c9-994cf073587e;12-08-010;shpilka_rezbovaya_nerzh_stal.png;;shpilka_rezbovaya_nerzh_stal.png;;Резьбовая шпилька;Конденсаторная сварка крепежа CD;Нержавеющая сталь;8;;8;10;Да;1000 шт;Крепеж;Приварной крепёж;Крепеж для конденсаторной сварки CD
;12-08-012 Шпилька резьбовая нержавеющая сталь CD M 8 x 12;a8e8eb5a-f307-41af-a5c8-198684bbe595;12-08-012;shpilka_rezbovaya_nerzh_stal.png;;shpilka_rezbovaya_nerzh_stal.png;;Резьбовая шпилька;Конденсаторная сварка крепежа CD;Нержавеющая сталь;8;;8;12;Да;1000 шт;Крепеж;Приварной крепёж;Крепеж для конденсаторной сварки CD
;12-08-015 Шпилька резьбовая нержавеющая сталь CD M 8 x 15;f822773b-0f15-4748-b7c3-019dc8a8030e;12-08-015;shpilka_rezbovaya_nerzh_stal.png;;shpilka_rezbovaya_nerzh_stal.png;;Резьбовая шпилька;Конденсаторная сварка крепежа CD;Нержавеющая сталь;8;;8;15;Да;1000 шт;Крепеж;Приварной крепёж;Крепеж для конденсаторной сварки CD
;12-08-016 Шпилька резьбовая нержавеющая сталь CD M 8 x 16;9ee60250-c219-4148-b3b7-7ad9eefc6fb5;12-08-016;shpilka_rezbovaya_nerzh_stal.png;;shpilka_rezbovaya_nerzh_stal.png;;Резьбовая шпилька;Конденсаторная сварка крепежа CD;Нержавеющая сталь;8;;8;16;Да;1000 шт;Крепеж;Приварной крепёж;Крепеж для конденсаторной сварки CD
;12-08-020 Шпилька резьбовая нержавеющая сталь CD M 8 x 20;73101f3f-a1df-4cc1-a285-3ac352cf3438;12-08-020;shpilka_rezbovaya_nerzh_stal.png;;shpilka_rezbovaya_nerzh_stal.png;;Резьбовая шпилька;Конденсаторная сварка крепежа CD;Нержавеющая сталь;8;;8;20;Да;1000 шт;Крепеж;Приварной крепёж;Крепеж для конденсаторной сварки CD
;12-08-025 Шпилька резьбовая нержавеющая сталь CD M 8 x 25;e2801749-4c2e-4299-89aa-13aedddef2bf;12-08-025;shpilka_rezbovaya_nerzh_stal.png;;shpilka_rezbovaya_nerzh_stal.png;;Резьбовая шпилька;Конденсаторная сварка крепежа CD;Нержавеющая сталь;8;;8;25;Да;1000 шт;Крепеж;Приварной крепёж;Крепеж для конденсаторной сварки CD
;12-08-030 Шпилька резьбовая нержавеющая сталь CD M 8 x 30;6f1ae9af-f754-4164-8962-bc0bec620c75;12-08-030;shpilka_rezbovaya_nerzh_stal.png;;shpilka_rezbovaya_nerzh_stal.png;;Резьбовая шпилька;Конденсаторная сварка крепежа CD;Нержавеющая сталь;8;;8;30;Да;1000 шт;Крепеж;Приварной крепёж;Крепеж для конденсаторной сварки CD
;12-08-035 Шпилька резьбовая нержавеющая сталь CD M 8 x 35;9d564af0-2b59-41d4-bd97-8607c6ced656;12-08-035 / 340008035;shpilka_rezbovaya_nerzh_stal.png;;shpilka_rezbovaya_nerzh_stal.png;;Резьбовая шпилька;Конденсаторная сварка крепежа CD;Нержавеющая сталь;8;;8;35;Да;1000 шт;Крепеж;Приварной крепёж;Крепеж для конденсаторной сварки CD
;12-08-040 Шпилька резьбовая нержавеющая сталь CD M 8 x 40;806c3519-9384-40fb-a0ed-67c258f4eee1;12-08-040 / 340008040;shpilka_rezbovaya_nerzh_stal.png;;shpilka_rezbovaya_nerzh_stal.png;;Резьбовая шпилька;Конденсаторная сварка крепежа CD;Нержавеющая сталь;8;;8;40;Да;1000 шт;Крепеж;Приварной крепёж;Крепеж для конденсаторной сварки CD
;12-08-045 Шпилька резьбовая нержавеющая сталь CD M 8 x 45;a6ded407-f717-496d-ae83-025951384f0a;12-08-045;shpilka_rezbovaya_nerzh_stal.png;;shpilka_rezbovaya_nerzh_stal.png;;Резьбовая шпилька;Конденсаторная сварка крепежа CD;Нержавеющая сталь;8;;8;45;Да;1000 шт;Крепеж;Приварной крепёж;Крепеж для конденсаторной сварки CD
;12-08-050 Шпилька резьбовая нержавеющая сталь CD M 8 x 50;4b7c9b5f-5350-4578-902a-5b154b44c2a9;12-08-050;shpilka_rezbovaya_nerzh_stal.png;;shpilka_rezbovaya_nerzh_stal.png;;Резьбовая шпилька;Конденсаторная сварка крепежа CD;Нержавеющая сталь;8;;8;50;Да;1000 шт;Крепеж;Приварной крепёж;Крепеж для конденсаторной сварки CD
;12-08-055 Шпилька резьбовая нержавеющая сталь CD M 8 x 55;02c5de9c-6bcc-456c-a30c-9be9c0af576a;12-08-055;shpilka_rezbovaya_nerzh_stal.png;;shpilka_rezbovaya_nerzh_stal.png;;Резьбовая шпилька;Конденсаторная сварка крепежа CD;Нержавеющая сталь;8;;8;55;Да;1000 шт;Крепеж;Приварной крепёж;Крепеж для конденсаторной сварки CD
;12-08-060 Шпилька резьбовая нержавеющая сталь CD M 8 x 60;6894d436-f811-4f3d-bfca-a4318d7d0079;12-08-060;shpilka_rezbovaya_nerzh_stal.png;;shpilka_rezbovaya_nerzh_stal.png;"Преимущества перед стандартными приварными шпильками тип CD:

Надежное электрическое и механическое соединение
Идеальное заземляющее соединение (полный контакт по всему фланцу болта заземления)
Не требуется дополнительной (второй) шайбы.
Никаких повреждений (вмятин) на  заготовке после приварки: заземляющее соединение устанавливается только на фланце шпильки, при этом на заготовку не оказывается воздействия.
 
Преимущества над шпильками тип SC (короткий цикл):

 

После приварки не происходит изменения цвета и появления следов на обратной стороне заготовки, даже на тонких металлических листа
Короткое время сварки (< 3 мс) - никаких механических повреждений на заготовке.
Необходимое напряжение 230В
 

Сферы использования: системы электрического заземления, контакты.

Электрические конструкции помещений, корпуса электрических приборов, медицинские и пищевые технологии, (коммерческие) кухни, лифтовые системы, трубопроводные системы, автомобилестроение.";Резьбовая шпилька;Конденсаторная сварка крепежа CD;Нержавеющая сталь;8;;8;60;Да;1000 шт;Крепеж;Приварной крепёж;Крепеж для конденсаторной сварки CD
;12-08-015Z Шпилька резьбовая нержавеющая сталь А2 с увеличенным фланцем CD M 8x15 Болт заземления;c9dbfa88-69da-11e2-aba5-000423dd84e7;12-08-015Z;shpilka_rezbovaya_nerzh_stal.png;Конденсаторный болт заземления с увеличенным фланцем из нержавеющей стали - это новые возможности для приварки болтов заземления к тонколистовому металлу.;shpilka_rezbovaya_nerzh_stal.png;"Преимущества перед стандартными приварными шпильками тип CD:

Надежное электрическое и механическое соединение
Идеальное заземляющее соединение (полный контакт по всему фланцу болта заземления)
Не требуется дополнительной (второй) шайбы.
Никаких повреждений (вмятин) на  заготовке после приварки: заземляющее соединение устанавливается только на фланце шпильки, при этом на заготовку не оказывается воздействия.
 
Преимущества над шпильками тип SC (короткий цикл):

 

После приварки не происходит изменения цвета и появления следов на обратной стороне заготовки, даже на тонких металлических листа
Короткое время сварки (< 3 мс) - никаких механических повреждений на заготовке.
Необходимое напряжение 230В
 

Сферы использования: системы электрического заземления, контакты.

Электрические конструкции помещений, корпуса электрических приборов, медицинские и пищевые технологии, (коммерческие) кухни, лифтовые системы, трубопроводные системы, автомобилестроение.";Болт заземления;Конденсаторная сварка крепежа CD;Нержавеющая сталь;8;;8;15;Да;1000 шт;Крепеж;Приварной крепёж;Крепеж для конденсаторной сварки CD
;12-08-020Z  Шпилька резьбовая нержавеющая сталь А2 с увеличенным фланцем CD M 8x20 Болт заземления;cf4c69d1-4cb5-11e6-879c-001e6754e0a4;12-08-020Z;shpilka_rezbovaya_nerzh_stal.png;Конденсаторный болт заземления с увеличенным фланцем из нержавеющей стали - это новые возможности для приварки болтов заземления к тонколистовому металлу.;shpilka_rezbovaya_nerzh_stal.png;"Преимущества перед стандартными приварными шпильками тип CD:

Надежное электрическое и механическое соединение
Идеальное заземляющее соединение (полный контакт по всему фланцу болта заземления)
Не требуется дополнительной (второй) шайбы.
Никаких повреждений (вмятин) на  заготовке после приварки: заземляющее соединение устанавливается только на фланце шпильки, при этом на заготовку не оказывается воздействия.
 
Преимущества над шпильками тип SC (короткий цикл):

 

После приварки не происходит изменения цвета и появления следов на обратной стороне заготовки, даже на тонких металлических листа
Короткое время сварки (< 3 мс) - никаких механических повреждений на заготовке.
Необходимое напряжение 230В
 

Сферы использования: системы электрического заземления, контакты.

Электрические конструкции помещений, корпуса электрических приборов, медицинские и пищевые технологии, (коммерческие) кухни, лифтовые системы, трубопроводные системы, автомобилестроение.";Болт заземления;Конденсаторная сварка крепежа CD;Нержавеющая сталь;8;;8;20;Да;1000 шт;Крепеж;Приварной крепёж;Крепеж для конденсаторной сварки CD
;12-10-035  Шпилька резьбовая нержавеющая сталь А2 CD М 10 х 35;daab8c36-11ef-4a65-8013-23c198997080;12-10-035;shpilka_rezbovaya_nerzh_stal.png;;shpilka_rezbovaya_nerzh_stal.png;;Резьбовая шпилька;Конденсаторная сварка крепежа CD;Нержавеющая сталь;10;;10;35;Да;1000 шт;Крепеж;Приварной крепёж;Крепеж для конденсаторной сварки CD
;12-04-060  Шпилька резьбовая нержавеющая сталь А2 CD М 4 х 60;212f0924-c663-11e5-9b6d-001e6754e0a4;12-04-060;shpilka_rezbovaya_nerzh_stal.png;;shpilka_rezbovaya_nerzh_stal.png;;Резьбовая шпилька;Конденсаторная сварка крепежа CD;Нержавеющая сталь;4;;4;60;Да;1000 шт;Крепеж;Приварной крепёж;Крепеж для конденсаторной сварки CD
;11-10-015 Шпилька резьбовая сталь омедненная CD M 10 x 15;6fdf1a9f-0b7d-4aab-a8ea-505ff7aa1c17;11-10-015;shpilka_rezbovaya_omedn_stal.png;;shpilka_rezbovaya_omedn_stal.png;;Резьбовая шпилька;Конденсаторная сварка крепежа CD;Омедненная сталь;10;;10;15;Да;1000 шт;Крепеж;Приварной крепёж;Крепеж для конденсаторной сварки CD
;11-10-016 Шпилька резьбовая сталь омедненная CD M 10 x 16;96121468-4950-11e9-86df-001e6754e0a5;11-10-016;shpilka_rezbovaya_omedn_stal.png;;shpilka_rezbovaya_omedn_stal.png;;Резьбовая шпилька;Конденсаторная сварка крепежа CD;Омедненная сталь;10;;10;16;Да;1000 шт;Крепеж;Приварной крепёж;Крепеж для конденсаторной сварки CD
;11-10-020 Шпилька резьбовая сталь омедненная CD M 10 x 20;1f82da6d-072a-4882-b530-513303171add;11-10-020;shpilka_rezbovaya_omedn_stal.png;;shpilka_rezbovaya_omedn_stal.png;;Резьбовая шпилька;Конденсаторная сварка крепежа CD;Омедненная сталь;10;;10;20;Да;1000 шт;Крепеж;Приварной крепёж;Крепеж для конденсаторной сварки CD
;11-10-025 Шпилька резьбовая сталь омедненная CD M 10 x 25;40633cd3-ad06-4973-aafe-379b00759277;11-10-025;shpilka_rezbovaya_omedn_stal.png;;shpilka_rezbovaya_omedn_stal.png;;Резьбовая шпилька;Конденсаторная сварка крепежа CD;Омедненная сталь;10;;10;25;Да;1000 шт;Крепеж;Приварной крепёж;Крепеж для конденсаторной сварки CD
;11-10-030 Шпилька резьбовая сталь омедненная CD M 10 x 30;b7273610-209f-46d4-b4ec-60f0fd0f5d95;11-10-030;shpilka_rezbovaya_omedn_stal.png;;shpilka_rezbovaya_omedn_stal.png;;Резьбовая шпилька;Конденсаторная сварка крепежа CD;Омедненная сталь;10;;10;30;Да;1000 шт;Крепеж;Приварной крепёж;Крепеж для конденсаторной сварки CD
;11-10-035 Шпилька резьбовая сталь омедненная CD M 10 x 35;6cee0a1b-d0eb-44ab-ac7c-d9ec23663c24;11-10-035;shpilka_rezbovaya_omedn_stal.png;;shpilka_rezbovaya_omedn_stal.png;;Резьбовая шпилька;Конденсаторная сварка крепежа CD;Омедненная сталь;10;;10;35;Да;1000 шт;Крепеж;Приварной крепёж;Крепеж для конденсаторной сварки CD
;11-10-040 Шпилька резьбовая сталь омедненная CD M 10 x 40;2ab55aa0-f09a-4945-9a7f-8d59dc38b534;11-10-040;shpilka_rezbovaya_omedn_stal.png;;shpilka_rezbovaya_omedn_stal.png;;Резьбовая шпилька;Конденсаторная сварка крепежа CD;Омедненная сталь;10;;10;40;Да;1000 шт;Крепеж;Приварной крепёж;Крепеж для конденсаторной сварки CD
;11-10-040L Шпилька резьбовая сталь омедненная CD M 10 x 40 с очисткой от краски при наворачивании гайки;f069a819-dc98-41ce-b9f3-ab51221d42a9;11-10-040L;shpilka_rezbovaya_omedn_stal.png;;shpilka_rezbovaya_omedn_stal.png;;Резьбовая шпилька под покраску;Конденсаторная сварка крепежа CD;Омедненная сталь;10;;10;40;Да;1000 шт;Крепеж;Приварной крепёж;Крепеж для конденсаторной сварки CD
;11-10-045 Шпилька резьбовая сталь омедненная CD M 10 x 45;95cdf91b-25e6-11e3-aa0b-001e6754e0a7;11-10-045;shpilka_rezbovaya_omedn_stal.png;;shpilka_rezbovaya_omedn_stal.png;;Резьбовая шпилька;Конденсаторная сварка крепежа CD;Омедненная сталь;10;;10;45;Да;1000 шт;Крепеж;Приварной крепёж;Крепеж для конденсаторной сварки CD
;11-10-050 Шпилька резьбовая сталь омедненная CD M 10 x 50;ee7e8636-16f1-45a4-b15a-673a8a3ae80b;11-10-050;shpilka_rezbovaya_omedn_stal.png;;shpilka_rezbovaya_omedn_stal.png;;Резьбовая шпилька;Конденсаторная сварка крепежа CD;Омедненная сталь;10;;10;50;Да;1000 шт;Крепеж;Приварной крепёж;Крепеж для конденсаторной сварки CD
;11-10-060 Шпилька резьбовая сталь омедненная CD M 10 x 60;163437fc-e505-405e-ac50-578e323953bc;11-10-060;shpilka_rezbovaya_omedn_stal.png;;shpilka_rezbovaya_omedn_stal.png;;Резьбовая шпилька;Конденсаторная сварка крепежа CD;Омедненная сталь;10;;10;60;Да;1000 шт;Крепеж;Приварной крепёж;Крепеж для конденсаторной сварки CD
;11-03-010 Шпилька резьбовая сталь омедненная CD M 3 x 10;1bf9738e-122d-4525-80c3-fc6478071ec1;11-03-010;shpilka_rezbovaya_omedn_stal.png;;shpilka_rezbovaya_omedn_stal.png;;Резьбовая шпилька;Конденсаторная сварка крепежа CD;Омедненная сталь;3;;3;10;Да;1000 шт;Крепеж;Приварной крепёж;Крепеж для конденсаторной сварки CD
;11-03-012 Шпилька резьбовая сталь омедненная CD M 3 x 12;3a52cbc0-fbbd-4ee5-9a65-2af991b9f26c;11-03-012;shpilka_rezbovaya_omedn_stal.png;;shpilka_rezbovaya_omedn_stal.png;;Резьбовая шпилька;Конденсаторная сварка крепежа CD;Омедненная сталь;3;;3;12;Да;1000 шт;Крепеж;Приварной крепёж;Крепеж для конденсаторной сварки CD
;11-03-015 Шпилька резьбовая сталь омедненная CD M 3 x 15;e545f31f-55c0-457c-b2ef-dfdfd12d7fcf;11-03-015;shpilka_rezbovaya_omedn_stal.png;;shpilka_rezbovaya_omedn_stal.png;;Резьбовая шпилька;Конденсаторная сварка крепежа CD;Омедненная сталь;3;;3;15;Да;1000 шт;Крепеж;Приварной крепёж;Крепеж для конденсаторной сварки CD
;11-03-016 Шпилька резьбовая сталь омедненная CD M 3 x 16;5395cb35-24db-4a24-826e-e1e2ec4978ac;11-03-016;shpilka_rezbovaya_omedn_stal.png;;shpilka_rezbovaya_omedn_stal.png;;Резьбовая шпилька;Конденсаторная сварка крепежа CD;Омедненная сталь;3;;3;16;Да;1000 шт;Крепеж;Приварной крепёж;Крепеж для конденсаторной сварки CD
;11-03-020 Шпилька резьбовая сталь омедненная CD M 3 x 20;baebae34-4ee1-4186-b615-c2bbf7b8ae07;11-03-020;shpilka_rezbovaya_omedn_stal.png;;shpilka_rezbovaya_omedn_stal.png;;Резьбовая шпилька;Конденсаторная сварка крепежа CD;Омедненная сталь;3;;3;20;Да;1000 шт;Крепеж;Приварной крепёж;Крепеж для конденсаторной сварки CD
;11-03-025 Шпилька резьбовая сталь омедненная CD M 3 x 25;65d902e8-88a1-496f-af7f-aded7fe03a31;11-03-025;shpilka_rezbovaya_omedn_stal.png;;shpilka_rezbovaya_omedn_stal.png;;Резьбовая шпилька;Конденсаторная сварка крепежа CD;Омедненная сталь;3;;3;25;Да;1000 шт;Крепеж;Приварной крепёж;Крепеж для конденсаторной сварки CD
;11-03-030 Шпилька резьбовая сталь омедненная CD M 3 x 30;1b42eca8-bf98-4ad0-aaf3-f57983c2c955;11-03-030;shpilka_rezbovaya_omedn_stal.png;;shpilka_rezbovaya_omedn_stal.png;;Резьбовая шпилька;Конденсаторная сварка крепежа CD;Омедненная сталь;3;;3;30;Да;1000 шт;Крепеж;Приварной крепёж;Крепеж для конденсаторной сварки CD
;11-03-035 Шпилька резьбовая сталь омедненная CD М 3 х 35;e59524a5-972a-4ec0-af76-093262a76fdc;11-03-035;shpilka_rezbovaya_omedn_stal.png;;shpilka_rezbovaya_omedn_stal.png;;Резьбовая шпилька;Конденсаторная сварка крепежа CD;Омедненная сталь;3;;3;35;Да;1000 шт;Крепеж;Приварной крепёж;Крепеж для конденсаторной сварки CD
;11-03-040 Шпилька резьбовая сталь омедненная CD М 3 х 40;b97b5ceb-be5b-11e4-9599-001e6754e0a4;11-03-040;shpilka_rezbovaya_omedn_stal.png;;shpilka_rezbovaya_omedn_stal.png;;Резьбовая шпилька;Конденсаторная сварка крепежа CD;Омедненная сталь;3;;3;40;Да;1000 шт;Крепеж;Приварной крепёж;Крепеж для конденсаторной сварки CD
;11-03-050 Шпилька резьбовая сталь омедненная CD M 3 x 50;969e7a8a-e2c3-11e6-a7f3-001e6754e0a4;11-03-050;shpilka_rezbovaya_omedn_stal.png;;shpilka_rezbovaya_omedn_stal.png;;Резьбовая шпилька;Конденсаторная сварка крепежа CD;Омедненная сталь;3;;3;50;Да;1000 шт;Крепеж;Приварной крепёж;Крепеж для конденсаторной сварки CD
;11-03-006 Шпилька резьбовая сталь омедненная CD M 3 x 6;8de6f8bc-ddce-4a94-a835-18aeccb1c532;11-03-006;shpilka_rezbovaya_omedn_stal.png;;shpilka_rezbovaya_omedn_stal.png;;Резьбовая шпилька;Конденсаторная сварка крепежа CD;Омедненная сталь;3;;3;6;Да;1000 шт;Крепеж;Приварной крепёж;Крепеж для конденсаторной сварки CD
;11-03-008 Шпилька резьбовая сталь омедненная CD M 3 x 8;72cceaaa-e72f-42dd-bfa4-10edce19c0ba;11-03-008;shpilka_rezbovaya_omedn_stal.png;;shpilka_rezbovaya_omedn_stal.png;;Резьбовая шпилька;Конденсаторная сварка крепежа CD;Омедненная сталь;3;;3;8;Да;1000 шт;Крепеж;Приварной крепёж;Крепеж для конденсаторной сварки CD
;11-04-010 Шпилька резьбовая сталь омедненная CD M 4 x 10;386ed6ab-b6ea-41b3-b92e-a6279a2e17d3;11-04-010;shpilka_rezbovaya_omedn_stal.png;;shpilka_rezbovaya_omedn_stal.png;;Резьбовая шпилька;Конденсаторная сварка крепежа CD;Омедненная сталь;4;;4;10;Да;1000 шт;Крепеж;Приварной крепёж;Крепеж для конденсаторной сварки CD
;11-04-012 Шпилька резьбовая сталь омедненная CD M 4 x 12;c9236961-85d7-4604-a4eb-c512331d29f1;11-04-012;shpilka_rezbovaya_omedn_stal.png;;shpilka_rezbovaya_omedn_stal.png;;Резьбовая шпилька;Конденсаторная сварка крепежа CD;Омедненная сталь;4;;4;12;Да;1000 шт;Крепеж;Приварной крепёж;Крепеж для конденсаторной сварки CD
;11-04-015 Шпилька резьбовая сталь омедненная CD M 4 x 15;51ba06e8-13ca-4a54-8e6f-55ba72d5ba56;11-04-015;shpilka_rezbovaya_omedn_stal.png;;shpilka_rezbovaya_omedn_stal.png;;Резьбовая шпилька;Конденсаторная сварка крепежа CD;Омедненная сталь;4;;4;15;Да;1000 шт;Крепеж;Приварной крепёж;Крепеж для конденсаторной сварки CD
;11-04-016 Шпилька резьбовая сталь омедненная CD M 4 x 16;1ca3e5f3-4557-4070-baf1-b0c36bc33bca;11-04-016;shpilka_rezbovaya_omedn_stal.png;;shpilka_rezbovaya_omedn_stal.png;;Резьбовая шпилька;Конденсаторная сварка крепежа CD;Омедненная сталь;4;;4;16;Да;1000 шт;Крепеж;Приварной крепёж;Крепеж для конденсаторной сварки CD
;11-04-020 Шпилька резьбовая сталь омедненная CD M 4 x 20;f742651a-c5de-47a7-9b66-f2bc39b57a39;11-04-020;shpilka_rezbovaya_omedn_stal.png;;shpilka_rezbovaya_omedn_stal.png;;Резьбовая шпилька;Конденсаторная сварка крепежа CD;Омедненная сталь;4;;4;20;Да;1000 шт;Крепеж;Приварной крепёж;Крепеж для конденсаторной сварки CD
;11-04-025 Шпилька резьбовая сталь омедненная CD M 4 x 25;b802f99a-47ec-4b34-9223-8c6f28e9fd4c;11-04-025;shpilka_rezbovaya_omedn_stal.png;;shpilka_rezbovaya_omedn_stal.png;;Резьбовая шпилька;Конденсаторная сварка крепежа CD;Омедненная сталь;4;;4;25;Да;1000 шт;Крепеж;Приварной крепёж;Крепеж для конденсаторной сварки CD
;11-04-030 Шпилька резьбовая сталь омедненная CD M 4 x 30;88affec9-a354-4f67-9494-8194ef6e396c;11-04-030;shpilka_rezbovaya_omedn_stal.png;;shpilka_rezbovaya_omedn_stal.png;;Резьбовая шпилька;Конденсаторная сварка крепежа CD;Омедненная сталь;4;;4;30;Да;1000 шт;Крепеж;Приварной крепёж;Крепеж для конденсаторной сварки CD
;11-04-035 Шпилька резьбовая сталь омедненная CD M 4 x 35;20631855-2235-4c88-8816-d1d47939e33c;11-04-035;shpilka_rezbovaya_omedn_stal.png;;shpilka_rezbovaya_omedn_stal.png;;Резьбовая шпилька;Конденсаторная сварка крепежа CD;Омедненная сталь;4;;4;35;Да;1000 шт;Крепеж;Приварной крепёж;Крепеж для конденсаторной сварки CD
;11-04-040 Шпилька резьбовая сталь омедненная CD M 4 x 40;77b40091-49f9-429c-8acb-1e6ec0287fb0;11-04-040;shpilka_rezbovaya_omedn_stal.png;;shpilka_rezbovaya_omedn_stal.png;;Резьбовая шпилька;Конденсаторная сварка крепежа CD;Омедненная сталь;4;;4;40;Да;1000 шт;Крепеж;Приварной крепёж;Крепеж для конденсаторной сварки CD
;11-04-045 Шпилька резьбовая сталь омедненная CD М 4 х 45;b4d24ef9-f1e9-4be5-9db3-05082c01c835;11-04-045 / 320004045;shpilka_rezbovaya_omedn_stal.png;;shpilka_rezbovaya_omedn_stal.png;;Резьбовая шпилька;Конденсаторная сварка крепежа CD;Омедненная сталь;4;;4;45;Да;1000 шт;Крепеж;Приварной крепёж;Крепеж для конденсаторной сварки CD
;11-04-050 Шпилька резьбовая сталь омедненная CD М 4 х 50;5fc03e3d-2ce1-4024-8bfa-c1330ca7d9c6;11-04-050;shpilka_rezbovaya_omedn_stal.png;;shpilka_rezbovaya_omedn_stal.png;;Резьбовая шпилька;Конденсаторная сварка крепежа CD;Омедненная сталь;4;;4;50;Да;1000 шт;Крепеж;Приварной крепёж;Крепеж для конденсаторной сварки CD
;11-04-006 Шпилька резьбовая сталь омедненная CD M 4 x 6;2b7d85bc-0b09-4221-be26-1df95f02015e;11-04-006;shpilka_rezbovaya_omedn_stal.png;;shpilka_rezbovaya_omedn_stal.png;;Резьбовая шпилька;Конденсаторная сварка крепежа CD;Омедненная сталь;4;;4;6;Да;1000 шт;Крепеж;Приварной крепёж;Крепеж для конденсаторной сварки CD
;11-04-060 Шпилька резьбовая сталь омедненная CD M 4 x 60;f740c4df-d016-4f21-835c-79e61338cba7;11-04-060;shpilka_rezbovaya_omedn_stal.png;;shpilka_rezbovaya_omedn_stal.png;;Резьбовая шпилька;Конденсаторная сварка крепежа CD;Омедненная сталь;4;;4;60;Да;1000 шт;Крепеж;Приварной крепёж;Крепеж для конденсаторной сварки CD
;11-04-065 Шпилька резьбовая сталь омедненная CD M 4 x 65;4d63db8f-70e3-11e2-aba5-000423dd84e7;11-04-065;shpilka_rezbovaya_omedn_stal.png;;shpilka_rezbovaya_omedn_stal.png;;Резьбовая шпилька;Конденсаторная сварка крепежа CD;Омедненная сталь;4;;4;65;Да;1000 шт;Крепеж;Приварной крепёж;Крепеж для конденсаторной сварки CD
;11-04-008 Шпилька резьбовая сталь омедненная CD M 4 x 8;cd279130-970c-475d-9782-f470a2b3ebb6;11-04-008;shpilka_rezbovaya_omedn_stal.png;;shpilka_rezbovaya_omedn_stal.png;;Резьбовая шпилька;Конденсаторная сварка крепежа CD;Омедненная сталь;4;;4;8;Да;1000 шт;Крепеж;Приварной крепёж;Крепеж для конденсаторной сварки CD
;11-05-010 Шпилька резьбовая сталь омедненная CD M 5 x 10;a33b3f2b-1546-4b60-9951-8cdeee67e966;11-05-010;shpilka_rezbovaya_omedn_stal.png;;shpilka_rezbovaya_omedn_stal.png;;Резьбовая шпилька;Конденсаторная сварка крепежа CD;Омедненная сталь;5;;5;10;Да;1000 шт;Крепеж;Приварной крепёж;Крепеж для конденсаторной сварки CD
;11-05-012 Шпилька резьбовая сталь омедненная CD M 5 x 12;3c0de069-1582-4beb-aae7-cab056ab70ba;11-05-012;shpilka_rezbovaya_omedn_stal.png;;shpilka_rezbovaya_omedn_stal.png;;Резьбовая шпилька;Конденсаторная сварка крепежа CD;Омедненная сталь;5;;5;12;Да;1000 шт;Крепеж;Приварной крепёж;Крепеж для конденсаторной сварки CD
;11-LN-05-012 Шпилька резьбовая сталь омедненная CD M 5 x 12 с очисткой от краски при наворачивании гайки.;e2724a0d-ceed-11e5-9b6d-001e6754e0a4;11-LN-05-012;shpilka_rezbovaya_omedn_stal.png;;shpilka_rezbovaya_omedn_stal.png;;Резьбовая шпилька под покраску;Конденсаторная сварка крепежа CD;Омедненная сталь;5;;5;12;Да;1000 шт;Крепеж;Приварной крепёж;Крепеж для конденсаторной сварки CD
;11-05-015 Шпилька резьбовая сталь омедненная CD M 5 x 15;c0423433-8155-4ef3-8d46-9b8e91a538a5;11-05-015;shpilka_rezbovaya_omedn_stal.png;;shpilka_rezbovaya_omedn_stal.png;;Резьбовая шпилька;Конденсаторная сварка крепежа CD;Омедненная сталь;5;;5;15;Да;1000 шт;Крепеж;Приварной крепёж;Крепеж для конденсаторной сварки CD
;11-05-016 Шпилька резьбовая сталь омедненная CD M 5 x 16;76602eda-ae42-4ab7-8a63-340f4ab39153;11-05-016;shpilka_rezbovaya_omedn_stal.png;;shpilka_rezbovaya_omedn_stal.png;;Резьбовая шпилька;Конденсаторная сварка крепежа CD;Омедненная сталь;5;;5;16;Да;1000 шт;Крепеж;Приварной крепёж;Крепеж для конденсаторной сварки CD
;11-05-020 Шпилька резьбовая сталь омедненная CD M 5 x 20;995bf473-585d-4995-aea4-714554128f51;11-05-020;shpilka_rezbovaya_omedn_stal.png;;shpilka_rezbovaya_omedn_stal.png;;Резьбовая шпилька;Конденсаторная сварка крепежа CD;Омедненная сталь;5;;5;20;Да;1000 шт;Крепеж;Приварной крепёж;Крепеж для конденсаторной сварки CD
;11-LN-05-020Шпилька резьбовая сталь омедненная CD M 5 x 20 с очисткой от краски при наворачивании гайки.;ef05b838-97ba-11e3-aa0b-001e6754e0a7;11-LN-05-020;shpilka_rezbovaya_omedn_stal.png;;shpilka_rezbovaya_omedn_stal.png;;Резьбовая шпилька под покраску;Конденсаторная сварка крепежа CD;Омедненная сталь;5;;5;20;Да;1000 шт;Крепеж;Приварной крепёж;Крепеж для конденсаторной сварки CD
;11-05-025 Шпилька резьбовая сталь омедненная CD M 5 x 25;d9203a2c-e0db-41a7-9b98-bce342a5ae5a;11-05-025;shpilka_rezbovaya_omedn_stal.png;;shpilka_rezbovaya_omedn_stal.png;;Резьбовая шпилька;Конденсаторная сварка крепежа CD;Омедненная сталь;5;;5;25;Да;1000 шт;Крепеж;Приварной крепёж;Крепеж для конденсаторной сварки CD
;11-05-030 Шпилька резьбовая сталь омедненная CD M 5 x 30;0ef68d5c-ad8e-4b1a-89e9-c65cfb5c1191;11-05-030;shpilka_rezbovaya_omedn_stal.png;;shpilka_rezbovaya_omedn_stal.png;;Резьбовая шпилька;Конденсаторная сварка крепежа CD;Омедненная сталь;5;;5;30;Да;1000 шт;Крепеж;Приварной крепёж;Крепеж для конденсаторной сварки CD
;11-05-035 Шпилька резьбовая сталь омедненная CD M 5 x 35;c5c1983b-80f4-4b72-8e14-cd49f98b1875;11-05-035;shpilka_rezbovaya_omedn_stal.png;;shpilka_rezbovaya_omedn_stal.png;;Резьбовая шпилька;Конденсаторная сварка крепежа CD;Омедненная сталь;5;;5;35;Да;1000 шт;Крепеж;Приварной крепёж;Крепеж для конденсаторной сварки CD
;11-05-040 Шпилька резьбовая сталь омедненная CD M 5 x 40;5dd59fbe-3d04-4dac-a7cd-bb49ac55f4e0;11-05-040;shpilka_rezbovaya_omedn_stal.png;;shpilka_rezbovaya_omedn_stal.png;;Резьбовая шпилька;Конденсаторная сварка крепежа CD;Омедненная сталь;5;;5;40;Да;1000 шт;Крепеж;Приварной крепёж;Крепеж для конденсаторной сварки CD
;11-05-045 Шпилька резьбовая сталь омедненная CD M 5 x 45;3f6247e6-555c-430e-9d65-7fc5d154cebb;11-05-045;shpilka_rezbovaya_omedn_stal.png;;shpilka_rezbovaya_omedn_stal.png;;Резьбовая шпилька;Конденсаторная сварка крепежа CD;Омедненная сталь;5;;5;45;Да;1000 шт;Крепеж;Приварной крепёж;Крепеж для конденсаторной сварки CD
;11-05-050 Шпилька резьбовая сталь омедненная CD M 5 x 50;3fd9f18f-0292-4279-b106-b7b851bfa6fd;11-05-050;shpilka_rezbovaya_omedn_stal.png;;shpilka_rezbovaya_omedn_stal.png;;Резьбовая шпилька;Конденсаторная сварка крепежа CD;Омедненная сталь;5;;5;50;Да;1000 шт;Крепеж;Приварной крепёж;Крепеж для конденсаторной сварки CD
;11-05-055 Шпилька резьбовая сталь омедненная CD M 5 x 55;322f9ac8-9dd9-11e7-b6b4-001e6754e0a4;11-05-055;shpilka_rezbovaya_omedn_stal.png;;shpilka_rezbovaya_omedn_stal.png;;Резьбовая шпилька;Конденсаторная сварка крепежа CD;Омедненная сталь;5;;5;55;Да;1000 шт;Крепеж;Приварной крепёж;Крепеж для конденсаторной сварки CD
;11-05-006 Шпилька резьбовая сталь омедненная CD M 5 x 6;0fa15684-1851-11e7-b603-001e6754e0a4;11-05-006;shpilka_rezbovaya_omedn_stal.png;;shpilka_rezbovaya_omedn_stal.png;;Резьбовая шпилька;Конденсаторная сварка крепежа CD;Омедненная сталь;5;;5;6;Да;1000 шт;Крепеж;Приварной крепёж;Крепеж для конденсаторной сварки CD
;11-05-060 Шпилька резьбовая сталь омедненная CD M 5 x 60;0af346f0-3d18-4700-9e9a-7003730e5076;11-05-060;shpilka_rezbovaya_omedn_stal.png;;shpilka_rezbovaya_omedn_stal.png;;Резьбовая шпилька;Конденсаторная сварка крепежа CD;Омедненная сталь;5;;5;60;Да;1000 шт;Крепеж;Приварной крепёж;Крепеж для конденсаторной сварки CD
;11-05-008 Шпилька резьбовая сталь омедненная CD M 5 x 8;f42b0e3f-39fc-4dc3-af99-4e480b793a82;11-05-008;shpilka_rezbovaya_omedn_stal.png;;shpilka_rezbovaya_omedn_stal.png;;Резьбовая шпилька;Конденсаторная сварка крепежа CD;Омедненная сталь;5;;5;8;Да;1000 шт;Крепеж;Приварной крепёж;Крепеж для конденсаторной сварки CD
;11-05-080 Шпилька резьбовая сталь омедненная CD M 5 x 80;d73b3c33-32d8-11e2-beba-000423dd84e7;11-05-080;shpilka_rezbovaya_omedn_stal.png;;shpilka_rezbovaya_omedn_stal.png;;Резьбовая шпилька;Конденсаторная сварка крепежа CD;Омедненная сталь;5;;5;80;Да;1000 шт;Крепеж;Приварной крепёж;Крепеж для конденсаторной сварки CD
;11-LN-06-008 Шпилька резьбовая сталь омедненная CD M 6 x 08 с очисткой от краски при наворачивании гайки.;56b8550b-77a8-11e9-8204-001e6754e0a5;11-LN-06-008;shpilka_rezbovaya_omedn_stal.png;;shpilka_rezbovaya_omedn_stal.png;;Резьбовая шпилька под покраску;Конденсаторная сварка крепежа CD;Омедненная сталь;6;;6;8;Да;1000 шт;Крепеж;Приварной крепёж;Крепеж для конденсаторной сварки CD
;11-06-010 Шпилька резьбовая сталь омедненная CD M 6 x 10;1c142b77-ace8-4c26-b04a-f86db82f7b3a;11-06-010;shpilka_rezbovaya_omedn_stal.png;;shpilka_rezbovaya_omedn_stal.png;;Резьбовая шпилька;Конденсаторная сварка крепежа CD;Омедненная сталь;6;;6;10;Да;1000 шт;Крепеж;Приварной крепёж;Крепеж для конденсаторной сварки CD
;11-06-012 Шпилька резьбовая сталь омедненная CD M 6 x 12;02f4d770-4a85-48f3-900d-6154cf49a473;11-06-012;shpilka_rezbovaya_omedn_stal.png;;shpilka_rezbovaya_omedn_stal.png;;Резьбовая шпилька;Конденсаторная сварка крепежа CD;Омедненная сталь;6;;6;12;Да;1000 шт;Крепеж;Приварной крепёж;Крепеж для конденсаторной сварки CD
;11-LN-06-012 Шпилька резьбовая сталь омедненная CD M 6 x 12 с очисткой от краски при наворачивании гайки.;d83bf2b5-29b2-11e7-9174-001e6754e0a4;11-LN-06-012 / 320406020;shpilka_rezbovaya_omedn_stal.png;;shpilka_rezbovaya_omedn_stal.png;;Резьбовая шпилька под покраску;Конденсаторная сварка крепежа CD;Омедненная сталь;6;;6;12;Да;1000 шт;Крепеж;Приварной крепёж;Крепеж для конденсаторной сварки CD
;11-06-015 Шпилька резьбовая сталь омедненная CD M 6 x 15;24234dca-884b-4074-8f41-78a4703dde7b;11-06-015;shpilka_rezbovaya_omedn_stal.png;;shpilka_rezbovaya_omedn_stal.png;;Резьбовая шпилька;Конденсаторная сварка крепежа CD;Омедненная сталь;6;;6;15;Да;1000 шт;Крепеж;Приварной крепёж;Крепеж для конденсаторной сварки CD
;11-LN-06-015 Шпилька резьбовая сталь омедненная CD M 6 x 15 с очисткой от краски при наворачивании гайки.;86b81f1e-608f-439c-a5b6-db1bc0fc92fc;11-LN-06-015;shpilka_rezbovaya_omedn_stal.png;;shpilka_rezbovaya_omedn_stal.png;;Резьбовая шпилька под покраску;Конденсаторная сварка крепежа CD;Омедненная сталь;6;;6;15;Да;1000 шт;Крепеж;Приварной крепёж;Крепеж для конденсаторной сварки CD
;11-06-016Шпилька резьбовая сталь омедненная CD M 6 x 16;be4eec11-f6dc-4d9a-9f9c-d4e166df48a2;11-06-016;shpilka_rezbovaya_omedn_stal.png;;shpilka_rezbovaya_omedn_stal.png;;Резьбовая шпилька;Конденсаторная сварка крепежа CD;Омедненная сталь;6;;6;16;Да;1000 шт;Крепеж;Приварной крепёж;Крепеж для конденсаторной сварки CD
;11-06-016 Шпилька резьбовая сталь омедненная CD M 6 x 16 для автоматической подачи;2c9090e6-8331-11e3-aa0b-001e6754e0a7;11-06-016 Z;shpilka_rezbovaya_omedn_stal.png;;shpilka_rezbovaya_omedn_stal.png;;Резьбовая шпилька;Конденсаторная сварка крепежа CD;Омедненная сталь;6;;6;16;Да;1000 шт;Крепеж;Приварной крепёж;Крепеж для конденсаторной сварки CD
;11-LN-06-016 Шпилька резьбовая сталь омедненная CD M 6 x 16 с очисткой от краски при наворачивании гайки.;b9065243-77a7-11e9-8204-001e6754e0a5;11-LN-06-016 / 4029864;shpilka_rezbovaya_omedn_stal.png;;shpilka_rezbovaya_omedn_stal.png;;Резьбовая шпилька под покраску;Конденсаторная сварка крепежа CD;Омедненная сталь;6;;6;16;Да;1000 шт;Крепеж;Приварной крепёж;Крепеж для конденсаторной сварки CD
;11-06-016-FL 11.5 Шпилька резьбовая сталь омедненная CD M 6 x 16 с увеличенным фланцем 11,5 мм болт заземления;84f41de2-1b2f-11e5-a12f-001e6754e0a4;11-06-016-FL 11.5;shpilka_rezbovaya_omedn_stal.png;Конденсаторный болт заземления с увеличенным фланцем из нержавеющей стали - это новые возможности для приварки болтов заземления к тонколистовому металлу.;shpilka_rezbovaya_omedn_stal.png;"Преимущества перед стандартными приварными шпильками тип CD:

Надежное электрическое и механическое соединение
Идеальное заземляющее соединение (полный контакт по всему фланцу болта заземления)
Не требуется дополнительной (второй) шайбы.
Никаких повреждений (вмятин) на  заготовке после приварки: заземляющее соединение устанавливается только на фланце шпильки, при этом на заготовку не оказывается воздействия.
 
Преимущества над шпильками тип SC (короткий цикл):

 

После приварки не происходит изменения цвета и появления следов на обратной стороне заготовки, даже на тонких металлических листа
Короткое время сварки (< 3 мс) - никаких механических повреждений на заготовке.
Необходимое напряжение 230В
 

Сферы использования: системы электрического заземления, контакты.

Электрические конструкции помещений, корпуса электрических приборов, медицинские и пищевые технологии, (коммерческие) кухни, лифтовые системы, трубопроводные системы, автомобилестроение.";Болт заземления;Конденсаторная сварка крепежа CD;Омедненная сталь;6;;6;16;Да;1000 шт;Крепеж;Приварной крепёж;Крепеж для конденсаторной сварки CD
;11-06-020 Шпилька резьбовая сталь омедненная CD M 6 x 20;debd62f8-5a50-4ca7-a189-a2f504b7bac5;11-06-020;shpilka_rezbovaya_omedn_stal.png;;shpilka_rezbovaya_omedn_stal.png;;Резьбовая шпилька;Конденсаторная сварка крепежа CD;Омедненная сталь;6;;6;20;Да;1000 шт;Крепеж;Приварной крепёж;Крепеж для конденсаторной сварки CD
;11-LN-06-020 Шпилька резьбовая сталь омедненная CD M 6 x 20 с очисткой от краски при наворачивании гайки.;11-LN-06-020 / 320406020;11-LN-06-020;shpilka_rezbovaya_omedn_stal.png;;shpilka_rezbovaya_omedn_stal.png;;Резьбовая шпилька под покраску;Конденсаторная сварка крепежа CD;Омедненная сталь;6;;6;20;Да;1000 шт;Крепеж;Приварной крепёж;Крепеж для конденсаторной сварки CD
;11-06-025 Шпилька резьбовая сталь омедненная CD M 6 x 25;1cd90a07-66f5-4516-a97d-15f5d740c3e5;11-06-025;shpilka_rezbovaya_omedn_stal.png;;shpilka_rezbovaya_omedn_stal.png;;Резьбовая шпилька;Конденсаторная сварка крепежа CD;Омедненная сталь;6;;6;25;Да;1000 шт;Крепеж;Приварной крепёж;Крепеж для конденсаторной сварки CD
;11-LN-06-025 Шпилька резьбовая сталь омедненная CD M 6 x 25 с очисткой от краски при наворачивании гайки.;f91002b4-e66c-4204-9f18-cde9ad1e9f44;11-LN-06-025;shpilka_rezbovaya_omedn_stal.png;;shpilka_rezbovaya_omedn_stal.png;;Резьбовая шпилька под покраску;Конденсаторная сварка крепежа CD;Омедненная сталь;6;;6;25;Да;1000 шт;Крепеж;Приварной крепёж;Крепеж для конденсаторной сварки CD
;11-06-030 Шпилька резьбовая сталь омедненная CD M 6 x 30;ee667ad8-7d4c-4113-878b-d6d6dd7120dd;11-06-030;shpilka_rezbovaya_omedn_stal.png;;shpilka_rezbovaya_omedn_stal.png;;Резьбовая шпилька;Конденсаторная сварка крепежа CD;Омедненная сталь;6;;6;30;Да;1000 шт;Крепеж;Приварной крепёж;Крепеж для конденсаторной сварки CD
;11-06-035 Шпилька резьбовая сталь омедненная CD M 6 x 35;ac752f6c-13f5-4096-916d-721c17da85a9;11-06-035;shpilka_rezbovaya_omedn_stal.png;;shpilka_rezbovaya_omedn_stal.png;;Резьбовая шпилька;Конденсаторная сварка крепежа CD;Омедненная сталь;6;;6;35;Да;1000 шт;Крепеж;Приварной крепёж;Крепеж для конденсаторной сварки CD
;11-06-035L Шпилька резьбовая сталь омедненная CD M 6 x 35 с очисткой от краски при наворачивании гайки. ;759e70db-a571-4b6d-ba83-f83d1f3c2d54;11-06-035L;shpilka_rezbovaya_omedn_stal.png;;shpilka_rezbovaya_omedn_stal.png;;Резьбовая шпилька под покраску;Конденсаторная сварка крепежа CD;Омедненная сталь;6;;6;35;Да;1000 шт;Крепеж;Приварной крепёж;Крепеж для конденсаторной сварки CD
;11-06-040 Шпилька резьбовая сталь омедненная CD M 6 x 40;c8060533-4c78-453e-aca3-24547846e6e8;11-06-040;shpilka_rezbovaya_omedn_stal.png;;shpilka_rezbovaya_omedn_stal.png;;Резьбовая шпилька;Конденсаторная сварка крепежа CD;Омедненная сталь;6;;6;40;Да;1000 шт;Крепеж;Приварной крепёж;Крепеж для конденсаторной сварки CD
;11-06-045 Шпилька резьбовая сталь омедненная CD M 6 x 45;261f3192-c6f3-4f3a-bfc2-2eb3afc6008b;11-06-045;shpilka_rezbovaya_omedn_stal.png;;shpilka_rezbovaya_omedn_stal.png;;Резьбовая шпилька;Конденсаторная сварка крепежа CD;Омедненная сталь;6;;6;45;Да;1000 шт;Крепеж;Приварной крепёж;Крепеж для конденсаторной сварки CD
;11-06-050 Шпилька резьбовая сталь омедненная CD M 6 x 50;94f73554-a59a-45f4-a4a9-0cf88bcf637b;11-06-050;shpilka_rezbovaya_omedn_stal.png;;shpilka_rezbovaya_omedn_stal.png;;Резьбовая шпилька;Конденсаторная сварка крепежа CD;Омедненная сталь;6;;6;50;Да;1000 шт;Крепеж;Приварной крепёж;Крепеж для конденсаторной сварки CD
;11-06-055 Шпилька резьбовая сталь омедненная CD M 6 x 55;01b70336-1f58-4c03-bdd7-94fc330059fa;11-06-055;shpilka_rezbovaya_omedn_stal.png;;shpilka_rezbovaya_omedn_stal.png;;Резьбовая шпилька;Конденсаторная сварка крепежа CD;Омедненная сталь;6;;6;55;Да;1000 шт;Крепеж;Приварной крепёж;Крепеж для конденсаторной сварки CD
;11-06-070 Шпилька резьбовая сталь омедненная CD M 6 х 70;6d7f2949-0a2f-4170-bfba-97428241a4fe;11-06-070;shpilka_rezbovaya_omedn_stal.png;;shpilka_rezbovaya_omedn_stal.png;;Резьбовая шпилька;Конденсаторная сварка крепежа CD;Омедненная сталь;6;;6;70;Да;1000 шт;Крепеж;Приварной крепёж;Крепеж для конденсаторной сварки CD
;11-06-008 Шпилька резьбовая сталь омедненная CD M 6 x 8;ceee84d7-5ccd-4018-a77d-664c74603d98;11-06-008;shpilka_rezbovaya_omedn_stal.png;;shpilka_rezbovaya_omedn_stal.png;;Резьбовая шпилька;Конденсаторная сварка крепежа CD;Омедненная сталь;6;;6;8;Да;1000 шт;Крепеж;Приварной крепёж;Крепеж для конденсаторной сварки CD
;11-06-080 Шпилька резьбовая сталь омедненная CD M 6 х 80;702ad99f-ef00-4594-b7e2-ad63b35116b3;11-06-080;shpilka_rezbovaya_omedn_stal.png;;shpilka_rezbovaya_omedn_stal.png;;Резьбовая шпилька;Конденсаторная сварка крепежа CD;Омедненная сталь;6;;6;80;Да;1000 шт;Крепеж;Приварной крепёж;Крепеж для конденсаторной сварки CD
;11-08-010 Шпилька резьбовая сталь омедненная CD M 8 x 10;1b40ae20-6f6e-4cc3-99d7-61e9cb67fbb3;11-08-010;shpilka_rezbovaya_omedn_stal.png;;shpilka_rezbovaya_omedn_stal.png;;Резьбовая шпилька;Конденсаторная сварка крепежа CD;Омедненная сталь;8;;8;10;Да;1000 шт;Крепеж;Приварной крепёж;Крепеж для конденсаторной сварки CD
;11-08-012 Шпилька резьбовая сталь омедненная CD M 8 x 12;c0459d5b-083a-475f-aeca-7bc63be33933;11-08-012;shpilka_rezbovaya_omedn_stal.png;;shpilka_rezbovaya_omedn_stal.png;;Резьбовая шпилька;Конденсаторная сварка крепежа CD;Омедненная сталь;8;;8;12;Да;1000 шт;Крепеж;Приварной крепёж;Крепеж для конденсаторной сварки CD
;11-08-015 Шпилька резьбовая сталь омедненная CD M 8 x 15;a11b233c-fdb7-4783-aaff-512a7f1d4596;11-08-015;shpilka_rezbovaya_omedn_stal.png;;shpilka_rezbovaya_omedn_stal.png;;Резьбовая шпилька;Конденсаторная сварка крепежа CD;Омедненная сталь;8;;8;15;Да;1000 шт;Крепеж;Приварной крепёж;Крепеж для конденсаторной сварки CD
;11-08-016 Шпилька резьбовая сталь омедненная CD M 8 x 16;d477b334-fd36-421e-b68d-46c3f3731fc5;11-08-016;shpilka_rezbovaya_omedn_stal.png;;shpilka_rezbovaya_omedn_stal.png;;Резьбовая шпилька;Конденсаторная сварка крепежа CD;Омедненная сталь;8;;8;16;Да;1000 шт;Крепеж;Приварной крепёж;Крепеж для конденсаторной сварки CD
;11-08-020 Шпилька резьбовая сталь омедненная CD M 8 x 20;94ffe140-5fce-4648-a521-3e4f3d52edf2;11-08-020;shpilka_rezbovaya_omedn_stal.png;;shpilka_rezbovaya_omedn_stal.png;;Резьбовая шпилька;Конденсаторная сварка крепежа CD;Омедненная сталь;8;;8;20;Да;1000 шт;Крепеж;Приварной крепёж;Крепеж для конденсаторной сварки CD
;11-08-025 Шпилька резьбовая сталь омедненная CD M 8 x 25;644aaa31-9006-487e-a70a-65473d8c4fec;11-08-025;shpilka_rezbovaya_omedn_stal.png;;shpilka_rezbovaya_omedn_stal.png;;Резьбовая шпилька;Конденсаторная сварка крепежа CD;Омедненная сталь;8;;8;25;Да;1000 шт;Крепеж;Приварной крепёж;Крепеж для конденсаторной сварки CD
;11-08-030 Шпилька резьбовая сталь омедненная CD M 8 x 30;b42187c0-286b-4a53-ad46-c341b6011956;11-08-030;shpilka_rezbovaya_omedn_stal.png;;shpilka_rezbovaya_omedn_stal.png;;Резьбовая шпилька;Конденсаторная сварка крепежа CD;Омедненная сталь;8;;8;30;Да;1000 шт;Крепеж;Приварной крепёж;Крепеж для конденсаторной сварки CD
;11-LN-08-030 Шпилька резьбовая сталь омедненная CD M 8 x 30 с очисткой от краски при наворачивании гайки;2acc472e-97bd-11e7-b6b4-001e6754e0a4;11-LN-08-030;shpilka_rezbovaya_omedn_stal.png;;shpilka_rezbovaya_omedn_stal.png;;Резьбовая шпилька под покраску;Конденсаторная сварка крепежа CD;Омедненная сталь;8;;8;30;Да;1000 шт;Крепеж;Приварной крепёж;Крепеж для конденсаторной сварки CD
;11-08-035 Шпилька резьбовая сталь омедненная CD M 8 x 35;559c0a3a-1030-4fa2-a026-9753fcf396ae;11-08-035;shpilka_rezbovaya_omedn_stal.png;;shpilka_rezbovaya_omedn_stal.png;;Резьбовая шпилька;Конденсаторная сварка крепежа CD;Омедненная сталь;8;;8;35;Да;1000 шт;Крепеж;Приварной крепёж;Крепеж для конденсаторной сварки CD
;11-08-040 Шпилька резьбовая сталь омедненная CD M 8 x 40;6f4d9e8d-62f8-43a1-b2d4-15f657e1e2e0;11-08-040;shpilka_rezbovaya_omedn_stal.png;;shpilka_rezbovaya_omedn_stal.png;;Резьбовая шпилька;Конденсаторная сварка крепежа CD;Омедненная сталь;8;;8;40;Да;1000 шт;Крепеж;Приварной крепёж;Крепеж для конденсаторной сварки CD
;11-08-045 Шпилька резьбовая сталь омедненная CD M 8 x 45;9255f700-1537-4109-8b50-728c19451f24;11-08-045;shpilka_rezbovaya_omedn_stal.png;;shpilka_rezbovaya_omedn_stal.png;;Резьбовая шпилька;Конденсаторная сварка крепежа CD;Омедненная сталь;8;;8;45;Да;1000 шт;Крепеж;Приварной крепёж;Крепеж для конденсаторной сварки CD
;11-08-050 Шпилька резьбовая сталь омедненная CD M 8 x 50;283b97e7-db5f-4a9f-9002-5fc25bc5e686;11-08-050;shpilka_rezbovaya_omedn_stal.png;;shpilka_rezbovaya_omedn_stal.png;;Резьбовая шпилька;Конденсаторная сварка крепежа CD;Омедненная сталь;8;;8;50;Да;1000 шт;Крепеж;Приварной крепёж;Крепеж для конденсаторной сварки CD
;11-08-055 Шпилька резьбовая сталь омедненная CD M 8 x 55;c12c1ac7-2b6c-4ab8-b70c-fae3ac36585d;11-08-055;shpilka_rezbovaya_omedn_stal.png;;shpilka_rezbovaya_omedn_stal.png;;Резьбовая шпилька;Конденсаторная сварка крепежа CD;Омедненная сталь;8;;8;55;Да;1000 шт;Крепеж;Приварной крепёж;Крепеж для конденсаторной сварки CD
;11-08-060 Шпилька резьбовая сталь омедненная CD M 8 x 60;6df62524-3afc-4ddd-9ee4-5a38f361ae61;11-08-060;shpilka_rezbovaya_omedn_stal.png;;shpilka_rezbovaya_omedn_stal.png;;Резьбовая шпилька;Конденсаторная сварка крепежа CD;Омедненная сталь;8;;8;60;Да;1000 шт;Крепеж;Приварной крепёж;Крепеж для конденсаторной сварки CD
;11-08-070 Шпилька резьбовая сталь омедненная CD M 8 x 70;50c17003-7f54-4b21-90d0-5563f42ecc55;11-08-070;shpilka_rezbovaya_omedn_stal.png;;shpilka_rezbovaya_omedn_stal.png;;Резьбовая шпилька;Конденсаторная сварка крепежа CD;Омедненная сталь;8;;8;70;Да;1000 шт;Крепеж;Приварной крепёж;Крепеж для конденсаторной сварки CD
;11-08-080 Шпилька резьбовая сталь омедненная CD M 8 x 80;7acf8bba-9c67-11e7-b6b4-001e6754e0a4;11-08-080;shpilka_rezbovaya_omedn_stal.png;;shpilka_rezbovaya_omedn_stal.png;;Резьбовая шпилька;Конденсаторная сварка крепежа CD;Омедненная сталь;8;;8;80;Да;1000 шт;Крепеж;Приварной крепёж;Крепеж для конденсаторной сварки CD
;11-04-055 Шпилька резьбовая сталь омедненная CD М 4 х 55;596a3b06-bae2-4497-9425-fa254baaa55c;11-04-055;shpilka_rezbovaya_omedn_stal.png;;shpilka_rezbovaya_omedn_stal.png;;Резьбовая шпилька;Конденсаторная сварка крепежа CD;Омедненная сталь;4;;4;55;Да;1000 шт;Крепеж;Приварной крепёж;Крепеж для конденсаторной сварки CD
;11-06-060 Шпилька резьбовая сталь омедненная CD М 6 х 60;a76ccb7f-5f48-11e0-8bb2-000423dd84e7;11-06-060;shpilka_rezbovaya_omedn_stal.png;;shpilka_rezbovaya_omedn_stal.png;;Резьбовая шпилька;Конденсаторная сварка крепежа CD;Омедненная сталь;6;;6;60;Да;1000 шт;Крепеж;Приварной крепёж;Крепеж для конденсаторной сварки CD
